384.25,0.005943840758,2,379.5,389.0
394.25,0.007801876481,3,388.5,400.0
406.25,0.009635625299,4,399.5,413.0
419.25,0.011493442472,5,412.5,426.0
433.75,0.01537674071,6,425.5,442.0
450.75,0.017240156746,7,441.5,460.0
471.75,0.019098510361,8,459.5,484.0
496.25,0.021013790385,9,483.5,509.0
523.25,0.022872108237,10,508.5,538.0
554.75,0.024782993412,11,537.5,572.0
590.75,0.028677692032,12,571.5,610.0
632.75,0.030540857728,13,609.5,656.0
685.25,0.032404909547,14,655.5,715.0
750.25,0.034263775762,15,714.5,786.0
833.0,0.038136690871,16,785.5,880.5
384.25,0.045940059439,18,379.5,389.0
394.25,0.047804290072,19,388.5,400.0
406.25,0.049671008205,20,399.5,413.0
419.25,0.051529806868,21,412.5,426.0
433.75,0.055424577014,22,425.5,442.0
450.75,0.057288076496,23,441.5,460.0
471.75,0.059147057947,24,459.5,484.0
496.25,0.061062508837,25,483.5,509.0
523.25,0.062920524693,26,508.5,538.0
554.75,0.064830925083,27,537.5,572.0
590.75,0.068724574661,28,571.5,610.0
632.75,0.070588924503,29,609.5,656.0
685.25,0.072452658431,30,655.5,715.0
750.25,0.074310606734,31,714.5,786.0
833.0,0.078184940434,32,785.5,880.5
384.25,0.085988773918,34,379.5,389.0
394.25,0.087848124917,35,388.5,400.0
406.25,0.089763790385,36,399.5,413.0
419.25,0.091621575769,37,412.5,426.0
433.75,0.095507007853,38,425.5,442.0
450.75,0.097370527204,39,441.5,460.0
471.75,0.099229325867,40,459.5,484.0
496.25,0.101145408567,41,483.5,509.0
523.25,0.103003742313,42,508.5,538.0
554.75,0.104913808918,43,537.5,572.0
590.75,0.108822125212,44,571.5,610.0
632.75,0.110686391608,45,609.5,656.0
685.25,0.112550590452,46,655.5,715.0
750.25,0.114408558623,47,714.5,786.0
833.0,0.118283559895,48,785.5,880.5
384.25,0.127590876834,50,379.5,389.0
394.25,0.12945429287,51,388.5,400.0
406.25,0.131312710063,52,399.5,413.0
419.25,0.133223726368,53,412.5,426.0
433.75,0.137105458991,54,425.5,442.0
450.75,0.138968958473,55,441.5,460.0
471.75,0.140833558655,56,459.5,484.0
496.25,0.142697642263,57,483.5,509.0
523.25,0.144555840906,58,508.5,538.0
554.75,0.146481758372,59,537.5,572.0
590.75,0.150371541595,60,571.5,610.0
632.75,0.152235207971,61,609.5,656.0
685.25,0.154093557612,62,655.5,715.0
750.25,0.156003373877,63,714.5,786.0
833.0,0.159881756719,64,785.5,880.5
384.25,0.167702108637,66,379.5,389.0
394.25,0.169560656961,67,388.5,400.0
406.25,0.171477673467,68,399.5,413.0
419.25,0.173335625744,69,412.5,426.0
433.75,0.177222142633,70,425.5,442.0
450.75,0.179085542774,71,441.5,460.0
471.75,0.180944007651,72,459.5,484.0
496.25,0.182859343306,73,483.5,509.0
523.25,0.184717975076,74,508.5,538.0
554.75,0.186627775447,75,537.5,572.0
590.75,0.190518873946,76,571.5,610.0
632.75,0.19238256019,77,609.5,656.0
685.25,0.194246623929,78,655.5,715.0
750.25,0.196104774888,79,714.5,786.0
833.0,0.199979990737,80,785.5,880.5
384.25,0.20928672355,82,379.5,389.0
394.25,0.211150827026,83,388.5,400.0
406.25,0.213009474691,84,399.5,413.0
419.25,0.214918909486,85,412.5,426.0
433.75,0.218802326934,86,425.5,442.0
450.75,0.220666275438,87,441.5,460.0
471.75,0.222530323283,88,459.5,484.0
496.25,0.224398710346,89,483.5,509.0
523.25,0.2262568772,90,508.5,538.0
554.75,0.228166923936,91,537.5,572.0
590.75,0.232050508277,92,571.5,610.0
632.75,0.233914726988,93,609.5,656.0
685.25,0.235779025173,94,655.5,715.0
750.25,0.237637124475,95,714.5,786.0
833.0,0.241511740303,96,785.5,880.5
384.25,0.249315406895,98,379.5,389.0
394.25,0.251179824289,99,388.5,400.0
406.25,0.253037740803,100,399.5,413.0
419.25,0.254949826018,101,412.5,426.0
433.75,0.258849241352,102,425.5,442.0
450.75,0.260712792492,103,441.5,460.0
471.75,0.262581874943,104,459.5,484.0
496.25,0.264446057892,105,483.5,509.0
523.25,0.2663039903,106,508.5,538.0
554.75,0.26821574173,107,537.5,572.0
590.75,0.272099624093,108,571.5,610.0
632.75,0.273963175233,109,609.5,656.0
685.25,0.275821357981,110,655.5,715.0
750.25,0.277731392797,111,714.5,786.0
833.0,0.281610673682,112,785.5,880.5
384.25,0.290932657337,114,379.5,389.0
394.25,0.292797174072,115,388.5,400.0
406.25,0.29466112655,116,399.5,413.0
419.25,0.29651902717,117,412.5,426.0
433.75,0.300414325809,118,425.5,442.0
450.75,0.302277710056,119,441.5,460.0
471.75,0.304136190828,120,459.5,484.0
496.25,0.306051391379,121,483.5,509.0
523.25,0.307909673468,122,508.5,538.0
554.75,0.309820073859,123,537.5,572.0
590.75,0.313698210335,124,571.5,610.0
632.75,0.315561642265,125,609.5,656.0
685.25,0.317426826572,126,655.5,715.0
750.25,0.319285076873,127,714.5,786.0
833.0,0.323157991982,128,785.5,880.5
384.25,0.330961757914,130,379.5,389.0
394.25,0.332826326307,131,388.5,400.0
406.25,0.334689392662,132,399.5,413.0
419.25,0.336547607199,133,412.5,426.0
433.75,0.340430492179,134,425.5,442.0
450.75,0.342294476446,135,441.5,460.0
471.75,0.34415274264,136,459.5,484.0
496.25,0.346068908787,137,483.5,509.0
523.25,0.347927341874,138,508.5,538.0
554.75,0.349837789949,139,537.5,572.0
590.75,0.353730525589,140,571.5,610.0
632.75,0.355593591944,141,609.5,656.0
685.25,0.357451643562,142,655.5,715.0
750.25,0.359363140678,143,714.5,786.0
833.0,0.363239826775,144,785.5,880.5
384.25,0.37104400994,146,379.5,389.0
394.25,0.372908057785,147,388.5,400.0
406.25,0.374766308085,148,399.5,413.0
419.25,0.376692277209,149,412.5,426.0
433.75,0.380578424549,150,425.5,442.0
450.75,0.382443060493,151,441.5,460.0
471.75,0.384306424872,152,459.5,484.0
496.25,0.386170492586,153,483.5,509.0
523.25,0.388034675535,154,508.5,538.0
554.75,0.389893490092,155,537.5,572.0
590.75,0.393777710215,156,571.5,610.0
632.75,0.395641309039,157,609.5,656.0
685.25,0.397499642785,158,655.5,715.0
750.25,0.399409673627,159,714.5,786.0
833.0,0.403288759804,160,785.5,880.5
384.25,0.411116407331,162,379.5,389.0
394.25,0.412980924066,163,388.5,400.0
406.25,0.414839142577,164,399.5,413.0
419.25,0.416749658203,165,412.5,426.0
433.75,0.420643490569,166,425.5,442.0
450.75,0.42250760994,167,441.5,460.0
471.75,0.424371391551,168,459.5,484.0
496.25,0.426235959943,169,483.5,509.0
523.25,0.428094023482,170,508.5,538.0
554.75,0.430004340426,171,537.5,572.0
590.75,0.433893026924,172,571.5,610.0
632.75,0.435756427066,173,609.5,656.0
685.25,0.437620474911,174,655.5,715.0
750.25,0.439478824552,175,714.5,786.0
833.0,0.443352907912,176,785.5,880.5
384.25,0.452659692383,178,379.5,389.0
394.25,0.45452320776,179,388.5,400.0
406.25,0.456387573497,180,399.5,413.0
419.25,0.45824574035,181,412.5,426.0
433.75,0.462126058356,182,425.5,442.0
450.75,0.463989323394,183,441.5,460.0
471.75,0.465853442764,184,459.5,484.0
496.25,0.467718027051,185,483.5,509.0
523.25,0.469576408482,186,508.5,538.0
554.75,0.471485692279,187,537.5,572.0
590.75,0.475374275462,188,571.5,610.0
632.75,0.477238124625,189,609.5,656.0
685.25,0.479101926104,190,655.5,715.0
750.25,0.480960176404,191,714.5,786.0
833.0,0.484834708786,192,785.5,880.5
384.25,0.492639241632,194,379.5,389.0
394.25,0.494497575378,195,388.5,400.0
406.25,0.496413940207,196,399.5,413.0
419.25,0.498272591845,197,412.5,426.0
433.75,0.502157006677,198,425.5,442.0
450.75,0.504020677026,199,441.5,460.0
471.75,0.505884708977,200,459.5,484.0
496.25,0.507748792585,201,483.5,509.0
523.25,0.509607742246,202,508.5,538.0
554.75,0.511533508714,203,537.5,572.0
590.75,0.515422592576,204,571.5,610.0
632.75,0.51728666029,205,609.5,656.0
685.25,0.519152659194,206,655.5,715.0
750.25,0.521010690943,207,714.5,786.0
833.0,0.524883610026,208,785.5,880.5
384.25,0.534189941502,210,379.5,389.0
394.25,0.536054259555,211,388.5,400.0
406.25,0.53791805706,212,399.5,413.0
419.25,0.539776474253,213,412.5,426.0
433.75,0.543655608114,214,425.5,442.0
450.75,0.545519457277,215,441.5,460.0
471.75,0.547377290344,216,459.5,484.0
496.25,0.549293142573,217,483.5,509.0
523.25,0.551151293532,218,508.5,538.0
554.75,0.553061141586,219,537.5,572.0
590.75,0.556954509036,220,571.5,610.0
632.75,0.558818091965,221,609.5,656.0
685.25,0.560676374054,222,655.5,715.0
750.25,0.56258615853,223,714.5,786.0
833.0,0.566464958604,224,785.5,880.5
384.25,0.574268958982,226,379.5,389.0
394.25,0.576133026695,227,388.5,400.0
406.25,0.577991992251,228,399.5,413.0
419.25,0.579901776727,229,412.5,426.0
433.75,0.583802841123,230,425.5,442.0
450.75,0.585665907478,231,441.5,460.0
471.75,0.587530543423,232,459.5,484.0
496.25,0.589393593884,233,483.5,509.0
523.25,0.591251792526,234,508.5,538.0
554.75,0.593162208811,235,537.5,572.0
590.75,0.597052858289,236,571.5,610.0
632.75,0.598916393534,237,609.5,656.0
685.25,0.600780457274,238,655.5,715.0
750.25,0.602638624128,239,714.5,786.0
833.0,0.60651372474,240,785.5,880.5
384.25,0.615853859997,242,379.5,389.0
394.25,0.61771805884,243,388.5,400.0
406.25,0.619576392587,244,399.5,413.0
419.25,0.621487392998,245,412.5,426.0
433.75,0.625368458049,246,425.5,442.0
450.75,0.627231941636,247,441.5,460.0
471.75,0.629096525923,248,459.5,484.0
496.25,0.630960641321,249,483.5,509.0
523.25,0.632818959173,250,508.5,538.0
554.75,0.634729756927,251,537.5,572.0
590.75,0.638617557303,252,571.5,610.0
632.75,0.640481958803,253,609.5,656.0
685.25,0.642346058305,254,655.5,715.0
750.25,0.644204090055,255,714.5,786.0
833.0,0.648078507201,256,785.5,880.5
384.25,0.655899308141,258,379.5,389.0
394.25,0.657757542547,259,388.5,400.0
406.25,0.659675091521,260,399.5,413.0
419.25,0.661533107376,261,412.5,426.0
433.75,0.665417359289,262,425.5,442.0
450.75,0.667280942218,263,441.5,460.0
471.75,0.6691444417,264,459.5,484.0
496.25,0.671008243179,265,483.5,509.0
523.25,0.672872740046,266,508.5,538.0
554.75,0.674730577087,267,537.5,572.0
590.75,0.678616358852,268,571.5,610.0
632.75,0.680479874229,269,609.5,656.0
685.25,0.682345157878,270,655.5,715.0
750.25,0.684202907499,271,714.5,786.0
833.0,0.688076875623,272,785.5,880.5
384.25,0.695897223568,274,379.5,389.0
394.25,0.697763127104,275,388.5,400.0
406.25,0.699621790663,276,399.5,413.0
419.25,0.701532659944,277,412.5,426.0
433.75,0.705415676053,278,425.5,442.0
450.75,0.707278873539,279,441.5,460.0
471.75,0.709137107944,280,459.5,484.0
496.25,0.711053874111,281,483.5,509.0
523.25,0.712912207858,282,508.5,538.0
554.75,0.714822258568,283,537.5,572.0
590.75,0.718714290873,284,571.5,610.0
632.75,0.720578410244,285,609.5,656.0
685.25,0.722442760086,286,655.5,715.0
750.25,0.724300609048,287,714.5,786.0
833.0,0.728174724197,288,785.5,880.5
384.25,0.735979292806,290,379.5,389.0
394.25,0.737837109979,291,388.5,400.0
406.25,0.739753192679,292,399.5,413.0
419.25,0.741611125088,293,412.5,426.0
433.75,0.745496441936,294,425.5,442.0
450.75,0.747360759989,295,441.5,460.0
471.75,0.749225292619,296,459.5,484.0
496.25,0.751089408016,297,483.5,509.0
523.25,0.752948242442,298,508.5,538.0
554.75,0.754859441535,299,537.5,572.0
590.75,0.75874724191,300,571.5,610.0
632.75,0.760610340055,301,609.5,656.0
685.25,0.76247532568,302,655.5,715.0
750.25,0.764333158747,303,714.5,786.0
833.0,0.768206626193,304,785.5,880.5
384.25,0.777512309964,306,379.5,389.0
394.25,0.779382576561,307,388.5,400.0
406.25,0.781241057332,308,399.5,413.0
419.25,0.78316344223,309,412.5,426.0
433.75,0.787044674174,310,425.5,442.0
450.75,0.788908241208,311,441.5,460.0
471.75,0.790766491508,312,459.5,484.0
496.25,0.792682490762,313,483.5,509.0
523.25,0.79453994236,314,508.5,538.0
554.75,0.796450640774,315,537.5,572.0
590.75,0.800344457245,316,571.5,610.0
632.75,0.802208075937,317,609.5,656.0
685.25,0.804072290675,318,655.5,715.0
750.25,0.805930974102,319,714.5,786.0
833.0,0.809804807123,320,785.5,880.5
384.25,0.817624626573,322,379.5,389.0
394.25,0.819489393648,323,388.5,400.0
406.25,0.821347608185,324,399.5,413.0
419.25,0.823257690684,325,412.5,426.0
433.75,0.827143559869,326,425.5,442.0
450.75,0.829006975905,327,441.5,460.0
471.75,0.830871576087,328,459.5,484.0
496.25,0.832738941924,329,483.5,509.0
523.25,0.834596691545,330,508.5,538.0
554.75,0.836506992594,331,537.5,572.0
590.75,0.840392559783,332,571.5,610.0
632.75,0.842256210264,333,609.5,656.0
685.25,0.844114842033,334,655.5,715.0
750.25,0.846026458359,335,714.5,786.0
833.0,0.849902993457,336,785.5,880.5
384.25,0.859210691865,338,379.5,389.0
394.25,0.861074791368,339,388.5,400.0
406.25,0.862932691987,340,399.5,413.0
419.25,0.864844590441,341,412.5,426.0
433.75,0.868725258128,342,425.5,442.0
450.75,0.870588940398,343,441.5,460.0
471.75,0.872447274144,344,459.5,484.0
496.25,0.874362260119,345,483.5,509.0
523.25,0.876220593866,346,508.5,538.0
554.75,0.87813202343,347,537.5,572.0
590.75,0.882024357732,348,571.5,610.0
632.75,0.883887773768,349,609.5,656.0
685.25,0.88574609162,350,655.5,715.0
750.25,0.887655907885,351,714.5,786.0
833.0,0.891535156981,352,785.5,880.5
384.25,0.89935490888,354,379.5,389.0
394.25,0.901218491809,355,388.5,400.0
406.25,0.903076909002,356,399.5,413.0
419.25,0.904986876265,357,412.5,426.0
433.75,0.908873675283,358,425.5,442.0
450.75,0.910737425105,359,441.5,460.0
471.75,0.912595607853,360,459.5,484.0
496.25,0.914510776615,361,483.5,509.0
523.25,0.916369893169,362,508.5,538.0
554.75,0.918279526647,363,537.5,572.0
590.75,0.922172675546,364,571.5,610.0
632.75,0.924036290264,365,609.5,656.0
685.25,0.925900659974,366,655.5,715.0
750.25,0.927759490426,367,714.5,786.0
833.0,0.93163310887,368,785.5,880.5
384.25,0.940939956919,370,379.5,389.0
394.25,0.942826193587,371,388.5,400.0
406.25,0.944683990892,372,399.5,413.0
419.25,0.946596207237,373,412.5,426.0
433.75,0.950488243516,374,425.5,442.0
450.75,0.952352358913,375,441.5,460.0
471.75,0.954210374769,376,459.5,484.0
496.25,0.956126926359,377,483.5,509.0
523.25,0.957985693232,378,508.5,538.0
554.75,0.959895592944,379,537.5,572.0
590.75,0.963787776248,380,571.5,610.0
632.75,0.965651474412,381,609.5,656.0
685.25,0.967509792264,382,655.5,715.0
750.25,0.969420709229,383,714.5,786.0
833.0,0.973298225816,384,785.5,880.5
384.25,0.981102357324,386,379.5,389.0
394.25,0.983011907355,387,388.5,400.0
406.25,0.984927390035,388,399.5,413.0
419.25,0.986786192671,389,412.5,426.0
433.75,0.990670126692,390,425.5,442.0
450.75,0.992533725516,391,441.5,460.0
471.75,0.99439767402,392,459.5,484.0
496.25,0.996256007767,393,483.5,509.0
523.25,0.998171156661,394,508.5,538.0
554.75,1.000029557959,395,537.5,572.0
590.75,1.003934806601,396,571.5,610.0
632.75,1.005798325952,397,609.5,656.0
685.25,1.007661892986,398,655.5,715.0
750.25,1.009520226733,399,714.5,786.0
833.0,1.013396507517,400,785.5,880.5
384.25,1.021200440343,402,379.5,389.0
394.25,1.023065008736,403,388.5,400.0
406.25,1.024929593023,404,399.5,413.0
419.25,1.026787509537,405,412.5,426.0
433.75,1.030670307096,406,425.5,442.0
450.75,1.032533774789,407,441.5,460.0
471.75,1.034398593521,408,459.5,484.0
496.25,1.036256708717,409,483.5,509.0
523.25,1.038184775925,410,508.5,538.0
554.75,1.04004314146,411,537.5,572.0
590.75,1.043934192276,412,571.5,610.0
632.75,1.045798208332,413,609.5,656.0
685.25,1.047661890602,414,655.5,715.0
750.25,1.049519640223,415,714.5,786.0
833.0,1.053394609706,416,785.5,880.5
384.25,1.061198709424,418,379.5,389.0
394.25,1.063062808927,419,388.5,400.0
406.25,1.064926991876,420,399.5,413.0
419.25,1.066785476621,421,412.5,426.0
433.75,1.070667491372,422,425.5,442.0
450.75,1.072530657069,423,441.5,460.0
471.75,1.074389026578,424,459.5,484.0
496.25,1.0763055583,425,483.5,509.0
523.25,1.078163975493,426,508.5,538.0
554.75,1.080073223527,427,537.5,572.0
590.75,1.083966074403,428,571.5,610.0
632.75,1.085830559349,429,609.5,656.0
685.25,1.087693709151,430,655.5,715.0
750.25,1.089551876005,431,714.5,786.0
833.0,1.093426956749,432,785.5,880.5
384.25,1.102750692781,434,379.5,389.0
394.25,1.104614490287,435,388.5,400.0
406.25,1.106486107922,436,399.5,413.0
419.25,1.108344624456,437,412.5,426.0
433.75,1.112247341887,438,425.5,442.0
450.75,1.114110726134,439,441.5,460.0
471.75,1.115969159222,440,459.5,484.0
496.25,1.117885826047,441,483.5,509.0
523.25,1.119743742561,442,508.5,538.0
554.75,1.121654957549,443,537.5,572.0
590.75,1.12554732364,444,571.5,610.0
632.75,1.127410807228,445,609.5,656.0
685.25,1.12927575709,446,655.5,715.0
750.25,1.131133725262,447,714.5,786.0
833.0,1.135008126513,448,785.5,880.5
384.25,1.142828959243,450,379.5,389.0
394.25,1.144692840195,451,388.5,400.0
406.25,1.146550991154,452,399.5,413.0
419.25,1.148460843182,453,412.5,426.0
433.75,1.152347626305,454,425.5,442.0
450.75,1.15421129268,455,441.5,460.0
471.75,1.156069558875,456,459.5,484.0
496.25,1.157984842873,457,483.5,509.0
523.25,1.159843176619,458,508.5,538.0
554.75,1.161752790229,459,537.5,572.0
590.75,1.165646141783,460,571.5,610.0
632.75,1.167510825411,461,609.5,656.0
685.25,1.169368793583,462,655.5,715.0
750.25,1.171279575443,463,714.5,786.0
833.0,1.175156058884,464,785.5,880.5
384.25,1.184463292376,466,379.5,389.0
394.25,1.186327526983,467,388.5,400.0
406.25,1.188186190542,468,399.5,413.0
419.25,1.190096026675,469,412.5,426.0
433.75,1.193978593763,470,425.5,442.0
450.75,1.19584198993,471,441.5,460.0
471.75,1.197706073538,472,459.5,484.0
496.25,1.19956464173,473,483.5,509.0
523.25,1.201481256898,474,508.5,538.0
554.75,1.203339507198,475,537.5,572.0
590.75,1.207227875805,476,571.5,610.0
632.75,1.209091510391,477,609.5,656.0
685.25,1.210955673472,478,655.5,715.0
750.25,1.212814408557,479,714.5,786.0
833.0,1.216687959448,480,785.5,880.5
384.25,1.224491657829,482,379.5,389.0
394.25,1.226356059329,483,388.5,400.0
406.25,1.228220325724,484,399.5,413.0
419.25,1.230078607814,485,412.5,426.0
433.75,1.233960324542,486,425.5,442.0
450.75,1.235823625342,487,441.5,460.0
471.75,1.237681959089,488,459.5,484.0
496.25,1.239597743766,489,483.5,509.0
523.25,1.241455576833,490,508.5,538.0
554.75,1.243370276705,491,537.5,572.0
590.75,1.247259757932,492,571.5,610.0
632.75,1.249123257414,493,609.5,656.0
685.25,1.25098774236,494,655.5,715.0
750.25,1.252846274789,495,714.5,786.0
833.0,1.256720008469,496,785.5,880.5
384.25,1.264540006733,498,379.5,389.0
394.25,1.26640420955,499,388.5,400.0
406.25,1.268262757874,500,399.5,413.0
419.25,1.270172840373,501,412.5,426.0
433.75,1.274058673795,502,425.5,442.0
450.75,1.275922375933,503,441.5,460.0
471.75,1.27778614165,504,459.5,484.0
496.25,1.279650443808,505,483.5,509.0
523.25,1.281508793449,506,508.5,538.0
554.75,1.283418792502,507,537.5,572.0
590.75,1.28730726045,508,571.5,610.0
632.75,1.289171177165,509,609.5,656.0
685.25,1.291035240904,510,655.5,715.0
750.25,1.292893673992,511,714.5,786.0
833.0,1.296768075244,512,785.5,880.5
384.25,1.304571658389,514,379.5,389.0
394.25,1.306436242676,515,388.5,400.0
406.25,1.308294624106,516,399.5,413.0
419.25,1.310204106585,517,412.5,426.0
433.75,1.314090408897,518,425.5,442.0
450.75,1.315953673935,519,441.5,460.0
471.75,1.317812325573,520,459.5,484.0
496.25,1.319739427185,521,483.5,509.0
523.25,1.321597756958,522,508.5,538.0
554.75,1.323507791773,523,537.5,572.0
590.75,1.327389508502,524,571.5,610.0
632.75,1.329253623899,525,609.5,656.0
685.25,1.33111197354,526,655.5,715.0
750.25,1.33302287461,527,714.5,786.0
833.0,1.336899457391,528,785.5,880.5
384.25,1.346223360316,530,379.5,389.0
394.25,1.348087757842,531,388.5,400.0
406.25,1.349945658461,532,399.5,413.0
419.25,1.35185779136,533,412.5,426.0
433.75,1.355739059067,534,425.5,442.0
450.75,1.35760205787,535,441.5,460.0
471.75,1.359460375722,536,459.5,484.0
496.25,1.361378639952,537,483.5,509.0
523.25,1.363236957804,538,508.5,538.0
554.75,1.365148375448,539,537.5,572.0
590.75,1.369036958631,540,571.5,610.0
632.75,1.370900358772,541,609.5,656.0
685.25,1.372764426486,542,655.5,715.0
750.25,1.374622656918,543,714.5,786.0
833.0,1.378497773425,544,785.5,880.5
384.25,1.386318192895,546,379.5,389.0
394.25,1.388182793077,547,388.5,400.0
406.25,1.390041190402,548,399.5,413.0
419.25,1.391951459662,549,412.5,426.0
433.75,1.395836959298,550,425.5,442.0
450.75,1.397700343545,551,441.5,460.0
471.75,1.399565440432,552,459.5,484.0
496.25,1.401429623381,553,483.5,509.0
523.25,1.403287857787,554,508.5,538.0
554.75,1.405197674052,555,537.5,572.0
590.75,1.409086976465,556,571.5,610.0
632.75,1.410950475947,557,609.5,656.0
685.25,1.412815076129,558,655.5,715.0
750.25,1.414673207219,559,714.5,786.0
833.0,1.418546324984,560,785.5,880.5
384.25,1.427852123992,562,379.5,389.0
394.25,1.429710342503,563,388.5,400.0
406.25,1.431629043833,564,399.5,413.0
419.25,1.433486876901,565,412.5,426.0
433.75,1.437368609524,566,425.5,442.0
450.75,1.439233273284,567,441.5,460.0
471.75,1.441096876081,568,459.5,484.0
496.25,1.442965060488,569,483.5,509.0
523.25,1.444823390261,570,508.5,538.0
554.75,1.446732908503,571,537.5,572.0
590.75,1.45061742665,572,571.5,610.0
632.75,1.452481176472,573,609.5,656.0
685.25,1.454339057223,574,655.5,715.0
750.25,1.456251058992,575,714.5,786.0
833.0,1.460128659026,576,785.5,880.5
384.25,1.467948824183,578,379.5,389.0
394.25,1.469812991238,579,388.5,400.0
406.25,1.471671742217,580,399.5,413.0
419.25,1.473583509541,581,412.5,426.0
433.75,1.47746652565,582,425.5,442.0
450.75,1.47933007679,583,441.5,460.0
471.75,1.48119414053,584,459.5,484.0
496.25,1.483058625476,585,483.5,509.0
523.25,1.484917042669,586,508.5,538.0
554.75,1.486828492101,587,537.5,572.0
590.75,1.490715473906,588,571.5,610.0
632.75,1.492578727023,589,609.5,656.0
685.25,1.494436993217,590,655.5,715.0
750.25,1.496347409503,591,714.5,786.0
833.0,1.500226591047,592,785.5,880.5
384.25,1.509532509263,594,379.5,389.0
394.25,1.511390358226,595,388.5,400.0
406.25,1.513310374832,596,399.5,413.0
419.25,1.515168708579,597,412.5,426.0
433.75,1.519048291461,598,425.5,442.0
450.75,1.520911993599,599,441.5,460.0
471.75,1.522770375029,600,459.5,484.0
496.25,1.524685309347,601,483.5,509.0
523.25,1.526543774223,602,508.5,538.0
554.75,1.528453558699,603,537.5,572.0
590.75,1.532349874592,604,571.5,610.0
632.75,1.534213274733,605,609.5,656.0
685.25,1.536071707821,606,655.5,715.0
750.25,1.537982326762,607,714.5,786.0
833.0,1.541857840633,608,785.5,880.5
384.25,1.549661992009,610,379.5,389.0
394.25,1.551526043828,611,388.5,400.0
406.25,1.553391291714,612,399.5,413.0
419.25,1.555249891694,613,412.5,426.0
433.75,1.559130642827,614,425.5,442.0
450.75,1.560993824418,615,441.5,460.0
471.75,1.562851991272,616,459.5,484.0
496.25,1.564768642203,617,483.5,509.0
523.25,1.566627675311,618,508.5,538.0
554.75,1.56853737634,619,537.5,572.0
590.75,1.572429058965,620,571.5,610.0
632.75,1.574292939917,621,609.5,656.0
685.25,1.57615712684,622,655.5,715.0
750.25,1.578015476481,623,714.5,786.0
833.0,1.581889476395,624,785.5,880.5
384.25,1.589710356808,626,379.5,389.0
394.25,1.591574492073,627,388.5,400.0
406.25,1.593432559586,628,399.5,413.0
419.25,1.595354960378,629,412.5,426.0
433.75,1.599244874732,630,425.5,442.0
450.75,1.60110990804,631,441.5,460.0
471.75,1.602973324076,632,459.5,484.0
496.25,1.604831407483,633,483.5,509.0
523.25,1.60674672327,634,508.5,538.0
554.75,1.608604973571,635,537.5,572.0
590.75,1.612494756794,636,571.5,610.0
632.75,1.614358427143,637,609.5,656.0
685.25,1.616222860432,638,655.5,715.0
750.25,1.618081142521,639,714.5,786.0
833.0,1.621954693413,640,785.5,880.5
384.25,1.629758741474,642,379.5,389.0
394.25,1.631623190657,643,388.5,400.0
406.25,1.633487441158,644,399.5,413.0
419.25,1.635345457013,645,412.5,426.0
433.75,1.63922659359,646,425.5,442.0
450.75,1.641090009626,647,441.5,460.0
471.75,1.642954041576,648,459.5,484.0
496.25,1.644818276183,649,483.5,509.0
523.25,1.646676673508,650,508.5,538.0
554.75,1.648587423579,651,537.5,572.0
590.75,1.652475859737,652,571.5,610.0
632.75,1.654339375114,653,609.5,656.0
685.25,1.656197824097,654,655.5,715.0
750.25,1.658107326444,655,714.5,786.0
833.0,1.6619863252,656,785.5,880.5
384.25,1.669822440561,658,379.5,389.0
394.25,1.671687024848,659,388.5,400.0
406.25,1.67355172437,660,399.5,413.0
419.25,1.675409791883,661,412.5,426.0
433.75,1.679291576163,662,425.5,442.0
450.75,1.681155075645,663,441.5,460.0
471.75,1.683019556618,664,459.5,484.0
496.25,1.684883759435,665,483.5,509.0
523.25,1.686742275969,666,508.5,538.0
554.75,1.68865160745,667,537.5,572.0
590.75,1.692541191991,668,571.5,610.0
632.75,1.694404973602,669,609.5,656.0
685.25,1.696268675741,670,655.5,715.0
750.25,1.698126624044,671,714.5,786.0
833.0,1.702001009401,672,785.5,880.5
384.25,1.711308143552,674,379.5,389.0
394.25,1.713172123845,675,388.5,400.0
406.25,1.715036457793,676,399.5,413.0
419.25,1.716894207414,677,412.5,426.0
433.75,1.720773007488,678,425.5,442.0
450.75,1.722637043413,679,441.5,460.0
471.75,1.724495508289,680,459.5,484.0
496.25,1.72641385994,681,483.5,509.0
523.25,1.728271740691,682,508.5,538.0
554.75,1.730183257675,683,537.5,572.0
590.75,1.734072440879,684,571.5,610.0
632.75,1.735935960229,685,609.5,656.0
685.25,1.737800023969,686,655.5,715.0
750.25,1.73965824248,687,714.5,786.0
833.0,1.743533891455,688,785.5,880.5
384.25,1.751352991676,690,379.5,389.0
394.25,1.753217675304,691,388.5,400.0
406.25,1.755076307074,692,399.5,413.0
419.25,1.756985876973,693,412.5,426.0
433.75,1.76087175808,694,425.5,442.0
450.75,1.762735424455,695,441.5,460.0
471.75,1.764599623299,696,459.5,484.0
496.25,1.766464124139,697,483.5,509.0
523.25,1.768322457886,698,508.5,538.0
554.75,1.77023217481,699,537.5,572.0
590.75,1.774120757993,700,571.5,610.0
632.75,1.775984257476,701,609.5,656.0
685.25,1.777849390125,702,655.5,715.0
750.25,1.779707191404,703,714.5,786.0
833.0,1.783583257612,704,785.5,880.5
384.25,1.791401523368,706,379.5,389.0
394.25,1.793266326205,707,388.5,400.0
406.25,1.795130091921,708,399.5,413.0
419.25,1.796988075987,709,412.5,426.0
433.75,1.800870293395,710,425.5,442.0
450.75,1.802733590221,711,441.5,460.0
471.75,1.80459174118,712,459.5,484.0
496.25,1.806520257409,713,483.5,509.0
523.25,1.808378710365,714,508.5,538.0
554.75,1.810288490868,715,537.5,572.0
590.75,1.81418445708,716,571.5,610.0
632.75,1.816048560556,717,609.5,656.0
685.25,1.817906258519,718,655.5,715.0
750.25,1.819817608611,719,714.5,786.0
833.0,1.823697473621,720,785.5,880.5
384.25,1.83151675663,722,379.5,389.0
394.25,1.833374840037,723,388.5,400.0
406.25,1.835291673756,724,399.5,413.0
419.25,1.837150043265,725,412.5,426.0
433.75,1.84103497467,726,425.5,442.0
450.75,1.842898509916,727,441.5,460.0
471.75,1.844762426631,728,459.5,484.0
496.25,1.846626542028,729,483.5,509.0
523.25,1.848485408243,730,508.5,538.0
554.75,1.850396440442,731,537.5,572.0
590.75,1.854283891137,732,571.5,610.0
632.75,1.856147207832,733,609.5,656.0
685.25,1.858011426544,734,655.5,715.0
750.25,1.8598703921,735,714.5,786.0
833.0,1.863744324462,736,785.5,880.5
384.25,1.873051343377,738,379.5,389.0
394.25,1.874909343338,739,388.5,400.0
406.25,1.876829324182,740,399.5,413.0
419.25,1.878687626139,741,412.5,426.0
433.75,1.882566624896,742,425.5,442.0
450.75,1.884430927054,743,441.5,460.0
471.75,1.886289173381,744,459.5,484.0
496.25,1.888204624271,745,483.5,509.0
523.25,1.890063057359,746,508.5,538.0
554.75,1.891973326619,747,537.5,572.0
590.75,1.895866340415,748,571.5,610.0
632.75,1.897730193551,749,609.5,656.0
685.25,1.899594308949,750,655.5,715.0
750.25,1.901452626801,751,714.5,786.0
833.0,1.905326710161,752,785.5,880.5
384.25,1.913146775977,754,379.5,389.0
394.25,1.915010907269,755,388.5,400.0
406.25,1.916875058428,756,399.5,413.0
419.25,1.918733825302,757,412.5,426.0
433.75,1.922615208244,758,425.5,442.0
450.75,1.92447874349,759,441.5,460.0
471.75,1.926343224462,760,459.5,484.0
496.25,1.928201558208,761,483.5,509.0
523.25,1.930117207781,762,508.5,538.0
554.75,1.931974873956,763,537.5,572.0
590.75,1.935864792283,764,571.5,610.0
632.75,1.937728124873,765,609.5,656.0
685.25,1.939586259937,766,655.5,715.0
750.25,1.94149759016,767,714.5,786.0
833.0,1.945374641832,768,785.5,880.5
384.25,1.954681724326,770,379.5,389.0
394.25,1.956546443717,771,388.5,400.0
406.25,1.958404340363,772,399.5,413.0
419.25,1.960315607007,773,412.5,426.0
433.75,1.964196473376,774,425.5,442.0
450.75,1.96606004041,775,441.5,460.0
471.75,1.96791840992,776,459.5,484.0
496.25,1.969835076745,777,483.5,509.0
523.25,1.971698858356,778,508.5,538.0
554.75,1.973557124551,779,537.5,572.0
590.75,1.977445524947,780,571.5,610.0
632.75,1.979308925088,781,609.5,656.0
685.25,1.981173775609,782,655.5,715.0
750.25,1.983031723913,783,714.5,786.0
833.0,1.986906224505,784,785.5,880.5
384.25,1.99472665987,786,379.5,389.0
394.25,1.99659094216,787,388.5,400.0
406.25,1.998449260012,788,399.5,413.0
419.25,2.000358941174,789,412.5,426.0
433.75,2.004245426273,790,425.5,442.0
450.75,2.006108909861,791,441.5,460.0
471.75,2.007973406728,792,459.5,484.0
496.25,2.009831259664,793,483.5,509.0
523.25,2.011747890727,794,508.5,538.0
554.75,2.013606224473,795,537.5,572.0
590.75,2.017509426689,796,571.5,610.0
632.75,2.019373025513,797,609.5,656.0
685.25,2.021231641388,798,655.5,715.0
750.25,2.023141258971,799,714.5,786.0
833.0,2.027021724002,800,785.5,880.5
384.25,2.036343926207,802,379.5,389.0
394.25,2.038202057298,803,388.5,400.0
406.25,2.040121442095,804,399.5,413.0
419.25,2.041979525503,805,412.5,426.0
433.75,2.045860010401,806,425.5,442.0
450.75,2.047724074141,807,441.5,460.0
471.75,2.049588475641,808,459.5,484.0
496.25,2.051452956613,809,483.5,509.0
523.25,2.053311425463,810,508.5,538.0
554.75,2.055220824496,811,537.5,572.0
590.75,2.059109177208,812,571.5,610.0
632.75,2.060972942924,813,609.5,656.0
685.25,2.062837507343,814,655.5,715.0
750.25,2.064695443726,815,714.5,786.0
833.0,2.068569240983,816,785.5,880.5
384.25,2.076390657838,818,379.5,389.0
394.25,2.078254324214,819,388.5,400.0
406.25,2.080112475173,820,399.5,413.0
419.25,2.082035424328,821,412.5,426.0
433.75,2.085925807571,822,425.5,442.0
450.75,2.087789191818,823,441.5,460.0
471.75,2.089653740342,824,459.5,484.0
496.25,2.091517724609,825,483.5,509.0
523.25,2.093375490125,826,508.5,538.0
554.75,2.095287126319,827,537.5,572.0
590.75,2.099174342569,828,571.5,610.0
632.75,2.101037909603,829,609.5,656.0
685.25,2.102902092552,830,655.5,715.0
750.25,2.104760124302,831,714.5,786.0
833.0,2.108634875234,832,785.5,880.5
384.25,2.117957260227,834,379.5,389.0
394.25,2.119821292178,835,388.5,400.0
406.25,2.121686043358,836,399.5,413.0
419.25,2.123544341342,837,412.5,426.0
433.75,2.127422906971,838,425.5,442.0
450.75,2.129286390559,839,441.5,460.0
471.75,2.131150656954,840,459.5,484.0
496.25,2.133009225146,841,483.5,509.0
523.25,2.134941675282,842,508.5,538.0
554.75,2.136799993134,843,537.5,572.0
590.75,2.140689108785,844,571.5,610.0
632.75,2.142552592373,845,609.5,656.0
685.25,2.144416910426,846,655.5,715.0
750.25,2.146274926281,847,714.5,786.0
833.0,2.150149359322,848,785.5,880.5
384.25,2.157953073597,850,379.5,389.0
394.25,2.159816775735,851,388.5,400.0
406.25,2.161674926694,852,399.5,413.0
419.25,2.163584727065,853,412.5,426.0
433.75,2.167471740659,854,425.5,442.0
450.75,2.169335077222,855,441.5,460.0
471.75,2.171194460011,856,459.5,484.0
496.25,2.173111440754,857,483.5,509.0
523.25,2.174969377136,858,508.5,538.0
554.75,2.176879793421,859,537.5,572.0
590.75,2.180770840263,860,571.5,610.0
632.75,2.182634443061,861,609.5,656.0
685.25,2.184499007479,862,655.5,715.0
750.25,2.186356776969,863,714.5,786.0
833.0,2.190231893476,864,785.5,880.5
384.25,2.198052173869,866,379.5,389.0
394.25,2.199910575167,867,388.5,400.0
406.25,2.201825974401,868,399.5,413.0
419.25,2.203685043271,869,412.5,426.0
433.75,2.207569656785,870,425.5,442.0
450.75,2.20943297348,871,441.5,460.0
471.75,2.211299477037,872,459.5,484.0
496.25,2.213163524882,873,483.5,509.0
523.25,2.215021373844,874,508.5,538.0
554.75,2.216946925735,875,537.5,572.0
590.75,2.220835425472,876,571.5,610.0
632.75,2.222699024296,877,609.5,656.0
685.25,2.224563556925,878,655.5,715.0
750.25,2.226421358204,879,714.5,786.0
833.0,2.230295842902,880,785.5,880.5
384.25,2.238099624729,882,379.5,389.0
394.25,2.239963740126,883,388.5,400.0
406.25,2.241822026189,884,399.5,413.0
419.25,2.243731910006,885,412.5,426.0
433.75,2.247618391132,886,425.5,442.0
450.75,2.249481842931,887,441.5,460.0
471.75,2.251340625699,888,459.5,484.0
496.25,2.253256891187,889,483.5,509.0
523.25,2.255120474116,890,508.5,538.0
554.75,2.25697885952,891,537.5,572.0
590.75,2.260867573833,892,571.5,610.0
632.75,2.262731792545,893,609.5,656.0
685.25,2.264590209738,894,655.5,715.0
750.25,2.266499708112,895,714.5,786.0
833.0,2.2703781744,896,785.5,880.5
384.25,2.279700924969,898,379.5,389.0
394.25,2.281558992481,899,388.5,400.0
406.25,2.283478643513,900,399.5,413.0
419.25,2.28533710839,901,412.5,426.0
433.75,2.289232176558,902,425.5,442.0
450.75,2.291095473385,903,441.5,460.0
471.75,2.292953842894,904,459.5,484.0
496.25,2.294871876653,905,483.5,509.0
523.25,2.296730273978,906,508.5,538.0
554.75,2.298640126006,907,537.5,572.0
590.75,2.302532174206,908,571.5,610.0
632.75,2.304395777003,909,609.5,656.0
685.25,2.306260075188,910,655.5,715.0
750.25,2.308118424829,911,714.5,786.0
833.0,2.311992575741,912,785.5,880.5
384.25,2.319797573503,914,379.5,389.0
394.25,2.321660993512,915,388.5,400.0
406.25,2.323519474284,916,399.5,413.0
419.25,2.325446774578,917,412.5,426.0
433.75,2.329331793404,918,425.5,442.0
450.75,2.331195575015,919,441.5,460.0
471.75,2.333059757964,920,459.5,484.0
496.25,2.334925359503,921,483.5,509.0
523.25,2.336783359464,922,508.5,538.0
554.75,2.338694590346,923,537.5,572.0
590.75,2.342580809212,924,571.5,610.0
632.75,2.34444404246,925,609.5,656.0
685.25,2.346302876886,926,655.5,715.0
750.25,2.348212542152,927,714.5,786.0
833.0,2.352091326332,928,785.5,880.5
384.25,2.359911892827,930,379.5,389.0
394.25,2.361775674438,931,388.5,400.0
406.25,2.363633710162,932,399.5,413.0
419.25,2.365543407218,933,412.5,426.0
433.75,2.369430106894,934,425.5,442.0
450.75,2.371294309711,935,441.5,460.0
471.75,2.37315827411,936,459.5,484.0
496.25,2.375022576269,937,483.5,509.0
523.25,2.376881041145,938,508.5,538.0
554.75,2.378790523624,939,537.5,572.0
590.75,2.38269650739,940,571.5,610.0
632.75,2.384560090319,941,609.5,656.0
685.25,2.386424042797,942,655.5,715.0
750.25,2.388282356675,943,714.5,786.0
833.0,2.392155907567,944,785.5,880.5
384.25,2.399960074838,946,379.5,389.0
394.25,2.401824492232,947,388.5,400.0
406.25,2.403682273642,948,399.5,413.0
419.25,2.405592360115,949,412.5,426.0
433.75,2.409478308773,950,425.5,442.0
450.75,2.411341907597,951,441.5,460.0
471.75,2.413206026967,952,459.5,484.0
496.25,2.415069756921,953,483.5,509.0
523.25,2.416928126431,954,508.5,538.0
554.75,2.418838741398,955,537.5,572.0
590.75,2.422726760324,956,571.5,610.0
632.75,2.424590160465,957,609.5,656.0
685.25,2.426454291757,958,655.5,715.0
750.25,2.428312573846,959,714.5,786.0
833.0,2.432187559223,960,785.5,880.5
384.25,2.441511458174,962,379.5,389.0
394.25,2.443376074251,963,388.5,400.0
406.25,2.445240626748,964,399.5,413.0
419.25,2.44709885718,965,412.5,426.0
433.75,2.450977224127,966,425.5,442.0
450.75,2.452841343498,967,441.5,460.0
471.75,2.454700126266,968,459.5,484.0
496.25,2.456615259266,969,483.5,509.0
523.25,2.458473092333,970,508.5,538.0
554.75,2.460384390767,971,537.5,572.0
590.75,2.464275910473,972,571.5,610.0
632.75,2.466140157,973,609.5,656.0
685.25,2.46800392669,974,655.5,715.0
750.25,2.46986255846,975,714.5,786.0
833.0,2.473736109352,976,785.5,880.5
384.25,2.481556826846,978,379.5,389.0
394.25,2.483420791245,979,388.5,400.0
406.25,2.485285109297,980,399.5,413.0
419.25,2.487143443044,981,412.5,426.0
433.75,2.491025076326,982,425.5,442.0
450.75,2.492888476467,983,441.5,460.0
471.75,2.494746790346,984,459.5,484.0
496.25,2.496663592275,985,483.5,509.0
523.25,2.498521576341,986,508.5,538.0
554.75,2.50043130916,987,537.5,572.0
590.75,2.504323508358,988,571.5,610.0
632.75,2.506187210496,989,609.5,656.0
685.25,2.508045524375,990,655.5,715.0
750.25,2.509955257193,991,714.5,786.0
833.0,2.51383507452,992,785.5,880.5
384.25,2.521654758867,994,379.5,389.0
394.25,2.523519323285,995,388.5,400.0
406.25,2.525377223905,996,399.5,413.0
419.25,2.527287576612,997,412.5,426.0
433.75,2.531172992802,998,425.5,442.0
450.75,2.53303647639,999,441.5,460.0
471.75,2.534895410156,1000,459.5,484.0
496.25,2.536811576303,1001,483.5,509.0
523.25,2.538675592359,1002,508.5,538.0
554.75,2.540533524768,1003,537.5,572.0
590.75,2.544422509289,1004,571.5,610.0
632.75,2.54628615977,1005,609.5,656.0
685.25,2.548150076485,1006,655.5,715.0
750.25,2.550008291022,1007,714.5,786.0
833.0,2.553882509486,1008,785.5,880.5
384.25,2.561703624344,1010,379.5,389.0
394.25,2.563567743715,1011,388.5,400.0
406.25,2.565431906796,1012,399.5,413.0
419.25,2.567289859072,1013,412.5,426.0
433.75,2.571171524143,1014,425.5,442.0
450.75,2.573035258071,1015,441.5,460.0
471.75,2.574893909709,1016,459.5,484.0
496.25,2.576810123539,1017,483.5,509.0
523.25,2.578668457286,1018,508.5,538.0
554.75,2.580579823271,1019,537.5,572.0
590.75,2.58447210989,1020,571.5,610.0
632.75,2.586336559073,1021,609.5,656.0
685.25,2.588200606918,1022,655.5,715.0
750.25,2.590059806919,1023,714.5,786.0
833.0,2.593947607295,1024,785.5,880.5
384.25,2.603254010296,1026,379.5,389.0
394.25,2.605117760118,1027,388.5,400.0
406.25,2.606976058102,1028,399.5,413.0
419.25,2.60888651015,1029,412.5,426.0
433.75,2.612769860045,1030,425.5,442.0
450.75,2.614633574104,1031,441.5,460.0
471.75,2.616491756852,1032,459.5,484.0
496.25,2.618409325695,1033,483.5,509.0
523.25,2.620267373339,1034,508.5,538.0
554.75,2.622177439944,1035,537.5,572.0
590.75,2.62606884044,1036,571.5,610.0
632.75,2.627932792918,1037,609.5,656.0
685.25,2.629790709432,1038,655.5,715.0
750.25,2.631700609144,1039,714.5,786.0
833.0,2.635579909897,1040,785.5,880.5
384.25,2.64339980882,1042,379.5,389.0
394.25,2.645263093726,1043,388.5,400.0
406.25,2.647122106965,1044,399.5,413.0
419.25,2.649031990782,1045,412.5,426.0
433.75,2.652918340778,1046,425.5,442.0
450.75,2.654781673368,1047,441.5,460.0
471.75,2.656639709091,1048,459.5,484.0
496.25,2.658570557849,1049,483.5,509.0
523.25,2.660428875701,1050,508.5,538.0
554.75,2.662338660177,1051,537.5,572.0
590.75,2.666232925669,1052,571.5,610.0
632.75,2.668096456941,1053,609.5,656.0
685.25,2.669954874134,1054,655.5,715.0
750.25,2.671866375224,1055,714.5,786.0
833.0,2.675744460042,1056,785.5,880.5
384.25,2.683564907328,1058,379.5,389.0
394.25,2.68542300663,1059,388.5,400.0
406.25,2.687338791307,1060,399.5,413.0
419.25,2.689196942266,1061,412.5,426.0
433.75,2.693083057817,1062,425.5,442.0
450.75,2.694947407659,1063,441.5,460.0
471.75,2.696812508519,1064,459.5,484.0
496.25,2.698676826572,1065,483.5,509.0
523.25,2.700535140451,1066,508.5,538.0
554.75,2.702459857877,1067,537.5,572.0
590.75,2.70635010999,1068,571.5,610.0
632.75,2.708213708814,1069,609.5,656.0
685.25,2.71007182401,1070,655.5,715.0
750.25,2.711981389936,1071,714.5,786.0
833.0,2.715859307861,1072,785.5,880.5
384.25,2.723678960419,1074,379.5,389.0
394.25,2.725537123299,1075,388.5,400.0
406.25,2.727454926586,1076,399.5,413.0
419.25,2.729313240465,1077,412.5,426.0
433.75,2.733197559929,1078,425.5,442.0
450.75,2.735061158752,1079,441.5,460.0
471.75,2.736925993379,1080,459.5,484.0
496.25,2.738790307458,1081,483.5,509.0
523.25,2.740648557758,1082,508.5,538.0
554.75,2.742558989938,1083,537.5,572.0
590.75,2.746447640673,1084,571.5,610.0
632.75,2.748311191813,1085,609.5,656.0
685.25,2.750175108528,1086,655.5,715.0
750.25,2.75203355751,1087,714.5,786.0
833.0,2.755908073997,1088,785.5,880.5
384.25,2.76523095967,1090,379.5,389.0
394.25,2.767094939963,1091,388.5,400.0
406.25,2.768959107018,1092,399.5,413.0
419.25,2.770816959953,1093,412.5,426.0
433.75,2.774696960068,1094,425.5,442.0
450.75,2.776560626443,1095,441.5,460.0
471.75,2.778419043636,1096,459.5,484.0
496.25,2.780335543569,1097,483.5,509.0
523.25,2.782193956788,1098,508.5,538.0
554.75,2.784103924052,1099,537.5,572.0
590.75,2.787995574888,1100,571.5,610.0
632.75,2.789859642601,1101,609.5,656.0
685.25,2.79172407589,1102,655.5,715.0
750.25,2.793581992404,1103,714.5,786.0
833.0,2.797456008212,1104,785.5,880.5
384.25,2.805260525163,1106,379.5,389.0
394.25,2.807124660428,1107,388.5,400.0
406.25,2.808983157094,1108,399.5,413.0
419.25,2.810893974717,1109,412.5,426.0
433.75,2.814809626357,1110,425.5,442.0
450.75,2.816673109945,1111,441.5,460.0
471.75,2.81853762668,1112,459.5,484.0
496.25,2.820401241398,1113,483.5,509.0
523.25,2.822259877141,1114,508.5,538.0
554.75,2.824187256908,1115,537.5,572.0
590.75,2.828092660522,1116,571.5,610.0
632.75,2.829956426239,1117,609.5,656.0
685.25,2.83181477588,1118,655.5,715.0
750.25,2.833725557741,1119,714.5,786.0
833.0,2.837604926046,1120,785.5,880.5
384.25,2.846926826255,1122,379.5,389.0
394.25,2.848790810521,1123,388.5,400.0
406.25,2.850654858367,1124,399.5,413.0
419.25,2.85251327556,1125,412.5,426.0
433.75,2.856392957783,1126,425.5,442.0
450.75,2.858256576475,1127,441.5,460.0
471.75,2.860121240234,1128,459.5,484.0
496.25,2.861985673523,1129,483.5,509.0
523.25,2.86384397548,1130,508.5,538.0
554.75,2.865754840787,1131,537.5,572.0
590.75,2.869641707357,1132,571.5,610.0
632.75,2.871505206839,1133,609.5,656.0
685.25,2.873364458497,1134,655.5,715.0
750.25,2.875273940976,1135,714.5,786.0
833.0,2.879152141031,1136,785.5,880.5
384.25,2.88697357378,1138,379.5,389.0
394.25,2.88883794349,1139,388.5,400.0
406.25,2.89069597524,1140,399.5,413.0
419.25,2.892606010056,1141,412.5,426.0
433.75,2.896491426245,1142,425.5,442.0
450.75,2.898355275408,1143,441.5,460.0
471.75,2.900213557498,1144,459.5,484.0
496.25,2.902129842854,1145,483.5,509.0
523.25,2.9039881766,1146,508.5,538.0
554.75,2.905897976971,1147,537.5,572.0
590.75,2.909806392606,1148,571.5,610.0
632.75,2.911669943746,1149,609.5,656.0
685.25,2.913528356965,1150,655.5,715.0
750.25,2.915440140184,1151,714.5,786.0
833.0,2.919317724323,1152,785.5,880.5
384.25,2.927121593571,1154,379.5,389.0
394.25,2.9289851765,1155,388.5,400.0
406.25,2.930843526141,1156,399.5,413.0
419.25,2.932755241807,1157,412.5,426.0
433.75,2.936639740086,1158,425.5,442.0
450.75,2.938503140227,1159,441.5,460.0
471.75,2.940361640867,1160,459.5,484.0
496.25,2.942276893075,1161,483.5,509.0
523.25,2.944135191059,1162,508.5,538.0
554.75,2.946046509361,1163,537.5,572.0
590.75,2.949938557561,1164,571.5,610.0
632.75,2.951802243805,1165,609.5,656.0
685.25,2.953666458543,1166,655.5,715.0
750.25,2.955524692949,1167,714.5,786.0
833.0,2.959399209436,1168,785.5,880.5
384.25,2.967219791826,1170,379.5,389.0
394.25,2.969078940169,1171,388.5,400.0
406.25,2.970995626863,1172,399.5,413.0
419.25,2.972854024188,1173,412.5,426.0
433.75,2.976738291995,1174,425.5,442.0
450.75,2.978602443155,1175,441.5,460.0
471.75,2.980461126582,1176,459.5,484.0
496.25,2.982377856986,1177,483.5,509.0
523.25,2.984235793368,1178,508.5,538.0
554.75,2.986145625528,1179,537.5,572.0
590.75,2.990052757676,1180,571.5,610.0
632.75,2.991916924731,1181,609.5,656.0
685.25,2.993781091785,1182,655.5,715.0
750.25,2.99563935798,1183,714.5,786.0
833.0,2.999514426804,1184,785.5,880.5
384.25,3.008837292608,1186,379.5,389.0
394.25,3.010695626354,1187,388.5,400.0
406.25,3.012614375369,1188,399.5,413.0
419.25,3.014472792562,1189,412.5,426.0
433.75,3.018368540223,1190,425.5,442.0
450.75,3.020231960233,1191,441.5,460.0
471.75,3.022090274111,1192,459.5,484.0
496.25,3.024007425721,1193,483.5,509.0
523.25,3.025865759468,1194,508.5,538.0
554.75,3.027776040649,1195,537.5,572.0
590.75,3.031668541845,1196,571.5,610.0
632.75,3.033532323456,1197,609.5,656.0
685.25,3.035396542168,1198,655.5,715.0
750.25,3.037254510339,1199,714.5,786.0
833.0,3.041129340744,1200,785.5,880.5
384.25,3.048950157579,1202,379.5,389.0
394.25,3.050813573615,1203,388.5,400.0
406.25,3.052672710037,1204,399.5,413.0
419.25,3.054583857473,1205,412.5,426.0
433.75,3.058467441813,1206,425.5,442.0
450.75,3.060331958548,1207,441.5,460.0
471.75,3.062189990298,1208,459.5,484.0
496.25,3.064120624479,1209,483.5,509.0
523.25,3.065978858884,1210,508.5,538.0
554.75,3.067889942741,1211,537.5,572.0
590.75,3.071783508873,1212,571.5,610.0
632.75,3.073647592481,1213,609.5,656.0
685.25,3.075511676089,1214,655.5,715.0
750.25,3.077369942284,1215,714.5,786.0
833.0,3.081244025644,1216,785.5,880.5
384.25,3.089050692336,1218,379.5,389.0
394.25,3.090909141318,1219,388.5,400.0
406.25,3.092826209482,1220,399.5,413.0
419.25,3.094684157785,1221,412.5,426.0
433.75,3.098565890408,1222,425.5,442.0
450.75,3.10042985878,1223,441.5,460.0
471.75,3.102288176632,1224,459.5,484.0
496.25,3.10420444212,1225,483.5,509.0
523.25,3.10606269242,1226,508.5,538.0
554.75,3.107978874461,1227,537.5,572.0
590.75,3.111865292009,1228,571.5,610.0
632.75,3.113729776955,1229,609.5,656.0
685.25,3.115593626118,1230,655.5,715.0
750.25,3.117451808866,1231,714.5,786.0
833.0,3.121325792885,1232,785.5,880.5
384.25,3.129147007084,1234,379.5,389.0
394.25,3.131011142349,1235,388.5,400.0
406.25,3.132869607226,1236,399.5,413.0
419.25,3.134778990364,1237,412.5,426.0
433.75,3.138664859549,1238,425.5,442.0
450.75,3.14052936039,1239,441.5,460.0
471.75,3.142387423929,1240,459.5,484.0
496.25,3.144304559644,1241,483.5,509.0
523.25,3.146163227177,1242,508.5,538.0
554.75,3.148072642104,1243,537.5,572.0
590.75,3.151963692919,1244,571.5,610.0
632.75,3.153827275848,1245,609.5,656.0
685.25,3.155691558139,1246,655.5,715.0
750.25,3.157549824333,1247,714.5,786.0
833.0,3.161424507713,1248,785.5,880.5
384.25,3.169245006657,1250,379.5,389.0
394.25,3.171104441102,1251,388.5,400.0
406.25,3.173020643012,1252,399.5,413.0
419.25,3.17487835687,1253,412.5,426.0
433.75,3.178762692229,1254,425.5,442.0
450.75,3.180677006658,1255,441.5,460.0
471.75,3.182540875689,1256,459.5,484.0
496.25,3.184405356661,1257,483.5,509.0
523.25,3.186263710276,1258,508.5,538.0
554.75,3.188189858214,1259,537.5,572.0
590.75,3.192078890419,1260,571.5,610.0
632.75,3.193942457453,1261,609.5,656.0
685.25,3.195806457615,1262,655.5,715.0
750.25,3.197664990044,1263,714.5,786.0
833.0,3.201538890616,1264,785.5,880.5
384.25,3.210862173653,1266,379.5,389.0
394.25,3.212731093184,1267,388.5,400.0
406.25,3.214595657603,1268,399.5,413.0
419.25,3.216453975455,1269,412.5,426.0
433.75,3.220344493802,1270,425.5,442.0
450.75,3.222209042327,1271,441.5,460.0
471.75,3.224072740491,1272,459.5,484.0
496.25,3.225931090132,1273,483.5,509.0
523.25,3.227847776826,1274,508.5,538.0
554.75,3.22970594368,1275,537.5,572.0
590.75,3.233594042079,1276,571.5,610.0
632.75,3.23545757335,1277,609.5,656.0
685.25,3.23731569252,1278,655.5,715.0
750.25,3.239226609484,1279,714.5,786.0
833.0,3.243104006863,1280,785.5,880.5
384.25,3.250908241685,1282,379.5,389.0
394.25,3.252771673616,1283,388.5,400.0
406.25,3.254630508041,1284,399.5,413.0
419.25,3.256541242218,1285,412.5,426.0
433.75,3.260425891495,1286,425.5,442.0
450.75,3.26228942674,1287,441.5,460.0
471.75,3.264153426901,1288,459.5,484.0
496.25,3.266017824427,1289,483.5,509.0
523.25,3.267876376724,1290,508.5,538.0
554.75,3.269787226137,1291,537.5,572.0
590.75,3.273675491428,1292,571.5,610.0
632.75,3.27553876044,1293,609.5,656.0
685.25,3.277396943188,1294,655.5,715.0
750.25,3.279308241622,1295,714.5,786.0
833.0,3.283185909208,1296,785.5,880.5
384.25,3.291005275663,1298,379.5,389.0
394.25,3.292869875844,1299,388.5,400.0
406.25,3.294734126345,1300,399.5,413.0
419.25,3.296592126306,1301,412.5,426.0
433.75,3.300475225862,1302,425.5,442.0
450.75,3.302339424706,1303,441.5,460.0
471.75,3.304204008993,1304,459.5,484.0
496.25,3.306068092601,1305,483.5,509.0
523.25,3.307932374891,1306,508.5,538.0
554.75,3.309790807978,1307,537.5,572.0
590.75,3.313673057175,1308,571.5,610.0
632.75,3.31553779246,1309,609.5,656.0
685.25,3.31740194362,1310,655.5,715.0
750.25,3.319260257498,1311,714.5,786.0
833.0,3.323134193834,1312,785.5,880.5
384.25,3.330938508129,1314,379.5,389.0
394.25,3.332796074963,1315,388.5,400.0
406.25,3.334713373597,1316,399.5,413.0
419.25,3.336571675555,1317,412.5,426.0
433.75,3.340472739951,1318,425.5,442.0
450.75,3.342336076514,1319,441.5,460.0
471.75,3.344194076475,1320,459.5,484.0
496.25,3.346109090265,1321,483.5,509.0
523.25,3.347967424011,1322,508.5,538.0
554.75,3.349877943611,1323,537.5,572.0
590.75,3.353771056747,1324,571.5,610.0
632.75,3.355635656929,1325,609.5,656.0
685.25,3.357494090017,1326,655.5,715.0
750.25,3.359403524812,1327,714.5,786.0
833.0,3.363282877223,1328,785.5,880.5
384.25,3.372621673361,1330,379.5,389.0
394.25,3.374492126719,1331,388.5,400.0
406.25,3.376350774384,1332,399.5,413.0
419.25,3.378260276731,1333,412.5,426.0
433.75,3.382138357576,1334,425.5,442.0
450.75,3.384001940505,1335,441.5,460.0
471.75,3.385866524792,1336,459.5,484.0
496.25,3.387724858538,1337,483.5,509.0
523.25,3.389640257772,1338,508.5,538.0
554.75,3.391498074945,1339,537.5,572.0
590.75,3.395386173344,1340,571.5,610.0
632.75,3.397250340398,1341,609.5,656.0
685.25,3.399114825344,1342,655.5,715.0
750.25,3.400973159091,1343,714.5,786.0
833.0,3.40486280721,1344,785.5,880.5
384.25,3.412668106969,1346,379.5,389.0
394.25,3.414531709766,1347,388.5,400.0
406.25,3.41639615895,1348,399.5,413.0
419.25,3.418254643695,1349,412.5,426.0
433.75,3.422136710103,1350,425.5,442.0
450.75,3.4239998758,1351,441.5,460.0
471.75,3.425864460087,1352,459.5,484.0
496.25,3.427722873306,1353,483.5,509.0
523.25,3.429638256645,1354,508.5,538.0
554.75,3.431499876595,1355,537.5,572.0
590.75,3.435386759059,1356,571.5,610.0
632.75,3.437250341988,1357,609.5,656.0
685.25,3.439108624077,1358,655.5,715.0
750.25,3.441018642998,1359,714.5,786.0
833.0,3.444896092033,1360,785.5,880.5
384.25,3.452716924763,1362,379.5,389.0
394.25,3.454581143475,1363,388.5,400.0
406.25,3.456439524905,1364,399.5,413.0
419.25,3.458349357065,1365,412.5,426.0
433.75,3.462235293802,1366,425.5,442.0
450.75,3.464098689969,1367,441.5,460.0
471.75,3.465956960138,1368,459.5,484.0
496.25,3.467872792498,1369,483.5,509.0
523.25,3.469731209691,1370,508.5,538.0
554.75,3.471640457726,1371,537.5,572.0
590.75,3.47553359073,1372,571.5,610.0
632.75,3.477397110081,1373,609.5,656.0
685.25,3.47926129303,1374,655.5,715.0
750.25,3.481119690355,1375,714.5,786.0
833.0,3.484994091606,1376,785.5,880.5
384.25,3.492814459419,1378,379.5,389.0
394.25,3.494672876612,1379,388.5,400.0
406.25,3.496588959312,1380,399.5,413.0
419.25,3.498447026825,1381,412.5,426.0
433.75,3.502332673486,1382,425.5,442.0
450.75,3.504196725305,1383,441.5,460.0
471.75,3.506055174287,1384,459.5,484.0
496.25,3.507971626536,1385,483.5,509.0
523.25,3.509829626497,1386,508.5,538.0
554.75,3.511739458656,1387,537.5,572.0
590.75,3.515648192183,1388,571.5,610.0
632.75,3.517511775112,1389,609.5,656.0
685.25,3.519370108859,1390,655.5,715.0
750.25,3.521281141059,1391,714.5,786.0
833.0,3.52515999279,1392,785.5,880.5
384.25,3.53448272349,1394,379.5,389.0
394.25,3.536341323471,1395,388.5,400.0
406.25,3.538259675121,1396,399.5,413.0
419.25,3.540118660545,1397,412.5,426.0
433.75,3.5439978103,1398,425.5,442.0
450.75,3.545861210442,1399,441.5,460.0
471.75,3.547725524521,1400,459.5,484.0
496.25,3.549589524682,1401,483.5,509.0
523.25,3.55144817632,1402,508.5,538.0
554.75,3.553359125074,1403,537.5,572.0
590.75,3.557246623453,1404,571.5,610.0
632.75,3.55911035738,1405,609.5,656.0
685.25,3.5609742582,1406,655.5,715.0
750.25,3.562833223756,1407,714.5,786.0
833.0,3.56670744222,1408,785.5,880.5
384.25,3.574528040504,1410,379.5,389.0
394.25,3.576387391504,1411,388.5,400.0
406.25,3.578304058329,1412,399.5,413.0
419.25,3.580161792056,1413,412.5,426.0
433.75,3.5840460241,1414,425.5,442.0
450.75,3.585909642792,1415,441.5,460.0
471.75,3.58776915671,1416,459.5,484.0
496.25,3.589685326831,1417,483.5,509.0
523.25,3.591543656603,1418,508.5,538.0
554.75,3.593453425185,1419,537.5,572.0
590.75,3.597345227019,1420,571.5,610.0
632.75,3.599209692097,1421,609.5,656.0
685.25,3.601073843257,1422,655.5,715.0
750.25,3.60293166043,1423,714.5,786.0
833.0,3.606806125259,1424,785.5,880.5
384.25,3.614609640853,1426,379.5,389.0
394.25,3.616473823802,1427,388.5,400.0
406.25,3.61833790741,1428,399.5,413.0
419.25,3.620196125921,1429,412.5,426.0
433.75,3.624077993647,1430,425.5,442.0
450.75,3.625941691812,1431,441.5,460.0
471.75,3.627799926217,1432,459.5,484.0
496.25,3.629716076469,1433,483.5,509.0
523.25,3.631574442005,1434,508.5,538.0
554.75,3.633484456952,1435,537.5,572.0
590.75,3.637376989937,1436,571.5,610.0
632.75,3.639241427199,1437,609.5,656.0
685.25,3.641099407291,1438,655.5,715.0
750.25,3.643020743148,1439,714.5,786.0
833.0,3.646904474513,1440,785.5,880.5
384.25,3.654724758879,1442,379.5,389.0
394.25,3.65658254029,1443,388.5,400.0
406.25,3.658499393876,1444,399.5,413.0
419.25,3.660357556756,1445,412.5,426.0
433.75,3.664242492135,1446,425.5,442.0
450.75,3.666106226063,1447,441.5,460.0
471.75,3.667964492257,1448,459.5,484.0
496.25,3.669881174978,1449,483.5,509.0
523.25,3.671739341831,1450,508.5,538.0
554.75,3.67365617555,1451,537.5,572.0
590.75,3.677541957315,1452,571.5,610.0
632.75,3.679406124369,1453,609.5,656.0
685.25,3.681264541562,1454,655.5,715.0
750.25,3.683174123383,1455,714.5,786.0
833.0,3.687053392347,1456,785.5,880.5
384.25,3.696374907112,1458,379.5,389.0
394.25,3.698238823827,1459,388.5,400.0
406.25,3.700103090223,1460,399.5,413.0
419.25,3.701961376286,1461,412.5,426.0
433.75,3.705841590977,1462,425.5,442.0
450.75,3.707705074565,1463,441.5,460.0
471.75,3.709569090621,1464,459.5,484.0
496.25,3.711433257675,1465,483.5,509.0
523.25,3.713291607316,1466,508.5,538.0
554.75,3.715201209005,1467,537.5,572.0
590.75,3.719090408103,1468,571.5,610.0
632.75,3.720954559263,1469,609.5,656.0
685.25,3.722812841352,1470,655.5,715.0
750.25,3.724722840405,1471,714.5,786.0
833.0,3.728601306693,1472,785.5,880.5
384.25,3.736421658611,1474,379.5,389.0
394.25,3.738285758114,1475,388.5,400.0
406.25,3.740143773969,1476,399.5,413.0
419.25,3.742055108166,1477,412.5,426.0
433.75,3.745938990529,1478,425.5,442.0
450.75,3.747802307224,1479,441.5,460.0
471.75,3.749660823758,1480,459.5,484.0
496.25,3.751577490584,1481,483.5,509.0
523.25,3.753437175369,1482,508.5,538.0
554.75,3.755347158527,1483,537.5,572.0
590.75,3.759238725917,1484,571.5,610.0
632.75,3.761102408187,1485,609.5,656.0
685.25,3.76296660703,1486,655.5,715.0
750.25,3.76482532622,1487,714.5,786.0
833.0,3.768698877112,1488,785.5,880.5
384.25,3.776519574738,1490,379.5,389.0
394.25,3.778383757687,1491,388.5,400.0
406.25,3.780242075539,1492,399.5,413.0
419.25,3.78215295674,1493,412.5,426.0
433.75,3.786038825925,1494,425.5,442.0
450.75,3.787903024769,1495,441.5,460.0
471.75,3.789761008835,1496,459.5,484.0
496.25,3.791676193492,1497,483.5,509.0
523.25,3.793534276899,1498,508.5,538.0
554.75,3.795453407383,1499,537.5,572.0
590.75,3.799336924171,1500,571.5,610.0
632.75,3.801201341565,1501,609.5,656.0
685.25,3.803065174834,1502,655.5,715.0
750.25,3.804923325793,1503,714.5,786.0
833.0,3.808797075367,1504,785.5,880.5
384.25,3.816617490864,1506,379.5,389.0
394.25,3.818481208897,1507,388.5,400.0
406.25,3.820339610195,1508,399.5,413.0
419.25,3.822249160226,1509,412.5,426.0
433.75,3.826136742051,1510,425.5,442.0
450.75,3.82800032498,1511,441.5,460.0
471.75,3.82985835673,1512,459.5,484.0
496.25,3.831773875173,1513,483.5,509.0
523.25,3.833632109578,1514,508.5,538.0
554.75,3.835542541758,1515,537.5,572.0
590.75,3.839434693273,1516,571.5,610.0
632.75,3.841298260307,1517,609.5,656.0
685.25,3.843156276162,1518,655.5,715.0
750.25,3.845066108322,1519,714.5,786.0
833.0,3.848946807798,1520,785.5,880.5
384.25,3.858268708007,1522,379.5,389.0
394.25,3.860132640616,1523,388.5,400.0
406.25,3.861996740119,1524,399.5,413.0
419.25,3.863854692396,1525,412.5,426.0
433.75,3.867749959246,1526,425.5,442.0
450.75,3.869613359388,1527,441.5,460.0
471.75,3.87147759002,1528,459.5,484.0
496.25,3.873335756874,1529,483.5,509.0
523.25,3.875250858084,1530,508.5,538.0
554.75,3.877109307067,1531,537.5,572.0
590.75,3.881000357882,1532,571.5,610.0
632.75,3.882863758024,1533,609.5,656.0
685.25,3.88472294213,1534,655.5,715.0
750.25,3.886633676306,1535,714.5,786.0
833.0,3.890510843213,1536,785.5,880.5
384.25,3.898331842836,1538,379.5,389.0
394.25,3.900195842997,1539,388.5,400.0
406.25,3.902054125086,1540,399.5,413.0
419.25,3.903965610282,1541,412.5,426.0
433.75,3.907850041008,1542,425.5,442.0
450.75,3.909713524596,1543,441.5,460.0
471.75,3.911571707344,1544,459.5,484.0
496.25,3.913487925148,1545,483.5,509.0
523.25,3.915346191343,1546,508.5,538.0
554.75,3.9172572752,1547,537.5,572.0
590.75,3.92114894193,1548,571.5,610.0
632.75,3.923012576516,1549,609.5,656.0
685.25,3.924870826817,1550,655.5,715.0
750.25,3.926780591424,1551,714.5,786.0
833.0,3.930659375604,1552,785.5,880.5
384.25,3.938462473965,1554,379.5,389.0
394.25,3.940326243655,1555,388.5,400.0
406.25,3.942184358851,1556,399.5,413.0
419.25,3.944094759242,1557,412.5,426.0
433.75,3.947981590048,1558,425.5,442.0
450.75,3.949845192846,1559,441.5,460.0
471.75,3.951703506724,1560,459.5,484.0
496.25,3.953618727144,1561,483.5,509.0
523.25,3.955477426465,1562,508.5,538.0
554.75,3.957387477175,1563,537.5,572.0
590.75,3.961279426034,1564,571.5,610.0
632.75,3.963144193109,1565,609.5,656.0
685.25,3.965002741432,1566,655.5,715.0
750.25,3.966912859694,1567,714.5,786.0
833.0,3.970790960407,1568,785.5,880.5
384.25,3.978610843436,1570,379.5,389.0
394.25,3.980475574748,1571,388.5,400.0
406.25,3.982333793259,1572,399.5,413.0
419.25,3.984243740654,1573,412.5,426.0
433.75,3.988129156844,1574,425.5,442.0
450.75,3.989992556985,1575,441.5,460.0
471.75,3.991857693609,1576,459.5,484.0
496.25,3.993715991592,1577,483.5,509.0
523.25,3.995631609376,1578,508.5,538.0
554.75,3.997489959017,1579,537.5,572.0
590.75,4.001378526306,1580,571.5,610.0
632.75,4.003242224471,1581,609.5,656.0
685.25,4.005101460234,1582,655.5,715.0
750.25,4.007012492434,1583,714.5,786.0
833.0,4.010889043427,1584,785.5,880.5
384.25,4.02022914292,1586,379.5,389.0
394.25,4.02209380668,1587,388.5,400.0
406.25,4.023952160295,1588,399.5,413.0
419.25,4.025863375282,1589,412.5,426.0
433.75,4.02974474233,1590,425.5,442.0
450.75,4.031608257707,1591,441.5,460.0
471.75,4.033472309526,1592,459.5,484.0
496.25,4.035336409028,1593,483.5,509.0
523.25,4.037194325542,1594,508.5,538.0
554.75,4.039106243865,1595,537.5,572.0
590.75,4.042993742243,1596,571.5,610.0
632.75,4.044856808599,1597,609.5,656.0
685.25,4.046721273677,1598,655.5,715.0
750.25,4.048579559739,1599,714.5,786.0
833.0,4.05245412391,1600,785.5,880.5
384.25,4.060257623609,1602,379.5,389.0
394.25,4.062116410351,1603,388.5,400.0
406.25,4.0640343249,1604,399.5,413.0
419.25,4.065892475859,1605,412.5,426.0
433.75,4.069775976753,1606,425.5,442.0
450.75,4.071639591471,1607,441.5,460.0
471.75,4.07350424331,1608,459.5,484.0
496.25,4.075368760045,1609,483.5,509.0
523.25,4.077227073924,1610,508.5,538.0
554.75,4.079136707401,1611,537.5,572.0
590.75,4.083024992561,1612,571.5,610.0
632.75,4.084889060275,1613,609.5,656.0
685.25,4.086748073514,1614,655.5,715.0
750.25,4.088657524204,1615,714.5,786.0
833.0,4.092536026255,1616,785.5,880.5
384.25,4.100356258965,1618,379.5,389.0
394.25,4.102214660263,1619,388.5,400.0
406.25,4.104130691306,1620,399.5,413.0
419.25,4.105988492584,1621,412.5,426.0
433.75,4.109875025368,1622,425.5,442.0
450.75,4.111738493061,1623,441.5,460.0
471.75,4.113602723694,1624,459.5,484.0
496.25,4.115466541068,1625,483.5,509.0
523.25,4.117325009918,1626,508.5,538.0
554.75,4.119234643396,1627,537.5,572.0
590.75,4.123123310026,1628,571.5,610.0
632.75,4.124986710167,1629,609.5,656.0
685.25,4.126845226701,1630,655.5,715.0
750.25,4.128756258901,1631,714.5,786.0
833.0,4.132634359614,1632,785.5,880.5
384.25,4.140454540666,1634,379.5,389.0
394.25,4.142318040148,1635,388.5,400.0
406.25,4.144176942126,1636,399.5,413.0
419.25,4.14608799022,1637,412.5,426.0
433.75,4.149972925599,1638,425.5,442.0
450.75,4.151836007849,1639,441.5,460.0
471.75,4.153694127019,1640,459.5,484.0
496.25,4.155610440191,1641,483.5,509.0
523.25,4.1574738602,1642,508.5,538.0
554.75,4.159332325077,1643,537.5,572.0
590.75,4.16322214009,1644,571.5,610.0
632.75,4.165085858123,1645,609.5,656.0
685.25,4.166950009282,1646,655.5,715.0
750.25,4.168808927155,1647,714.5,786.0
833.0,4.172682843622,1648,785.5,880.5
384.25,4.182005474981,1650,379.5,389.0
394.25,4.183863725281,1651,388.5,400.0
406.25,4.185782657083,1652,399.5,413.0
419.25,4.187640625254,1653,412.5,426.0
433.75,4.191520859814,1654,425.5,442.0
450.75,4.193384840107,1655,441.5,460.0
471.75,4.195249392605,1656,459.5,484.0
496.25,4.197107257462,1657,483.5,509.0
523.25,4.199036441263,1658,508.5,538.0
554.75,4.200894775009,1659,537.5,572.0
590.75,4.20478726031,1660,571.5,610.0
632.75,4.206650926685,1661,609.5,656.0
685.25,4.208509423351,1662,655.5,715.0
750.25,4.210419176038,1663,714.5,786.0
833.0,4.214297141647,1664,785.5,880.5
384.25,4.222101308918,1666,379.5,389.0
394.25,4.223959710217,1667,388.5,400.0
406.25,4.22587609094,1668,399.5,413.0
419.25,4.227734257793,1669,412.5,426.0
433.75,4.231618891176,1670,425.5,442.0
450.75,4.23348267676,1671,441.5,460.0
471.75,4.2353467405,1672,459.5,484.0
496.25,4.237210192299,1673,483.5,509.0
523.25,4.239068625387,1674,508.5,538.0
554.75,4.240978691991,1675,537.5,572.0
590.75,4.244868856684,1676,571.5,610.0
632.75,4.246732225037,1677,609.5,656.0
685.25,4.248596276855,1678,655.5,715.0
750.25,4.250454360263,1679,714.5,786.0
833.0,4.254329274114,1680,785.5,880.5
384.25,4.262150023397,1682,379.5,389.0
394.25,4.264013924217,1683,388.5,400.0
406.25,4.265878524399,1684,399.5,413.0
419.25,4.267736842251,1685,412.5,426.0
433.75,4.271617124494,1686,425.5,442.0
450.75,4.273481259759,1687,441.5,460.0
471.75,4.275345724837,1688,459.5,484.0
496.25,4.277204110241,1689,483.5,509.0
523.25,4.279119175688,1690,508.5,538.0
554.75,4.28097749354,1691,537.5,572.0
590.75,4.284866191959,1692,571.5,610.0
632.75,4.286729607995,1693,609.5,656.0
685.25,4.288594839986,1694,655.5,715.0
750.25,4.290453026708,1695,714.5,786.0
833.0,4.294327125963,1696,785.5,880.5
384.25,4.302131356812,1698,379.5,389.0
394.25,4.303989293194,1699,388.5,400.0
406.25,4.305905991809,1700,399.5,413.0
419.25,4.307763924217,1701,412.5,426.0
433.75,4.31164975764,1702,425.5,442.0
450.75,4.313513841248,1703,441.5,460.0
471.75,4.315379224237,1704,459.5,484.0
496.25,4.317242807166,1705,483.5,509.0
523.25,4.319101458804,1706,508.5,538.0
554.75,4.321010941283,1707,537.5,572.0
590.75,4.324898423767,1708,571.5,610.0
632.75,4.326761943118,1709,609.5,656.0
685.25,4.328620574888,1710,655.5,715.0
750.25,4.330530291812,1711,714.5,786.0
833.0,4.334409024334,1712,785.5,880.5
384.25,4.343731759008,1714,379.5,389.0
394.25,4.345601441479,1715,388.5,400.0
406.25,4.347466709232,1716,399.5,413.0
419.25,4.349324359512,1717,412.5,426.0
433.75,4.353214706993,1718,425.5,442.0
450.75,4.35507770977,1719,441.5,460.0
471.75,4.356935856756,1720,459.5,484.0
496.25,4.358863192813,1721,483.5,509.0
523.25,4.360721792793,1722,508.5,538.0
554.75,4.362631692505,1723,537.5,572.0
590.75,4.366513607915,1724,571.5,610.0
632.75,4.368377123292,1725,609.5,656.0
685.25,4.370241226768,1726,655.5,715.0
750.25,4.372100192324,1727,714.5,786.0
833.0,4.375974041239,1728,785.5,880.5
384.25,4.383794691181,1730,379.5,389.0
394.25,4.385653525607,1731,388.5,400.0
406.25,4.387569342073,1732,399.5,413.0
419.25,4.389427608267,1733,412.5,426.0
433.75,4.393312559541,1734,425.5,442.0
450.75,4.395175975577,1735,441.5,460.0
471.75,4.397034790134,1736,459.5,484.0
496.25,4.398951492723,1737,483.5,509.0
523.25,4.400809456921,1738,508.5,538.0
554.75,4.40272544028,1739,537.5,572.0
590.75,4.406610959784,1740,571.5,610.0
632.75,4.408475456651,1741,609.5,656.0
685.25,4.410333810266,1742,655.5,715.0
750.25,4.412243809319,1743,714.5,786.0
833.0,4.416122307396,1744,785.5,880.5
384.25,4.423942540105,1746,379.5,389.0
394.25,4.425806357479,1747,388.5,400.0
406.25,4.427670409298,1748,399.5,413.0
419.25,4.429529307302,1749,412.5,426.0
433.75,4.433410940584,1750,425.5,442.0
450.75,4.435274277147,1751,441.5,460.0
471.75,4.437133242702,1752,459.5,484.0
496.25,4.439047990259,1753,483.5,509.0
523.25,4.440906324005,1754,508.5,538.0
554.75,4.442815941588,1755,537.5,572.0
590.75,4.446710509078,1756,571.5,610.0
632.75,4.448574473476,1757,609.5,656.0
685.25,4.450438457743,1758,655.5,715.0
750.25,4.452296493467,1759,714.5,786.0
833.0,4.456170926507,1760,785.5,880.5
384.25,4.46399180692,1762,379.5,389.0
394.25,4.465855540848,1763,388.5,400.0
406.25,4.467720125135,1764,399.5,413.0
419.25,4.469578176753,1765,412.5,426.0
433.75,4.473459408696,1766,425.5,442.0
450.75,4.475323075072,1767,441.5,460.0
471.75,4.477186407661,1768,459.5,484.0
496.25,4.479054623858,1769,483.5,509.0
523.25,4.480913076814,1770,508.5,538.0
554.75,4.482823075867,1771,537.5,572.0
590.75,4.486708090719,1772,571.5,610.0
632.75,4.48857149086,1773,609.5,656.0
685.25,4.490430142498,1774,655.5,715.0
750.25,4.492342207845,1775,714.5,786.0
833.0,4.496218909836,1776,785.5,880.5
384.25,4.504023891703,1778,379.5,389.0
394.25,4.505887959417,1779,388.5,400.0
406.25,4.507752174155,1780,399.5,413.0
419.25,4.509610492007,1781,412.5,426.0
433.75,4.51349159282,1782,425.5,442.0
450.75,4.515355290985,1783,441.5,460.0
471.75,4.517213624732,1784,459.5,484.0
496.25,4.519128940519,1785,483.5,509.0
523.25,4.520986876901,1786,508.5,538.0
554.75,4.522902756945,1787,537.5,572.0
590.75,4.526790557321,1788,571.5,610.0
632.75,4.528654259459,1789,609.5,656.0
685.25,4.530518343067,1790,655.5,715.0
750.25,4.532376458263,1791,714.5,786.0
833.0,4.536252576129,1792,785.5,880.5
384.25,4.545573391533,1794,379.5,389.0
394.25,4.547437590377,1795,388.5,400.0
406.25,4.549295924123,1796,399.5,413.0
419.25,4.551206360277,1797,412.5,426.0
433.75,4.555089674409,1798,425.5,442.0
450.75,4.556953591124,1799,441.5,460.0
471.75,4.558811523533,1800,459.5,484.0
496.25,4.560728758589,1801,483.5,509.0
523.25,4.562587092336,1802,508.5,538.0
554.75,4.564497508621,1803,537.5,572.0
590.75,4.568403742727,1804,571.5,610.0
632.75,4.570267758783,1805,609.5,656.0
685.25,4.572132243729,1806,655.5,715.0
750.25,4.573990243689,1807,714.5,786.0
833.0,4.577865690009,1808,785.5,880.5
384.25,4.585685509459,1810,379.5,389.0
394.25,4.587550475216,1811,388.5,400.0
406.25,4.589408856646,1812,399.5,413.0
419.25,4.591319241142,1813,412.5,426.0
433.75,4.595204490439,1814,425.5,442.0
450.75,4.597067258771,1815,441.5,460.0
471.75,4.59892604154,1816,459.5,484.0
496.25,4.600842374579,1817,483.5,509.0
523.25,4.602700557327,1818,508.5,538.0
554.75,4.604610524591,1819,537.5,572.0
590.75,4.608503443019,1820,571.5,610.0
632.75,4.610367673651,1821,609.5,656.0
685.25,4.612225625928,1822,655.5,715.0
750.25,4.614136908468,1823,714.5,786.0
833.0,4.618029175218,1824,785.5,880.5
384.25,4.625835424678,1826,379.5,389.0
394.25,4.627693190193,1827,388.5,400.0
406.25,4.62960944376,1828,399.5,413.0
419.25,4.631467809296,1829,412.5,426.0
433.75,4.635352573808,1830,425.5,442.0
450.75,4.637216140842,1831,441.5,460.0
471.75,4.639079660193,1832,459.5,484.0
496.25,4.640943874931,1833,483.5,509.0
523.25,4.642802192783,1834,508.5,538.0
554.75,4.644713073985,1835,537.5,572.0
590.75,4.648617174244,1836,571.5,610.0
632.75,4.650480725384,1837,609.5,656.0
685.25,4.652344324207,1838,655.5,715.0
750.25,4.654202574507,1839,714.5,786.0
833.0,4.658079375839,1840,785.5,880.5
384.25,4.665899409866,1842,379.5,389.0
394.25,4.667763624605,1843,388.5,400.0
406.25,4.669621608671,1844,399.5,413.0
419.25,4.671534023698,1845,412.5,426.0
433.75,4.675417790826,1846,425.5,442.0
450.75,4.677281373755,1847,441.5,460.0
471.75,4.679139775054,1848,459.5,484.0
496.25,4.681054673608,1849,483.5,509.0
523.25,4.682913623269,1850,508.5,538.0
554.75,4.68482342364,1851,537.5,572.0
590.75,4.688716791089,1852,571.5,610.0
632.75,4.69058069191,1853,609.5,656.0
685.25,4.692444926516,1854,655.5,715.0
750.25,4.694303526497,1855,714.5,786.0
833.0,4.698177224414,1856,785.5,880.5
384.25,4.707500475661,1858,379.5,389.0
394.25,4.709358543173,1859,388.5,400.0
406.25,4.711285056686,1860,399.5,413.0
419.25,4.713143342749,1861,412.5,426.0
433.75,4.717048424498,1862,425.5,442.0
450.75,4.718912659105,1863,441.5,460.0
471.75,4.720776341375,1864,459.5,484.0
496.25,4.722634408887,1865,483.5,509.0
523.25,4.724549609439,1866,508.5,538.0
554.75,4.726407843844,1867,537.5,572.0
590.75,4.730298326429,1868,571.5,610.0
632.75,4.732162024593,1869,609.5,656.0
685.25,4.734026541328,1870,655.5,715.0
750.25,4.735884660498,1871,714.5,786.0
833.0,4.739758859094,1872,785.5,880.5
384.25,4.747579675929,1874,379.5,389.0
394.25,4.749443990008,1875,388.5,400.0
406.25,4.751307676252,1876,399.5,413.0
419.25,4.753166808701,1877,412.5,426.0
433.75,4.757048040644,1878,425.5,442.0
450.75,4.758911440786,1879,441.5,460.0
471.75,4.760769643402,1880,459.5,484.0
496.25,4.762684875743,1881,483.5,509.0
523.25,4.764543590959,1882,508.5,538.0
554.75,4.766463540014,1883,537.5,572.0
590.75,4.770361926174,1884,571.5,610.0
632.75,4.772225556787,1885,609.5,656.0
685.25,4.77408384285,1886,655.5,715.0
750.25,4.775994358476,1887,714.5,786.0
833.0,4.779873440679,1888,785.5,880.5
384.25,4.787677691396,1890,379.5,389.0
394.25,4.789542208131,1891,388.5,400.0
406.25,4.791406426843,1892,399.5,413.0
419.25,4.793264740721,1893,412.5,426.0
433.75,4.797145976639,1894,425.5,442.0
450.75,4.79900950791,1895,441.5,460.0
471.75,4.800868123786,1896,459.5,484.0
496.25,4.80278349123,1897,483.5,509.0
523.25,4.804646990712,1898,508.5,538.0
554.75,4.806505324459,1899,537.5,572.0
590.75,4.810395342127,1900,571.5,610.0
632.75,4.812259076055,1901,609.5,656.0
685.25,4.814117441591,1902,655.5,715.0
750.25,4.816027690983,1903,714.5,786.0
833.0,4.81990532678,1904,785.5,880.5
384.25,4.827708941714,1906,379.5,389.0
394.25,4.829573076979,1907,388.5,400.0
406.25,4.831436592356,1908,399.5,413.0
419.25,4.833294926103,1909,412.5,426.0
433.75,4.837177691873,1910,425.5,442.0
450.75,4.839041024462,1911,441.5,460.0
471.75,4.840904893494,1912,459.5,484.0
496.25,4.842769390361,1913,483.5,509.0
523.25,4.844627692318,1914,508.5,538.0
554.75,4.846538124498,1915,537.5,572.0
590.75,4.850426373895,1916,571.5,610.0
632.75,4.85229015948,1917,609.5,656.0
685.25,4.854154326534,1918,655.5,715.0
750.25,4.856012660281,1919,714.5,786.0
833.0,4.859887657579,1920,785.5,880.5
384.25,4.869211039956,1922,379.5,389.0
394.25,4.871075059986,1923,388.5,400.0
406.25,4.872933874544,1924,399.5,413.0
419.25,4.874845391528,1925,412.5,426.0
433.75,4.878725157197,1926,425.5,442.0
450.75,4.88058865668,1927,441.5,460.0
471.75,4.882462674395,1928,459.5,484.0
496.25,4.884327242788,1929,483.5,509.0
523.25,4.886185576534,1930,508.5,538.0
554.75,4.888096791522,1931,537.5,572.0
590.75,4.891973974323,1932,571.5,610.0
632.75,4.893837676462,1933,609.5,656.0
685.25,4.895696391678,1934,655.5,715.0
750.25,4.897606406625,1935,714.5,786.0
833.0,4.901485560354,1936,785.5,880.5
384.25,4.909288940843,1938,379.5,389.0
394.25,4.911152627087,1939,388.5,400.0
406.25,4.913011040306,1940,399.5,413.0
419.25,4.91492100757,1941,412.5,426.0
433.75,4.918823073324,1942,425.5,442.0
450.75,4.920687625821,1943,441.5,460.0
471.75,4.92255145909,1944,459.5,484.0
496.25,4.924415673828,1945,483.5,509.0
523.25,4.926279340204,1946,508.5,538.0
554.75,4.92813767395,1947,537.5,572.0
590.75,4.932023459689,1948,571.5,610.0
632.75,4.933887642638,1949,609.5,656.0
685.25,4.935751559353,1950,655.5,715.0
750.25,4.937609408315,1951,714.5,786.0
833.0,4.94148350757,1952,785.5,880.5
384.25,4.94928767484,1954,379.5,389.0
394.25,4.951151992893,1955,388.5,400.0
406.25,4.953016223526,1956,399.5,413.0
419.25,4.954874577141,1957,412.5,426.0
433.75,4.958756325658,1958,425.5,442.0
450.75,4.960619423803,1959,441.5,460.0
471.75,4.962483507411,1960,459.5,484.0
496.25,4.964348091698,1961,483.5,509.0
523.25,4.96620640955,1962,508.5,538.0
554.75,4.968116325156,1963,537.5,572.0
590.75,4.972004808998,1964,571.5,610.0
632.75,4.97386834027,1965,609.5,656.0
685.25,4.975727127012,1966,655.5,715.0
750.25,4.977648673471,1967,714.5,786.0
833.0,4.981531725343,1968,785.5,880.5
384.25,4.989336591975,1970,379.5,389.0
394.25,4.991201192156,1971,388.5,400.0
406.25,4.993059525903,1972,399.5,413.0
419.25,4.994970907784,1973,412.5,426.0
433.75,4.998853840446,1974,425.5,442.0
450.75,5.000717339929,1975,441.5,460.0
471.75,5.002576126671,1976,459.5,484.0
496.25,5.004493123309,1977,483.5,509.0
523.25,5.006351457055,1978,508.5,538.0
554.75,5.008262660122,1979,537.5,572.0
590.75,5.012153559939,1980,571.5,610.0
632.75,5.014017758783,1981,609.5,656.0
685.25,5.015875810401,1982,655.5,715.0
750.25,5.017785606798,1983,714.5,786.0
833.0,5.021663973745,1984,785.5,880.5
384.25,5.030986092504,1986,379.5,389.0
394.25,5.032850557582,1987,388.5,400.0
406.25,5.034708907223,1988,399.5,413.0
419.25,5.036618826803,1989,412.5,426.0
433.75,5.040502657509,1990,425.5,442.0
450.75,5.04236605765,1991,441.5,460.0
471.75,5.044230276362,1992,459.5,484.0
496.25,5.046094308313,1993,483.5,509.0
523.25,5.047952657954,1994,508.5,538.0
554.75,5.049862692769,1995,537.5,572.0
590.75,5.053751657422,1996,571.5,610.0
632.75,5.055615359561,1997,609.5,656.0
685.25,5.057479359722,1998,655.5,715.0
750.25,5.059337709363,1999,714.5,786.0
833.0,5.063212690767,2000,785.5,880.5
384.25,5.071048492209,2002,379.5,389.0
394.25,5.072912059244,2003,388.5,400.0
406.25,5.074776993211,2004,399.5,413.0
419.25,5.076635009066,2005,412.5,426.0
433.75,5.080517758942,2006,425.5,442.0
450.75,5.082381476974,2007,441.5,460.0
471.75,5.084239826616,2008,459.5,484.0
496.25,5.086157840506,2009,483.5,509.0
523.25,5.08801622591,2010,508.5,538.0
554.75,5.089926209068,2011,537.5,572.0
590.75,5.093816858546,2012,571.5,610.0
632.75,5.095680310345,2013,609.5,656.0
685.25,5.097544858869,2014,655.5,715.0
750.25,5.099403407192,2015,714.5,786.0
833.0,5.103276775297,2016,785.5,880.5
384.25,5.111080859121,2018,379.5,389.0
394.25,5.112945423539,2019,388.5,400.0
406.25,5.114809642251,2020,399.5,413.0
419.25,5.116667475319,2021,412.5,426.0
433.75,5.120565074698,2022,425.5,442.0
450.75,5.122428657627,2023,441.5,460.0
471.75,5.124286991374,2024,459.5,484.0
496.25,5.126202307161,2025,483.5,509.0
523.25,5.128060525672,2026,508.5,538.0
554.75,5.129971943315,2027,537.5,572.0
590.75,5.133864810085,2028,571.5,610.0
632.75,5.135728190358,2029,609.5,656.0
685.25,5.137586690998,2030,655.5,715.0
750.25,5.139496443685,2031,714.5,786.0
833.0,5.143375207996,2032,785.5,880.5
384.25,5.151179375267,2034,379.5,389.0
394.25,5.153043427086,2035,388.5,400.0
406.25,5.154902142302,2036,399.5,413.0
419.25,5.156812093671,2037,412.5,426.0
433.75,5.160713090515,2038,425.5,442.0
450.75,5.162576558208,2039,441.5,460.0
471.75,5.164441241837,2040,459.5,484.0
496.25,5.166304824766,2041,483.5,509.0
523.25,5.168163007514,2042,508.5,538.0
554.75,5.170073606586,2043,537.5,572.0
590.75,5.173963091787,2044,571.5,610.0
632.75,5.175827008502,2045,609.5,656.0
685.25,5.177690893428,2046,655.5,715.0
750.25,5.179549024518,2047,714.5,786.0
833.0,5.18342415692,2048,785.5,880.5
384.25,5.192746959146,2050,379.5,389.0
394.25,5.194605575021,2051,388.5,400.0
406.25,5.196524526691,2052,399.5,413.0
419.25,5.198382506784,2053,412.5,426.0
433.75,5.20226222477,2054,425.5,442.0
450.75,5.204126141485,2055,441.5,460.0
471.75,5.20599065822,2056,459.5,484.0
496.25,5.207854960378,2057,483.5,509.0
523.25,5.209713008022,2058,508.5,538.0
554.75,5.211623042838,2059,537.5,572.0
590.75,5.215526773548,2060,571.5,610.0
632.75,5.217391091601,2061,609.5,656.0
685.25,5.219255457338,2062,655.5,715.0
750.25,5.221115825589,2063,714.5,786.0
833.0,5.224988609568,2064,785.5,880.5
384.25,5.232793356991,2066,379.5,389.0
394.25,5.234657492256,2067,388.5,400.0
406.25,5.236521774546,2068,399.5,413.0
419.25,5.238379790401,2069,412.5,426.0
433.75,5.242261292553,2070,425.5,442.0
450.75,5.244125225163,2071,441.5,460.0
471.75,5.245989125983,2072,459.5,484.0
496.25,5.247853392378,2073,483.5,509.0
523.25,5.249711225446,2074,508.5,538.0
554.75,5.251623159663,2075,537.5,572.0
590.75,5.255509974575,2076,571.5,610.0
632.75,5.257373525715,2077,609.5,656.0
685.25,5.259238110002,2078,655.5,715.0
750.25,5.261096173541,2079,714.5,786.0
833.0,5.264971158918,2080,785.5,880.5
384.25,5.27280649147,2082,379.5,389.0
394.25,5.274671039995,2083,388.5,400.0
406.25,5.276538707829,2084,399.5,413.0
419.25,5.278396556791,2085,412.5,426.0
433.75,5.282275241629,2086,425.5,442.0
450.75,5.284138641771,2087,441.5,460.0
471.75,5.285997074858,2088,459.5,484.0
496.25,5.28791262509,2089,483.5,509.0
523.25,5.289771074073,2090,508.5,538.0
554.75,5.291681490358,2091,537.5,572.0
590.75,5.295575139936,2092,571.5,610.0
632.75,5.297438659286,2093,609.5,656.0
685.25,5.299296591695,2094,655.5,715.0
750.25,5.301206976191,2095,714.5,786.0
833.0,5.305085057036,2096,785.5,880.5
384.25,5.31289020977,2098,379.5,389.0
394.25,5.314748173968,2099,388.5,400.0
406.25,5.316663358625,2100,399.5,413.0
419.25,5.318521656609,2101,412.5,426.0
433.75,5.322407076772,2102,425.5,442.0
450.75,5.324271458403,2103,441.5,460.0
471.75,5.326135959244,2104,459.5,484.0
496.25,5.327994459883,2105,483.5,509.0
523.25,5.329909473674,2106,508.5,538.0
554.75,5.331767843183,2107,537.5,572.0
590.75,5.335658592002,2108,571.5,610.0
632.75,5.337522373613,2109,609.5,656.0
685.25,5.339380957699,2110,655.5,715.0
750.25,5.341292510446,2111,714.5,786.0
833.0,5.345166923618,2112,785.5,880.5
384.25,5.354474073664,2114,379.5,389.0
394.25,5.35633820893,2115,388.5,400.0
406.25,5.358201676623,2116,399.5,413.0
419.25,5.360060673968,2117,412.5,426.0
433.75,5.363954708989,2118,425.5,442.0
450.75,5.365818407154,2119,441.5,460.0
471.75,5.367682407316,2120,459.5,484.0
496.25,5.369546490924,2121,483.5,509.0
523.25,5.371411210314,2122,508.5,538.0
554.75,5.373269492404,2123,537.5,572.0
590.75,5.377154423809,2124,571.5,610.0
632.75,5.379017990843,2125,609.5,656.0
685.25,5.380881891664,2126,655.5,715.0
750.25,5.38274022541,2127,714.5,786.0
833.0,5.386615874386,2128,785.5,880.5
384.25,5.39443574152,2130,379.5,389.0
394.25,5.396300341702,2131,388.5,400.0
406.25,5.398164790885,2132,399.5,413.0
419.25,5.40002267561,2133,412.5,426.0
433.75,5.403919925308,2134,425.5,442.0
450.75,5.405783726788,2135,441.5,460.0
471.75,5.407647158718,2136,459.5,484.0
496.25,5.40950572691,2137,483.5,509.0
523.25,5.411421992397,2138,508.5,538.0
554.75,5.413280493037,2139,537.5,572.0
590.75,5.417185090001,2140,571.5,610.0
632.75,5.41904879214,2141,609.5,656.0
685.25,5.420914926147,2142,655.5,715.0
750.25,5.422773192342,2143,714.5,786.0
833.0,5.426646993574,2144,785.5,880.5
384.25,5.434450374063,2146,379.5,389.0
394.25,5.436314143753,2147,388.5,400.0
406.25,5.438177992916,2148,399.5,413.0
419.25,5.44003650945,2149,412.5,426.0
433.75,5.443919473902,2150,425.5,442.0
450.75,5.44578295749,2151,441.5,460.0
471.75,5.44764710865,2152,459.5,484.0
496.25,5.449510723368,2153,483.5,509.0
523.25,5.451369025326,2154,508.5,538.0
554.75,5.453278841591,2155,537.5,572.0
590.75,5.457168374475,2156,571.5,610.0
632.75,5.45903216006,2157,609.5,656.0
685.25,5.460896108564,2158,655.5,715.0
750.25,5.462754525757,2159,714.5,786.0
833.0,5.466629276689,2160,785.5,880.5
384.25,5.474433110174,2162,379.5,389.0
394.25,5.476297392464,2163,388.5,400.0
406.25,5.478155356661,2164,399.5,413.0
419.25,5.480078393237,2165,412.5,426.0
433.75,5.483967441336,2166,425.5,442.0
450.75,5.485830726242,2167,441.5,460.0
471.75,5.487694392618,2168,459.5,484.0
496.25,5.489558460331,2169,483.5,509.0
523.25,5.491416126506,2170,508.5,538.0
554.75,5.493327357388,2171,537.5,572.0
590.75,5.497217025375,2172,571.5,610.0
632.75,5.499080357965,2173,609.5,656.0
685.25,5.50094449323,2174,655.5,715.0
750.25,5.502803073343,2175,714.5,786.0
833.0,5.5066774587,2176,785.5,880.5
384.25,5.516000292714,2178,379.5,389.0
394.25,5.517868326124,2179,388.5,400.0
406.25,5.519726524766,2180,399.5,413.0
419.25,5.521638709323,2181,412.5,426.0
433.75,5.525533125814,2182,425.5,442.0
450.75,5.527396692848,2183,441.5,460.0
471.75,5.52926044267,2184,459.5,484.0
496.25,5.531124192492,2185,483.5,509.0
523.25,5.53298215669,2186,508.5,538.0
554.75,5.53489195706,2187,537.5,572.0
590.75,5.538781541602,2188,571.5,610.0
632.75,5.540644941743,2189,609.5,656.0
685.25,5.542509092903,2190,655.5,715.0
750.25,5.544367859777,2191,714.5,786.0
833.0,5.548241959031,2192,785.5,880.5
384.25,5.556062175846,2194,379.5,389.0
394.25,5.557926358795,2195,388.5,400.0
406.25,5.559784525649,2196,399.5,413.0
419.25,5.561694524701,2197,412.5,426.0
433.75,5.565580374018,2198,425.5,442.0
450.75,5.567444060262,2199,441.5,460.0
471.75,5.569308493551,2200,459.5,484.0
496.25,5.571172410266,2201,483.5,509.0
523.25,5.573031443373,2202,508.5,538.0
554.75,5.57494089009,2203,537.5,572.0
590.75,5.578828976568,2204,571.5,610.0
632.75,5.580692873414,2205,609.5,656.0
685.25,5.582550627009,2206,655.5,715.0
750.25,5.584474124527,2207,714.5,786.0
833.0,5.588356941954,2208,785.5,880.5
384.25,5.596177842236,2210,379.5,389.0
394.25,5.598041957633,2211,388.5,400.0
406.25,5.599906426684,2212,399.5,413.0
419.25,5.601764176305,2213,412.5,426.0
433.75,5.605646143373,2214,425.5,442.0
450.75,5.607509523646,2215,441.5,460.0
471.75,5.609367956734,2216,459.5,484.0
496.25,5.6112842103,2217,483.5,509.0
523.25,5.613142742729,2218,508.5,538.0
554.75,5.615063192463,2219,537.5,572.0
590.75,5.61896072429,2220,571.5,610.0
632.75,5.620824609216,2221,609.5,656.0
685.25,5.622688708719,2222,655.5,715.0
750.25,5.624547507381,2223,714.5,786.0
833.0,5.628422127183,2224,785.5,880.5
384.25,5.636242777125,2226,379.5,389.0
394.25,5.638106558736,2227,388.5,400.0
406.25,5.639964960035,2228,399.5,413.0
419.25,5.64187452596,2229,412.5,426.0
433.75,5.645760609722,2230,425.5,442.0
450.75,5.647624125099,2231,441.5,460.0
471.75,5.649488725281,2232,459.5,484.0
496.25,5.651353210227,2233,483.5,509.0
523.25,5.653211190319,2234,508.5,538.0
554.75,5.655121141688,2235,537.5,572.0
590.75,5.659009891764,2236,571.5,610.0
632.75,5.660873625692,2237,609.5,656.0
685.25,5.662737824535,2238,655.5,715.0
750.25,5.664596158282,2239,714.5,786.0
833.0,5.668470356878,2240,785.5,880.5
384.25,5.677792892869,2242,379.5,389.0
394.25,5.679657123502,2243,388.5,400.0
406.25,5.68152997694,2244,399.5,413.0
419.25,5.683388473606,2245,412.5,426.0
433.75,5.687275709724,2246,425.5,442.0
450.75,5.689139109866,2247,441.5,460.0
471.75,5.690998142974,2248,459.5,484.0
496.25,5.692914809799,2249,483.5,509.0
523.25,5.69477294089,2250,508.5,538.0
554.75,5.69668261013,2251,537.5,572.0
590.75,5.70057465833,2252,571.5,610.0
632.75,5.702438241259,2253,609.5,656.0
685.25,5.704296559111,2254,655.5,715.0
750.25,5.70620787344,2255,714.5,786.0
833.0,5.710100624975,2256,785.5,880.5
384.25,5.717921708043,2258,379.5,389.0
394.25,5.719780490812,2259,388.5,400.0
406.25,5.721696176147,2260,399.5,413.0
419.25,5.723554009215,2261,412.5,426.0
433.75,5.727441308912,2262,425.5,442.0
450.75,5.729304490503,2263,441.5,460.0
471.75,5.731162824249,2264,459.5,484.0
496.25,5.733077790356,2265,483.5,509.0
523.25,5.734936124102,2266,508.5,538.0
554.75,5.736852910137,2267,537.5,572.0
590.75,5.740739923731,2268,571.5,610.0
632.75,5.742603474871,2269,609.5,656.0
685.25,5.744461641725,2270,655.5,715.0
750.25,5.746371557331,2271,714.5,786.0
833.0,5.750250075277,2272,785.5,880.5
384.25,5.7580552598,2274,379.5,389.0
394.25,5.759918592389,2275,388.5,400.0
406.25,5.761776759243,2276,399.5,413.0
419.25,5.763687143739,2277,412.5,426.0
433.75,5.76757205925,2278,425.5,442.0
450.75,5.76943574152,2279,441.5,460.0
471.75,5.771299658235,2280,459.5,484.0
496.25,5.773163423951,2281,483.5,509.0
523.25,5.775022174931,2282,508.5,538.0
554.75,5.776931991196,2283,537.5,572.0
590.75,5.780821158504,2284,571.5,610.0
632.75,5.782684959984,2285,609.5,656.0
685.25,5.784549242274,2286,655.5,715.0
750.25,5.786408009148,2287,714.5,786.0
833.0,5.790281508382,2288,785.5,880.5
384.25,5.798085759099,2290,379.5,389.0
394.25,5.799950057284,2291,388.5,400.0
406.25,5.801814156787,2292,399.5,413.0
419.25,5.80367219251,2293,412.5,426.0
433.75,5.807553893344,2294,425.5,442.0
450.75,5.809417925294,2295,441.5,460.0
471.75,5.811276259041,2296,459.5,484.0
496.25,5.813192925866,2297,483.5,509.0
523.25,5.815050941722,2298,508.5,538.0
554.75,5.816960757987,2299,537.5,572.0
590.75,5.820852476374,2300,571.5,610.0
632.75,5.822715824858,2301,609.5,656.0
685.25,5.824579423682,2302,655.5,715.0
750.25,5.826437876638,2303,714.5,786.0
833.0,5.830313223616,2304,785.5,880.5
384.25,5.838120474434,2306,379.5,389.0
394.25,5.839984693146,2307,388.5,400.0
406.25,5.841848876095,2308,399.5,413.0
419.25,5.843706991291,2309,412.5,426.0
433.75,5.847585759576,2310,425.5,442.0
450.75,5.849449692186,2311,441.5,460.0
471.75,5.851313740031,2312,459.5,484.0
496.25,5.853177907085,2313,483.5,509.0
523.25,5.855036157386,2314,508.5,538.0
554.75,5.85696285766,2315,537.5,572.0
590.75,5.860850924269,2316,571.5,610.0
632.75,5.862714908536,2317,609.5,656.0
685.25,5.864578443782,2318,655.5,715.0
750.25,5.866436773554,2319,714.5,786.0
833.0,5.870311790721,2320,785.5,880.5
384.25,5.879634958522,2322,379.5,389.0
394.25,5.881500357405,2323,388.5,400.0
406.25,5.883358393129,2324,399.5,413.0
419.25,5.885279891904,2325,412.5,426.0
433.75,5.889167410151,2326,425.5,442.0
450.75,5.891030909634,2327,441.5,460.0
471.75,5.892896109835,2328,459.5,484.0
496.25,5.894759927209,2329,483.5,509.0
523.25,5.896617943064,2330,508.5,538.0
554.75,5.89854342343,2331,537.5,572.0
590.75,5.902432976182,2332,571.5,610.0
632.75,5.904297091579,2333,609.5,656.0
685.25,5.906155290222,2334,655.5,715.0
750.25,5.908064959462,2335,714.5,786.0
833.0,5.911943290647,2336,785.5,880.5
384.25,5.919779541111,2338,379.5,389.0
394.25,5.921644093609,2339,388.5,400.0
406.25,5.92350184323,2340,399.5,413.0
419.25,5.925411774731,2341,412.5,426.0
433.75,5.929298875745,2342,425.5,442.0
450.75,5.931163257376,2343,441.5,460.0
471.75,5.933021607018,2344,459.5,484.0
496.25,5.934937876479,2345,483.5,509.0
523.25,5.936796309566,2346,508.5,538.0
554.75,5.938705943044,2347,537.5,572.0
590.75,5.942598356819,2348,571.5,610.0
632.75,5.944461709277,2349,609.5,656.0
685.25,5.946325391547,2350,655.5,715.0
750.25,5.94818380874,2351,714.5,786.0
833.0,5.952058857695,2352,785.5,880.5
384.25,5.959879225508,2354,379.5,389.0
394.25,5.96174297533,2355,388.5,400.0
406.25,5.963601658758,2356,399.5,413.0
419.25,5.965513342635,2357,412.5,426.0
433.75,5.969397391891,2358,425.5,442.0
450.75,5.971260792033,2359,441.5,460.0
471.75,5.97312537632,2360,459.5,484.0
496.25,5.974989324824,2361,483.5,509.0
523.25,5.976847209549,2362,508.5,538.0
554.75,5.978758742428,2363,537.5,572.0
590.75,5.982646292464,2364,571.5,610.0
632.75,5.984509625053,2365,609.5,656.0
685.25,5.986374308681,2366,655.5,715.0
750.25,5.988233008003,2367,714.5,786.0
833.0,5.992106709894,2368,785.5,880.5
384.25,5.999928007539,2370,379.5,389.0
394.25,6.00178707641,2371,388.5,400.0
406.25,6.003703858471,2372,399.5,413.0
419.25,6.005562176323,2373,412.5,426.0
433.75,6.009462259229,2374,425.5,442.0
450.75,6.011326791859,2375,441.5,460.0
471.75,6.013190958913,2376,459.5,484.0
496.25,6.015049010531,2377,483.5,509.0
523.25,6.016965359465,2378,508.5,538.0
554.75,6.01882375679,2379,537.5,572.0
590.75,6.022711775716,2380,571.5,610.0
632.75,6.024575457986,2381,609.5,656.0
685.25,6.026433708286,2382,655.5,715.0
750.25,6.028344140466,2383,714.5,786.0
833.0,6.032221625264,2384,785.5,880.5
384.25,6.041528008397,2386,379.5,389.0
394.25,6.043392441686,2387,388.5,400.0
406.25,6.045250660197,2388,399.5,413.0
419.25,6.047160826143,2389,412.5,426.0
433.75,6.051044191933,2390,425.5,442.0
450.75,6.052907158947,2391,441.5,460.0
471.75,6.054771206792,2392,459.5,484.0
496.25,6.05663554074,2393,483.5,509.0
523.25,6.05849340957,2394,508.5,538.0
554.75,6.060404557006,2395,537.5,572.0
590.75,6.064308208243,2396,571.5,610.0
632.75,6.066171743488,2397,609.5,656.0
685.25,6.068029942131,2398,655.5,715.0
750.25,6.069941260433,2399,714.5,786.0
833.0,6.073820525424,2400,785.5,880.5
384.25,6.081640356795,2402,379.5,389.0
394.25,6.083504559612,2403,388.5,400.0
406.25,6.085368925349,2404,399.5,413.0
419.25,6.087228359795,2405,412.5,426.0
433.75,6.091109126822,2406,425.5,442.0
450.75,6.092972507095,2407,441.5,460.0
471.75,6.094830892499,2408,459.5,484.0
496.25,6.096746625519,2409,483.5,509.0
523.25,6.098604677137,2410,508.5,538.0
554.75,6.100515908019,2411,537.5,572.0
590.75,6.104407940324,2412,571.5,610.0
632.75,6.106272143141,2413,609.5,656.0
685.25,6.108131641165,2414,655.5,715.0
750.25,6.110041274643,2415,714.5,786.0
833.0,6.113918107764,2416,785.5,880.5
384.25,6.121739993509,2418,379.5,389.0
394.25,6.123603858566,2419,388.5,400.0
406.25,6.125468140856,2420,399.5,413.0
419.25,6.127326025581,2421,412.5,426.0
433.75,6.131206657505,2422,425.5,442.0
450.75,6.133071241792,2423,441.5,460.0
471.75,6.134935190296,2424,459.5,484.0
496.25,6.136799242115,2425,483.5,509.0
523.25,6.138657242076,2426,508.5,538.0
554.75,6.140568008041,2427,537.5,572.0
590.75,6.144456142203,2428,571.5,610.0
632.75,6.14631965758,2429,609.5,656.0
685.25,6.148178074773,2430,655.5,715.0
750.25,6.150087926801,2431,714.5,786.0
833.0,6.153966977215,2432,785.5,880.5
384.25,6.161787209924,2434,379.5,389.0
394.25,6.16365147632,2435,388.5,400.0
406.25,6.165509341176,2436,399.5,413.0
419.25,6.167419173336,2437,412.5,426.0
433.75,6.171305876986,2438,425.5,442.0
450.75,6.173169559256,2439,441.5,460.0
471.75,6.175033873336,2440,459.5,484.0
496.25,6.176898342387,2441,483.5,509.0
523.25,6.178756060219,2442,508.5,538.0
554.75,6.180666293716,2443,537.5,572.0
590.75,6.184554590797,2444,571.5,610.0
632.75,6.186419175084,2445,609.5,656.0
685.25,6.188283075905,2446,655.5,715.0
750.25,6.190141409651,2447,714.5,786.0
833.0,6.19401539367,2448,785.5,880.5
384.25,6.203339209175,2450,379.5,389.0
394.25,6.205203892803,2451,388.5,400.0
406.25,6.207061892764,2452,399.5,413.0
419.25,6.208985843277,2453,412.5,426.0
433.75,6.212871259467,2454,425.5,442.0
450.75,6.214734290059,2455,441.5,460.0
471.75,6.216598341878,2456,459.5,484.0
496.25,6.218462310251,2457,483.5,509.0
523.25,6.220320624129,2458,508.5,538.0
554.75,6.222231692092,2459,537.5,572.0
590.75,6.226119560019,2460,571.5,610.0
632.75,6.227982960161,2461,609.5,656.0
685.25,6.229850441233,2462,655.5,715.0
750.25,6.23170877498,2463,714.5,786.0
833.0,6.235579973475,2464,785.5,880.5
384.25,6.243384176509,2466,379.5,389.0
394.25,6.245248323695,2467,388.5,400.0
406.25,6.247112792746,2468,399.5,413.0
419.25,6.248970192687,2469,412.5,426.0
433.75,6.25285252533,2470,425.5,442.0
450.75,6.25471560758,2471,441.5,460.0
471.75,6.256574342664,2472,459.5,484.0
496.25,6.258489324665,2473,483.5,509.0
523.25,6.260347276942,2474,508.5,538.0
554.75,6.262257176654,2475,537.5,572.0
590.75,6.266135074711,2476,571.5,610.0
632.75,6.267998943742,2477,609.5,656.0
685.25,6.269857225831,2478,655.5,715.0
750.25,6.271767010307,2479,714.5,786.0
833.0,6.275645210361,2480,785.5,880.5
384.25,6.283465991433,2482,379.5,389.0
394.25,6.285330075041,2483,388.5,400.0
406.25,6.287194226201,2484,399.5,413.0
419.25,6.289052909629,2485,412.5,426.0
433.75,6.292933275318,2486,425.5,442.0
450.75,6.294796858247,2487,441.5,460.0
471.75,6.296661510086,2488,459.5,484.0
496.25,6.298524675783,2489,483.5,509.0
523.25,6.300383077081,2490,508.5,538.0
554.75,6.302293457603,2491,537.5,572.0
590.75,6.306182974593,2492,571.5,610.0
632.75,6.308046573416,2493,609.5,656.0
685.25,6.30990460914,2494,655.5,715.0
750.25,6.311827506638,2495,714.5,786.0
833.0,6.315725443776,2496,785.5,880.5
384.25,6.323530608431,2498,379.5,389.0
394.25,6.325395109272,2499,388.5,400.0
406.25,6.327259343878,2500,399.5,413.0
419.25,6.329117610073,2501,412.5,426.0
433.75,6.332998377101,2502,425.5,442.0
450.75,6.33486184082,2503,441.5,460.0
471.75,6.336721326923,2504,459.5,484.0
496.25,6.338637159284,2505,483.5,509.0
523.25,6.340495191034,2506,508.5,538.0
554.75,6.34241135718,2507,537.5,572.0
590.75,6.346298374748,2508,571.5,610.0
632.75,6.348161492761,2509,609.5,656.0
685.25,6.350026359177,2510,655.5,715.0
750.25,6.351884375032,2511,714.5,786.0
833.0,6.355758192158,2512,785.5,880.5
384.25,6.365082091109,2514,379.5,389.0
394.25,6.366946289953,2515,388.5,400.0
406.25,6.368810592111,2516,399.5,413.0
419.25,6.370669108645,2517,412.5,426.0
433.75,6.374547292805,2518,425.5,442.0
450.75,6.37641134065,2519,441.5,460.0
471.75,6.378274657345,2520,459.5,484.0
496.25,6.380138959503,2521,483.5,509.0
523.25,6.381997340933,2522,508.5,538.0
554.75,6.383907010174,2523,537.5,572.0
590.75,6.387795776145,2524,571.5,610.0
632.75,6.389659374968,2525,609.5,656.0
685.25,6.391518058395,2526,655.5,715.0
750.25,6.393427556769,2527,714.5,786.0
833.0,6.397306710498,2528,785.5,880.5
384.25,6.405118125693,2530,379.5,389.0
394.25,6.406982376194,2531,388.5,400.0
406.25,6.408840507285,2532,399.5,413.0
419.25,6.410751440144,2533,412.5,426.0
433.75,6.4146608929,2534,425.5,442.0
450.75,6.416524277147,2535,441.5,460.0
471.75,6.41838260692,2536,459.5,484.0
496.25,6.420299273745,2537,483.5,509.0
523.25,6.422163675245,2538,508.5,538.0
554.75,6.424021941439,2539,537.5,572.0
590.75,6.427910874303,2540,571.5,610.0
632.75,6.429774290339,2541,609.5,656.0
685.25,6.431632691638,2542,655.5,715.0
750.25,6.433544224517,2543,714.5,786.0
833.0,6.437421323872,2544,785.5,880.5
384.25,6.445225856717,2546,379.5,389.0
394.25,6.447090142981,2547,388.5,400.0
406.25,6.448954190826,2548,399.5,413.0
419.25,6.450812890148,2549,412.5,426.0
433.75,6.454694225407,2550,425.5,442.0
450.75,6.456558142122,2551,441.5,460.0
471.75,6.45842175684,2552,459.5,484.0
496.25,6.460285892105,2553,483.5,509.0
523.25,6.462144126511,2554,508.5,538.0
554.75,6.464055126921,2555,537.5,572.0
590.75,6.467942140516,2556,571.5,610.0
632.75,6.469805540657,2557,609.5,656.0
685.25,6.471663874404,2558,655.5,715.0
750.25,6.473573774115,2559,714.5,786.0
833.0,6.477452860292,2560,785.5,880.5
384.25,6.485273677127,2562,379.5,389.0
394.25,6.487137458738,2563,388.5,400.0
406.25,6.488995808379,2564,399.5,413.0
419.25,6.490906741238,2565,412.5,426.0
433.75,6.494792141533,2566,425.5,442.0
450.75,6.49665565691,2567,441.5,460.0
471.75,6.498519657071,2568,459.5,484.0
496.25,6.500383808231,2569,483.5,509.0
523.25,6.502242523448,2570,508.5,538.0
554.75,6.504152574158,2571,537.5,572.0
590.75,6.508040640767,2572,571.5,610.0
632.75,6.509904640929,2573,609.5,656.0
685.25,6.511762875334,2574,655.5,715.0
750.25,6.513672326024,2575,714.5,786.0
833.0,6.517552576478,2576,785.5,880.5
384.25,6.526874289926,2578,379.5,389.0
394.25,6.52873302501,2579,388.5,400.0
406.25,6.530652076022,2580,399.5,413.0
419.25,6.532510191218,2581,412.5,426.0
433.75,6.536390358226,2582,425.5,442.0
450.75,6.538254660384,2583,441.5,460.0
471.75,6.540119240697,2584,459.5,484.0
496.25,6.541985823727,2585,483.5,509.0
523.25,6.54384424092,2586,508.5,538.0
554.75,6.545753957844,2587,537.5,572.0
590.75,6.549639374034,2588,571.5,610.0
632.75,6.55150300862,2589,609.5,656.0
685.25,6.553360909239,2590,655.5,715.0
750.25,6.555272740142,2591,714.5,786.0
833.0,6.559149708366,2592,785.5,880.5
384.25,6.566953990873,2594,379.5,389.0
394.25,6.568817859904,2595,388.5,400.0
406.25,6.570675923443,2596,399.5,413.0
419.25,6.572587742424,2597,412.5,426.0
433.75,6.576472673829,2598,425.5,442.0
450.75,6.578335926946,2599,441.5,460.0
471.75,6.580194292482,2600,459.5,484.0
496.25,6.58210932614,2601,483.5,509.0
523.25,6.583967640018,2602,508.5,538.0
554.75,6.585879041767,2603,537.5,572.0
590.75,6.589770609156,2604,571.5,610.0
632.75,6.591634259637,2605,609.5,656.0
685.25,6.593492307281,2606,655.5,715.0
750.25,6.595402556674,2607,714.5,786.0
833.0,6.59928177398,2608,785.5,880.5
384.25,6.607101792113,2610,379.5,389.0
394.25,6.608965541935,2611,388.5,400.0
406.25,6.610824126021,2612,399.5,413.0
419.25,6.612734224415,2613,412.5,426.0
433.75,6.616635924594,2614,425.5,442.0
450.75,6.618499475733,2615,441.5,460.0
471.75,6.620357690271,2616,459.5,484.0
496.25,6.62227389218,2617,483.5,509.0
523.25,6.6241327425,2618,508.5,538.0
554.75,6.626042642212,2619,537.5,572.0
590.75,6.629935926215,2620,571.5,610.0
632.75,6.631799942271,2621,609.5,656.0
685.25,6.633663990116,2622,655.5,715.0
750.25,6.635521926498,2623,714.5,786.0
833.0,6.639396427091,2624,785.5,880.5
384.25,6.6472004076,2626,379.5,389.0
394.25,6.649065091228,2627,388.5,400.0
406.25,6.650923540211,2628,399.5,413.0
419.25,6.652833058453,2629,412.5,426.0
433.75,6.656719110425,2630,425.5,442.0
450.75,6.658582260227,2631,441.5,460.0
471.75,6.660447241879,2632,459.5,484.0
496.25,6.662311508274,2633,483.5,509.0
523.25,6.664169726785,2634,508.5,538.0
554.75,6.666079690075,2635,537.5,572.0
590.75,6.669968626912,2636,571.5,610.0
632.75,6.671832674758,2637,609.5,656.0
685.25,6.673690690613,2638,655.5,715.0
750.25,6.675601957258,2639,714.5,786.0
833.0,6.679478242016,2640,785.5,880.5
384.25,6.688784859594,2642,379.5,389.0
394.25,6.690648808098,2643,388.5,400.0
406.25,6.692513142045,2644,399.5,413.0
419.25,6.694371360556,2645,412.5,426.0
433.75,6.69824994208,2646,425.5,442.0
450.75,6.70011447471,2647,441.5,460.0
471.75,6.701972426987,2648,459.5,484.0
496.25,6.703890893873,2649,483.5,509.0
523.25,6.705754592037,2650,508.5,538.0
554.75,6.707613426463,2651,537.5,572.0
590.75,6.711499824142,2652,571.5,610.0
632.75,6.713363526281,2653,609.5,656.0
685.25,6.715227343655,2654,655.5,715.0
750.25,6.717085625744,2655,714.5,786.0
833.0,6.720960110442,2656,785.5,880.5
384.25,6.728780557728,2658,379.5,389.0
394.25,6.730638490136,2659,388.5,400.0
406.25,6.732574190712,2660,399.5,413.0
419.25,6.734432357566,2661,412.5,426.0
433.75,6.738315508779,2662,425.5,442.0
450.75,6.74017954073,2663,441.5,460.0
471.75,6.742043258762,2664,459.5,484.0
496.25,6.743901791191,2665,483.5,509.0
523.25,6.745818108336,2666,508.5,538.0
554.75,6.747676608976,2667,537.5,572.0
590.75,6.751564409351,2668,571.5,610.0
632.75,6.753428159173,2669,609.5,656.0
685.25,6.755292842801,2670,655.5,715.0
750.25,6.757150942103,2671,714.5,786.0
833.0,6.761024910227,2672,785.5,880.5
384.25,6.768829776859,2674,379.5,389.0
394.25,6.77069355847,2675,388.5,400.0
406.25,6.772557590421,2676,399.5,413.0
419.25,6.774415793037,2677,412.5,426.0
433.75,6.778297426319,2678,425.5,442.0
450.75,6.780161509927,2679,441.5,460.0
471.75,6.782019676781,2680,459.5,484.0
496.25,6.783936589972,2681,483.5,509.0
523.25,6.785800641791,2682,508.5,538.0
554.75,6.787658876197,2683,537.5,572.0
590.75,6.791546458022,2684,571.5,610.0
632.75,6.793409925715,2685,609.5,656.0
685.25,6.795273456987,2686,655.5,715.0
750.25,6.797131890074,2687,714.5,786.0
833.0,6.801006875451,2688,785.5,880.5
384.25,6.808810808277,2690,379.5,389.0
394.25,6.810674792544,2691,388.5,400.0
406.25,6.812533173974,2692,399.5,413.0
419.25,6.814456158892,2693,412.5,426.0
433.75,6.818344825522,2694,425.5,442.0
450.75,6.820208193874,2695,441.5,460.0
471.75,6.822072392718,2696,459.5,484.0
496.25,6.823936841901,2697,483.5,509.0
523.25,6.825796292241,2698,508.5,538.0
554.75,6.827706791973,2699,537.5,572.0
590.75,6.831594373798,2700,571.5,610.0
632.75,6.833457809703,2701,609.5,656.0
685.25,6.835316123581,2702,655.5,715.0
750.25,6.837226607418,2703,714.5,786.0
833.0,6.841104791578,2704,785.5,880.5
384.25,6.850411325709,2706,379.5,389.0
394.25,6.852275560315,2707,388.5,400.0
406.25,6.854133874194,2708,399.5,413.0
419.25,6.856043642775,2709,412.5,426.0
433.75,6.859927640375,2710,425.5,442.0
450.75,6.861791425959,2711,441.5,460.0
471.75,6.863649890836,2712,459.5,484.0
496.25,6.865565043704,2713,483.5,509.0
523.25,6.867428642527,2714,508.5,538.0
554.75,6.869286559041,2715,537.5,572.0
590.75,6.873175925032,2716,571.5,610.0
632.75,6.875040723896,2717,609.5,656.0
685.25,6.876898759619,2718,655.5,715.0
750.25,6.878808893776,2719,714.5,786.0
833.0,6.882686374601,2720,785.5,880.5
384.25,6.890490140533,2722,379.5,389.0
394.25,6.89234847428,2723,388.5,400.0
406.25,6.894265443103,2724,399.5,413.0
419.25,6.896123490747,2725,412.5,426.0
433.75,6.900008891042,2726,425.5,442.0
450.75,6.90187199316,2727,441.5,460.0
471.75,6.903736358897,2728,459.5,484.0
496.25,6.905600573635,2729,483.5,509.0
523.25,6.907458907382,2730,508.5,538.0
554.75,6.909384793059,2731,537.5,572.0
590.75,6.913274373627,2732,571.5,610.0
632.75,6.915138075765,2733,609.5,656.0
685.25,6.91700212361,2734,655.5,715.0
750.25,6.91886097393,2735,714.5,786.0
833.0,6.922735291735,2736,785.5,880.5
384.25,6.930555623786,2738,379.5,389.0
394.25,6.932419874287,2739,388.5,400.0
406.25,6.934278657055,2740,399.5,413.0
419.25,6.93619014225,2741,412.5,426.0
433.75,6.940073857721,2742,425.5,442.0
450.75,6.941937377071,2743,441.5,460.0
471.75,6.943795257823,2744,459.5,484.0
496.25,6.945710990842,2745,483.5,509.0
523.25,6.947569324589,2746,508.5,538.0
554.75,6.949480324999,2747,537.5,572.0
590.75,6.953372675196,2748,571.5,610.0
632.75,6.955237390614,2749,609.5,656.0
685.25,6.95710184377,2750,655.5,715.0
750.25,6.958960157649,2751,714.5,786.0
833.0,6.962832842286,2752,785.5,880.5
384.25,6.970636874453,2754,379.5,389.0
394.25,6.972495343304,2755,388.5,400.0
406.25,6.974413075066,2756,399.5,413.0
419.25,6.976271424707,2757,412.5,426.0
433.75,6.980154742813,2758,425.5,442.0
450.75,6.982019374784,2759,441.5,460.0
471.75,6.983883092817,2760,459.5,484.0
496.25,6.985747406896,2761,483.5,509.0
523.25,6.98760532341,2762,508.5,538.0
554.75,6.989516073481,2763,537.5,572.0
590.75,6.993404740111,2764,571.5,610.0
632.75,6.995268140252,2765,609.5,656.0
685.25,6.99713222386,2766,655.5,715.0
750.25,6.998990541712,2767,714.5,786.0
833.0,7.002864640967,2768,785.5,880.5
384.25,7.012170606867,2770,379.5,389.0
394.25,7.014034424241,2771,388.5,400.0
406.25,7.015893143431,2772,399.5,413.0
419.25,7.017803059038,2773,412.5,426.0
433.75,7.021686993059,2774,425.5,442.0
450.75,7.023550591882,2775,441.5,460.0
471.75,7.025415140406,2776,459.5,484.0
496.25,7.027281341966,2777,483.5,509.0
523.25,7.029140176392,2778,508.5,538.0
554.75,7.03104990921,2779,537.5,572.0
590.75,7.034936008867,2780,571.5,610.0
632.75,7.036800609048,2781,609.5,656.0
685.25,7.038664390659,2782,655.5,715.0
750.25,7.040522807852,2783,714.5,786.0
833.0,7.044396426296,2784,785.5,880.5
384.25,7.052202024078,2786,379.5,389.0
394.25,7.054065710322,2787,388.5,400.0
406.25,7.055929758167,2788,399.5,413.0
419.25,7.057788107808,2789,412.5,426.0
433.75,7.061668807284,2790,425.5,442.0
450.75,7.063532843208,2791,441.5,460.0
471.75,7.065391208744,2792,459.5,484.0
496.25,7.06730724376,2793,483.5,509.0
523.25,7.069165192064,2794,508.5,538.0
554.75,7.071076573944,2795,537.5,572.0
590.75,7.074967640654,2796,571.5,610.0
632.75,7.076831843472,2797,609.5,656.0
685.25,7.07869592708,2798,655.5,715.0
750.25,7.080554157511,2799,714.5,786.0
833.0,7.084428157425,2800,785.5,880.5
384.25,7.09223220946,2802,379.5,389.0
394.25,7.094095824178,2803,388.5,400.0
406.25,7.095965907987,2804,399.5,413.0
419.25,7.097824007289,2805,412.5,426.0
433.75,7.101717275397,2806,425.5,442.0
450.75,7.103580258306,2807,441.5,460.0
471.75,7.105444357808,2808,459.5,484.0
496.25,7.107302691555,2809,483.5,509.0
523.25,7.109219358381,2810,508.5,538.0
554.75,7.111077692127,2811,537.5,572.0
590.75,7.114981859938,2812,571.5,610.0
632.75,7.11684526008,2813,609.5,656.0
685.25,7.118703275935,2814,655.5,715.0
750.25,7.120613123989,2815,714.5,786.0
833.0,7.124493290997,2816,785.5,880.5
384.25,7.132313090579,2818,379.5,389.0
394.25,7.134177758312,2819,388.5,400.0
406.25,7.136036008612,2820,399.5,413.0
419.25,7.137945824877,2821,412.5,426.0
433.75,7.141831757641,2822,425.5,442.0
450.75,7.143695360438,2823,441.5,460.0
471.75,7.145554123338,2824,459.5,484.0
496.25,7.147471441841,2825,483.5,509.0
523.25,7.149335342662,2826,508.5,538.0
554.75,7.151193624751,2827,537.5,572.0
590.75,7.155081190681,2828,571.5,610.0
632.75,7.156944459693,2829,609.5,656.0
685.25,7.158809326108,2830,655.5,715.0
750.25,7.160667274412,2831,714.5,786.0
833.0,7.164541206773,2832,785.5,880.5
384.25,7.172362858073,2834,379.5,389.0
394.25,7.174226643658,2835,388.5,400.0
406.25,7.176090675608,2836,399.5,413.0
419.25,7.177949124591,2837,412.5,426.0
433.75,7.181831175105,2838,425.5,442.0
450.75,7.183694909032,2839,441.5,460.0
471.75,7.185552726205,2840,459.5,484.0
496.25,7.187468276437,2841,483.5,509.0
523.25,7.189331942813,2842,508.5,538.0
554.75,7.191190209007,2843,537.5,572.0
590.75,7.195079658445,2844,571.5,610.0
632.75,7.196942824141,2845,609.5,656.0
685.25,7.198806792514,2846,655.5,715.0
750.25,7.200665110366,2847,714.5,786.0
833.0,7.204539893087,2848,785.5,880.5
384.25,7.213845743752,2850,379.5,389.0
394.25,7.215709739939,2851,388.5,400.0
406.25,7.21757445933,2852,399.5,413.0
419.25,7.219432526843,2853,412.5,426.0
433.75,7.223311958726,2854,425.5,442.0
450.75,7.225175640996,2855,441.5,460.0
471.75,7.227039907392,2856,459.5,484.0
496.25,7.228904090341,2857,483.5,509.0
523.25,7.230763206895,2858,508.5,538.0
554.75,7.232672359562,2859,537.5,572.0
590.75,7.236576523399,2860,571.5,610.0
632.75,7.238440257327,2861,609.5,656.0
685.25,7.240304809825,2862,655.5,715.0
750.25,7.242163540936,2863,714.5,786.0
833.0,7.246038124975,2864,785.5,880.5
384.25,7.253858143107,2866,379.5,389.0
394.25,7.255717676894,2867,388.5,400.0
406.25,7.257633640385,2868,399.5,413.0
419.25,7.259491592662,2869,412.5,426.0
433.75,7.263392307377,2870,425.5,442.0
450.75,7.265255759176,2871,441.5,460.0
471.75,7.26712065738,2872,459.5,484.0
496.25,7.268984876092,2873,483.5,509.0
523.25,7.270843376732,2874,508.5,538.0
554.75,7.272753626124,2875,537.5,572.0
590.75,7.276642308648,2876,571.5,610.0
632.75,7.278506857173,2877,609.5,656.0
685.25,7.280370757993,2878,655.5,715.0
750.25,7.282228726165,2879,714.5,786.0
833.0,7.286103107548,2880,785.5,880.5
384.25,7.293907290713,2882,379.5,389.0
394.25,7.295771541214,2883,388.5,400.0
406.25,7.297636057949,2884,399.5,413.0
419.25,7.299494073804,2885,412.5,426.0
433.75,7.303376656787,2886,425.5,442.0
450.75,7.305240708605,2887,441.5,460.0
471.75,7.307099006589,2888,459.5,484.0
496.25,7.309014040248,2889,483.5,509.0
523.25,7.310872373994,2890,508.5,538.0
554.75,7.312783457851,2891,537.5,572.0
590.75,7.316674842453,2892,571.5,610.0
632.75,7.318538524723,2893,609.5,656.0
685.25,7.320402008311,2894,655.5,715.0
750.25,7.322260357952,2895,714.5,786.0
833.0,7.326134743309,2896,785.5,880.5
384.25,7.333938525136,2898,379.5,389.0
394.25,7.335802624639,2899,388.5,400.0
406.25,7.3376666248,2900,399.5,413.0
419.25,7.339525340017,2901,412.5,426.0
433.75,7.34340690972,2902,425.5,442.0
450.75,7.345270393308,2903,441.5,460.0
471.75,7.347134373601,2904,459.5,484.0
496.25,7.348998540656,2905,483.5,509.0
523.25,7.350857291635,2906,508.5,538.0
554.75,7.352767723815,2907,537.5,572.0
590.75,7.35665539306,2908,571.5,610.0
632.75,7.358519393222,2909,609.5,656.0
685.25,7.360383190727,2910,655.5,715.0
750.25,7.362241623815,2911,714.5,786.0
833.0,7.366116259511,2912,785.5,880.5
384.25,7.375439725335,2914,379.5,389.0
394.25,7.377309010442,2915,388.5,400.0
406.25,7.379167360083,2916,399.5,413.0
419.25,7.381078110154,2917,412.5,426.0
433.75,7.384971874968,2918,425.5,442.0
450.75,7.386836073812,2919,441.5,460.0
471.75,7.388700141525,2920,459.5,484.0
496.25,7.390558960056,2921,483.5,509.0
523.25,7.392473973846,2922,508.5,538.0
554.75,7.394331910229,2923,537.5,572.0
590.75,7.398220874882,2924,571.5,610.0
632.75,7.400085423406,2925,609.5,656.0
685.25,7.401943224684,2926,655.5,715.0
750.25,7.403854809221,2927,714.5,786.0
833.0,7.407731892681,2928,785.5,880.5
384.25,7.415535257276,2930,379.5,389.0
394.25,7.417398959414,2931,388.5,400.0
406.25,7.419263293362,2932,399.5,413.0
419.25,7.421122874832,2933,412.5,426.0
433.75,7.425003657754,2934,425.5,442.0
450.75,7.426867475128,2935,441.5,460.0
471.75,7.428731240845,2936,459.5,484.0
496.25,7.43059490722,2937,483.5,509.0
523.25,7.432453193283,2938,508.5,538.0
554.75,7.434380791601,2939,537.5,572.0
590.75,7.438269390678,2940,571.5,610.0
632.75,7.440132592138,2941,609.5,656.0
685.25,7.441990842438,2942,655.5,715.0
750.25,7.443900658703,2943,714.5,786.0
833.0,7.447779840247,2944,785.5,880.5
384.25,7.455599973615,2946,379.5,389.0
394.25,7.457464192327,2947,388.5,400.0
406.25,7.459328740851,2948,399.5,413.0
419.25,7.461187074598,2949,412.5,426.0
433.75,7.465084010379,2950,425.5,442.0
450.75,7.466947509861,2951,441.5,460.0
471.75,7.468806125736,2952,459.5,484.0
496.25,7.470721509075,2953,483.5,509.0
523.25,7.472579842822,2954,508.5,538.0
554.75,7.474489460405,2955,537.5,572.0
590.75,7.478367342567,2956,571.5,610.0
632.75,7.480232208983,2957,609.5,656.0
685.25,7.482090657965,2958,655.5,715.0
750.25,7.484000676886,2959,714.5,786.0
833.0,7.487878225263,2960,785.5,880.5
384.25,7.495698608971,2962,379.5,389.0
394.25,7.497563157495,2963,388.5,400.0
406.25,7.499426927185,2964,399.5,413.0
419.25,7.501285042381,2965,412.5,426.0
433.75,7.505167343235,2966,425.5,442.0
450.75,7.507030890401,2967,441.5,460.0
471.75,7.508889192359,2968,459.5,484.0
496.25,7.510817625141,2969,483.5,509.0
523.25,7.512681907431,2970,508.5,538.0
554.75,7.514539474265,2971,537.5,572.0
590.75,7.518432209905,2972,571.5,610.0
632.75,7.52029590807,2973,609.5,656.0
685.25,7.522154174264,2974,655.5,715.0
750.25,7.524065258121,2975,714.5,786.0
833.0,7.527943275388,2976,785.5,880.5
384.25,7.537267341232,2978,379.5,389.0
394.25,7.539131925519,2979,388.5,400.0
406.25,7.540995941575,2980,399.5,413.0
419.25,7.542854160086,2981,412.5,426.0
433.75,7.546748107688,2982,425.5,442.0
450.75,7.548611674722,2983,441.5,460.0
471.75,7.550476076221,2984,459.5,484.0
496.25,7.552340275065,2985,483.5,509.0
523.25,7.554198525365,2986,508.5,538.0
554.75,7.556109509881,2987,537.5,572.0
590.75,7.559998490429,2988,571.5,610.0
632.75,7.561862025674,2989,609.5,656.0
685.25,7.563726693408,2990,655.5,715.0
750.25,7.565585007286,2991,714.5,786.0
833.0,7.569457540925,2992,785.5,880.5
384.25,7.577278409417,2994,379.5,389.0
394.25,7.579142258581,2995,388.5,400.0
406.25,7.581006457424,2996,399.5,413.0
419.25,7.582865025616,2997,412.5,426.0
433.75,7.586747441705,2998,425.5,442.0
450.75,7.588611223316,2999,441.5,460.0
471.75,7.590474607563,3000,459.5,484.0
496.25,7.592338774618,3001,483.5,509.0
523.25,7.594197108364,3002,508.5,538.0
554.75,7.596107075628,3003,537.5,572.0
590.75,7.59999590915,3004,571.5,610.0
632.75,7.601859690762,3005,609.5,656.0
685.25,7.603724076366,3006,655.5,715.0
750.25,7.60558224322,3007,714.5,786.0
833.0,7.609456143792,3008,785.5,880.5
384.25,7.617260092513,3010,379.5,389.0
394.25,7.619124458249,3011,388.5,400.0
406.25,7.620982509867,3012,399.5,413.0
419.25,7.622893625514,3013,412.5,426.0
433.75,7.626778227107,3014,425.5,442.0
450.75,7.628641742484,3015,441.5,460.0
471.75,7.630505941327,3016,459.5,484.0
496.25,7.632364275074,3017,483.5,509.0
523.25,7.634279257075,3018,508.5,538.0
554.75,7.636137559032,3019,537.5,572.0
590.75,7.640027660147,3020,571.5,610.0
632.75,7.641891024526,3021,609.5,656.0
685.25,7.643755708154,3022,655.5,715.0
750.25,7.645613592879,3023,714.5,786.0
833.0,7.649488057709,3024,785.5,880.5
384.25,7.657308524863,3026,379.5,389.0
394.25,7.659173073387,3027,388.5,400.0
406.25,7.66103760999,3028,399.5,413.0
419.25,7.662895907974,3029,412.5,426.0
433.75,7.66677660745,3030,425.5,442.0
450.75,7.668639574464,3031,441.5,460.0
471.75,7.67050419054,3032,459.5,484.0
496.25,7.672368842379,3033,483.5,509.0
523.25,7.674226727104,3034,508.5,538.0
554.75,7.676153192933,3035,537.5,572.0
590.75,7.680042392031,3036,571.5,610.0
632.75,7.681905823962,3037,609.5,656.0
685.25,7.683764491494,3038,655.5,715.0
750.25,7.685674991226,3039,714.5,786.0
833.0,7.689552809811,3040,785.5,880.5
384.25,7.69885905784,3042,379.5,389.0
394.25,7.700728692627,3043,388.5,400.0
406.25,7.702593376255,3044,399.5,413.0
419.25,7.704451324558,3045,412.5,426.0
433.75,7.708357876555,3046,425.5,442.0
450.75,7.710221558825,3047,441.5,460.0
471.75,7.712079976018,3048,459.5,484.0
496.25,7.713994942125,3049,483.5,509.0
523.25,7.715853740788,3050,508.5,538.0
554.75,7.71776360871,3051,537.5,572.0
590.75,7.721657357629,3052,571.5,610.0
632.75,7.723521425343,3053,609.5,656.0
685.25,7.72537925841,3054,655.5,715.0
750.25,7.727289241568,3055,714.5,786.0
833.0,7.731168407218,3056,785.5,880.5
384.25,7.738988107459,3058,379.5,389.0
394.25,7.740852524853,3059,388.5,400.0
406.25,7.742716910458,3060,399.5,413.0
419.25,7.744575057443,3061,412.5,426.0
433.75,7.748456976827,3062,425.5,442.0
450.75,7.75032107633,3063,441.5,460.0
471.75,7.752185442066,3064,459.5,484.0
496.25,7.754049942907,3065,483.5,509.0
523.25,7.755908407784,3066,508.5,538.0
554.75,7.757817874368,3067,537.5,572.0
590.75,7.761706191317,3068,571.5,610.0
632.75,7.763570390161,3069,609.5,656.0
685.25,7.765434974448,3070,655.5,715.0
750.25,7.767293308194,3071,714.5,786.0
833.0,7.771166342513,3072,785.5,880.5
384.25,7.778987143453,3074,379.5,389.0
394.25,7.78085150919,3075,388.5,400.0
406.25,7.782715358353,3076,399.5,413.0
419.25,7.784573676205,3077,412.5,426.0
433.75,7.788455293592,3078,425.5,442.0
450.75,7.790319492435,3079,441.5,460.0
471.75,7.792177508291,3080,459.5,484.0
496.25,7.794092792288,3081,483.5,509.0
523.25,7.79595111014,3082,508.5,538.0
554.75,7.797862158235,3083,537.5,572.0
590.75,7.801754409091,3084,571.5,610.0
632.75,7.803618309911,3085,609.5,656.0
685.25,7.805482508755,3086,655.5,715.0
750.25,7.807340707397,3087,714.5,786.0
833.0,7.811214675522,3088,785.5,880.5
384.25,7.819018358008,3090,379.5,389.0
394.25,7.820882374064,3091,388.5,400.0
406.25,7.822748142497,3092,399.5,413.0
419.25,7.824607024606,3093,412.5,426.0
433.75,7.828487342612,3094,425.5,442.0
450.75,7.830350691096,3095,441.5,460.0
471.75,7.832215307172,3096,459.5,484.0
496.25,7.834079291439,3097,483.5,509.0
523.25,7.835937740421,3098,508.5,538.0
554.75,7.837848375257,3099,537.5,572.0
590.75,7.841735543823,3100,571.5,610.0
632.75,7.843599492327,3101,609.5,656.0
685.25,7.845457575734,3102,655.5,715.0
750.25,7.847367423789,3103,714.5,786.0
833.0,7.851245890077,3104,785.5,880.5
384.25,7.860552841441,3106,379.5,389.0
394.25,7.862417091942,3107,388.5,400.0
406.25,7.864281326548,3108,399.5,413.0
419.25,7.86613917551,3109,412.5,426.0
433.75,7.870018325265,3110,425.5,442.0
450.75,7.871881991641,3111,441.5,460.0
471.75,7.873746591822,3112,459.5,484.0
496.25,7.875610643641,3113,483.5,509.0
523.25,7.877469509856,3114,508.5,538.0
554.75,7.879378841337,3115,537.5,572.0
590.75,7.883266907946,3116,571.5,610.0
632.75,7.885130292193,3117,609.5,656.0
685.25,7.886988542493,3118,655.5,715.0
750.25,7.888912556585,3119,714.5,786.0
833.0,7.892794523652,3120,785.5,880.5
384.25,7.900598690923,3122,379.5,389.0
394.25,7.902462774531,3123,388.5,400.0
406.25,7.90432720782,3124,399.5,413.0
419.25,7.906185374673,3125,412.5,426.0
433.75,7.910066256936,3126,425.5,442.0
450.75,7.911929923312,3127,441.5,460.0
471.75,7.91378819348,3128,459.5,484.0
496.25,7.915703243033,3129,483.5,509.0
523.25,7.917561258888,3130,508.5,538.0
554.75,7.919473673916,3131,537.5,572.0
590.75,7.923365841325,3132,571.5,610.0
632.75,7.925229440149,3133,609.5,656.0
685.25,7.927088191128,3134,655.5,715.0
750.25,7.92899759016,3135,714.5,786.0
833.0,7.932876159763,3136,785.5,880.5
384.25,7.942183023707,3138,379.5,389.0
394.25,7.944047226524,3139,388.5,400.0
406.25,7.9459058424,3140,399.5,413.0
419.25,7.947815356668,3141,412.5,426.0
433.75,7.95169818999,3142,425.5,442.0
450.75,7.953561776892,3143,441.5,460.0
471.75,7.955426643308,3144,459.5,484.0
496.25,7.957290357367,3145,483.5,509.0
523.25,7.959148691114,3146,508.5,538.0
554.75,7.961058392143,3147,537.5,572.0
590.75,7.96496327521,3148,571.5,610.0
632.75,7.966827191925,3149,609.5,656.0
685.25,7.968691243744,3150,655.5,715.0
750.25,7.970549176153,3151,714.5,786.0
833.0,7.974424725787,3152,785.5,880.5
384.25,7.98224462471,3154,379.5,389.0
394.25,7.984109109656,3155,388.5,400.0
406.25,7.985972990608,3156,399.5,413.0
419.25,7.98783095878,3157,412.5,426.0
433.75,7.991713275528,3158,425.5,442.0
450.75,7.993576842562,3159,441.5,460.0
471.75,7.995440743383,3160,459.5,484.0
496.25,7.997304942226,3161,483.5,509.0
523.25,7.99916935962,3162,508.5,538.0
554.75,8.001027876155,3163,537.5,572.0
590.75,8.004912660535,3164,571.5,610.0
632.75,8.006776458041,3165,609.5,656.0
685.25,8.008640358861,3166,655.5,715.0
750.25,8.010498692608,3167,714.5,786.0
833.0,8.014373010413,3168,785.5,880.5
384.25,8.023379824575,3170,379.5,389.0
394.25,8.025244992987,3171,388.5,400.0
406.25,8.027102873739,3172,399.5,413.0
419.25,8.029022008197,3173,412.5,426.0
433.75,8.032911775525,3174,425.5,442.0
450.75,8.034775791581,3175,441.5,460.0
471.75,8.036633525308,3176,459.5,484.0
496.25,8.038549993451,3177,483.5,509.0
523.25,8.040414275742,3178,508.5,538.0
554.75,8.042272526042,3179,537.5,572.0
590.75,8.046160374101,3180,571.5,610.0
632.75,8.048024123923,3181,609.5,656.0
685.25,8.049882843113,3182,655.5,715.0
750.25,8.051803757763,3183,714.5,786.0
833.0,8.055687743441,3184,785.5,880.5
384.25,8.063508043702,3186,379.5,389.0
394.25,8.065372107442,3187,388.5,400.0
406.25,8.067230341848,3188,399.5,413.0
419.25,8.069140758133,3189,412.5,426.0
433.75,8.073026690896,3190,425.5,442.0
450.75,8.07489075861,3191,441.5,460.0
471.75,8.076754973348,3192,459.5,484.0
496.25,8.078613307095,3193,483.5,509.0
523.25,8.08052997392,3194,508.5,538.0
554.75,8.082387806988,3195,537.5,572.0
590.75,8.086275790151,3196,571.5,610.0
632.75,8.088139226055,3197,609.5,656.0
685.25,8.0900032739,3198,655.5,715.0
750.25,8.091861691093,3199,714.5,786.0
833.0,8.095736223475,3200,785.5,880.5
384.25,8.105059041595,3202,379.5,389.0
394.25,8.106928775724,3203,388.5,400.0
406.25,8.108795740223,3204,399.5,413.0
419.25,8.110654840883,3205,412.5,426.0
433.75,8.11454249026,3206,425.5,442.0
450.75,8.116405874507,3207,441.5,460.0
471.75,8.118269457436,3208,459.5,484.0
496.25,8.120132976786,3209,483.5,509.0
523.25,8.121991807238,3210,508.5,538.0
554.75,8.123901293691,3211,537.5,572.0
590.75,8.127790409342,3212,571.5,610.0
632.75,8.129653825378,3213,609.5,656.0
685.25,8.131512123362,3214,655.5,715.0
750.25,8.133436240768,3215,714.5,786.0
833.0,8.137317476686,3216,785.5,880.5
384.25,8.145121639983,3218,379.5,389.0
394.25,8.14698562425,3219,388.5,400.0
406.25,8.148843806998,3220,399.5,413.0
419.25,8.150754990196,3221,412.5,426.0
433.75,8.154640307045,3222,425.5,442.0
450.75,8.156503393269,3223,441.5,460.0
471.75,8.158368490156,3224,459.5,484.0
496.25,8.160226943111,3225,483.5,509.0
523.25,8.162142493343,3226,508.5,538.0
554.75,8.164000926431,3227,537.5,572.0
590.75,8.167888691044,3228,571.5,610.0
632.75,8.169752893861,3229,609.5,656.0
685.25,8.171611692524,3230,655.5,715.0
750.25,8.173521659787,3231,714.5,786.0
833.0,8.177399108823,3232,785.5,880.5
384.25,8.186705559508,3234,379.5,389.0
394.25,8.18857521019,3235,388.5,400.0
406.25,8.190433357175,3236,399.5,413.0
419.25,8.192343825118,3237,412.5,426.0
433.75,8.196238325055,3238,425.5,442.0
450.75,8.198101776854,3239,441.5,460.0
471.75,8.199959975497,3240,459.5,484.0
496.25,8.201886723455,3241,483.5,509.0
523.25,8.203745025412,3242,508.5,538.0
554.75,8.205655274804,3243,537.5,572.0
590.75,8.209537659105,3244,571.5,610.0
632.75,8.211400824801,3245,609.5,656.0
685.25,8.213259508228,3246,655.5,715.0
750.25,8.215168990707,3247,714.5,786.0
833.0,8.219047174867,3248,785.5,880.5
384.25,8.226868126806,3250,379.5,389.0
394.25,8.228732107099,3251,388.5,400.0
406.25,8.230596075471,3252,399.5,413.0
419.25,8.232454290009,3253,412.5,426.0
433.75,8.236335724608,3254,425.5,442.0
450.75,8.238199390984,3255,441.5,460.0
471.75,8.240064090506,3256,459.5,484.0
496.25,8.241922559357,3257,483.5,509.0
523.25,8.243837624804,3258,508.5,538.0
554.75,8.245696526782,3259,537.5,572.0
590.75,8.249584641075,3260,571.5,610.0
632.75,8.251449209468,3261,609.5,656.0
685.25,8.253312824186,3262,655.5,715.0
750.25,8.25517109038,3263,714.5,786.0
833.0,8.259046508884,3264,785.5,880.5
384.25,8.268352923807,3266,379.5,389.0
394.25,8.270217408752,3267,388.5,400.0
406.25,8.272081377125,3268,399.5,413.0
419.25,8.273939623451,3269,412.5,426.0
433.75,8.277818141397,3270,425.5,442.0
450.75,8.279681275304,3271,441.5,460.0
471.75,8.281545641041,3272,459.5,484.0
496.25,8.283403942998,3273,483.5,509.0
523.25,8.285318940894,3274,508.5,538.0
554.75,8.287177926318,3275,537.5,572.0
590.75,8.291067959881,3276,571.5,610.0
632.75,8.292931308365,3277,609.5,656.0
685.25,8.29479557476,3278,655.5,715.0
750.25,8.296653940296,3279,714.5,786.0
833.0,8.300527924315,3280,785.5,880.5
384.25,8.308348041789,3282,379.5,389.0
394.25,8.310212276395,3283,388.5,400.0
406.25,8.312070975717,3284,399.5,413.0
419.25,8.313980776087,3285,412.5,426.0
433.75,8.317865806834,3286,425.5,442.0
450.75,8.319729393737,3287,441.5,460.0
471.75,8.321593076007,3288,459.5,484.0
496.25,8.323458073552,3289,483.5,509.0
523.25,8.325315890725,3290,508.5,538.0
554.75,8.327225842094,3291,537.5,572.0
590.75,8.33111544253,3292,571.5,610.0
632.75,8.332978842672,3293,609.5,656.0
685.25,8.334843756771,3294,655.5,715.0
750.25,8.336701860046,3295,714.5,786.0
833.0,8.34057585996,3296,785.5,880.5
384.25,8.348380023257,3298,379.5,389.0
394.25,8.350244607544,3299,388.5,400.0
406.25,8.352108540154,3300,399.5,413.0
419.25,8.353966440773,3301,412.5,426.0
433.75,8.357863726234,3302,425.5,442.0
450.75,8.359727110481,3303,441.5,460.0
471.75,8.361591027196,3304,459.5,484.0
496.25,8.363455591615,3305,483.5,509.0
523.25,8.365313643233,3306,508.5,538.0
554.75,8.367223793284,3307,537.5,572.0
590.75,8.371114240106,3308,571.5,610.0
632.75,8.372977942244,3309,609.5,656.0
685.25,8.374841890748,3310,655.5,715.0
750.25,8.376700156943,3311,714.5,786.0
833.0,8.380574208514,3312,785.5,880.5
384.25,8.388378407574,3314,379.5,389.0
394.25,8.390242526944,3315,388.5,400.0
406.25,8.392100856717,3316,399.5,413.0
419.25,8.394012290255,3317,412.5,426.0
433.75,8.397896073278,3318,425.5,442.0
450.75,8.399760208543,3319,441.5,460.0
471.75,8.401624157047,3320,459.5,484.0
496.25,8.403488375759,3321,483.5,509.0
523.25,8.405346709506,3322,508.5,538.0
554.75,8.407258107281,3323,537.5,572.0
590.75,8.411145975208,3324,571.5,610.0
632.75,8.413009574032,3325,609.5,656.0
685.25,8.414867875989,3326,655.5,715.0
750.25,8.41677840751,3327,714.5,786.0
833.0,8.420656043307,3328,785.5,880.5
384.25,8.429962656911,3330,379.5,389.0
394.25,8.431826625284,3331,388.5,400.0
406.25,8.433690458552,3332,399.5,413.0
419.25,8.43554829162,3333,412.5,426.0
433.75,8.439427942053,3334,425.5,442.0
450.75,8.441291473325,3335,441.5,460.0
471.75,8.443155807273,3336,459.5,484.0
496.25,8.445020125326,3337,483.5,509.0
523.25,8.446878323968,3338,508.5,538.0
554.75,8.448788791911,3339,537.5,572.0
590.75,8.452677124755,3340,571.5,610.0
632.75,8.454541510359,3341,609.5,656.0
685.25,8.456399359322,3342,655.5,715.0
750.25,8.458309207376,3343,714.5,786.0
833.0,8.462187673664,3344,785.5,880.5
384.25,8.46999917628,3346,379.5,389.0
394.25,8.471863391018,3347,388.5,400.0
406.25,8.473727875964,3348,399.5,413.0
419.25,8.475585693137,3349,412.5,426.0
433.75,8.479477208869,3350,425.5,442.0
450.75,8.481340843455,3351,441.5,460.0
471.75,8.483205042299,3352,459.5,484.0
496.25,8.485069058355,3353,483.5,509.0
523.25,8.486927658335,3354,508.5,538.0
554.75,8.488837291813,3355,537.5,572.0
590.75,8.492725358423,3356,571.5,610.0
632.75,8.494589708265,3357,609.5,656.0
685.25,8.496453859425,3358,655.5,715.0
750.25,8.498311891174,3359,714.5,786.0
833.0,8.50218630832,3360,785.5,880.5
384.25,8.509989875571,3362,379.5,389.0
394.25,8.511854324754,3363,388.5,400.0
406.25,8.51371859115,3364,399.5,413.0
419.25,8.515577143447,3365,412.5,426.0
433.75,8.519458041604,3366,425.5,442.0
450.75,8.521321723874,3367,441.5,460.0
471.75,8.523180057621,3368,459.5,484.0
496.25,8.525095492617,3369,483.5,509.0
523.25,8.526953874048,3370,508.5,538.0
554.75,8.528864759223,3371,537.5,572.0
590.75,8.532757125314,3372,571.5,610.0
632.75,8.534620640691,3373,609.5,656.0
685.25,8.536478906886,3374,655.5,715.0
750.25,8.538389390723,3375,714.5,786.0
833.0,8.542267459647,3376,785.5,880.5
384.25,8.550072107728,3378,379.5,389.0
394.25,8.551930441475,3379,388.5,400.0
406.25,8.553847624874,3380,399.5,413.0
419.25,8.555705541388,3381,412.5,426.0
433.75,8.559589892642,3382,425.5,442.0
450.75,8.561453543123,3383,441.5,460.0
471.75,8.56331222655,3384,459.5,484.0
496.25,8.565227991358,3385,483.5,509.0
523.25,8.567085673428,3386,508.5,538.0
554.75,8.56899554135,3387,537.5,572.0
590.75,8.572888773696,3388,571.5,610.0
632.75,8.574752992407,3389,609.5,656.0
685.25,8.576616376654,3390,655.5,715.0
750.25,8.578474710401,3391,714.5,786.0
833.0,8.58234920702,3392,785.5,880.5
384.25,8.591655073579,3394,379.5,389.0
394.25,8.593518577035,3395,388.5,400.0
406.25,8.595382473882,3396,399.5,413.0
419.25,8.597240410264,3397,412.5,426.0
433.75,8.601121741549,3398,425.5,442.0
450.75,8.602985256926,3399,441.5,460.0
471.75,8.604843491332,3400,459.5,484.0
496.25,8.606760142263,3401,483.5,509.0
523.25,8.608618142223,3402,508.5,538.0
554.75,8.610527974383,3403,537.5,572.0
590.75,8.6144351264,3404,571.5,610.0
632.75,8.616299241797,3405,609.5,656.0
685.25,8.618162792937,3406,655.5,715.0
750.25,8.620021607494,3407,714.5,786.0
833.0,8.623898826059,3408,785.5,880.5
384.25,8.631717942174,3410,379.5,389.0
394.25,8.633582156912,3411,388.5,400.0
406.25,8.635440923786,3412,399.5,413.0
419.25,8.637367957846,3413,412.5,426.0
433.75,8.641253374036,3414,425.5,442.0
450.75,8.643116873519,3415,441.5,460.0
471.75,8.644975123819,3416,459.5,484.0
496.25,8.646890876706,3417,483.5,509.0
523.25,8.648748840904,3418,508.5,538.0
554.75,8.650660242653,3419,537.5,572.0
590.75,8.654552191512,3420,571.5,610.0
632.75,8.65641649367,3421,609.5,656.0
685.25,8.658280076599,3422,655.5,715.0
750.25,8.660138326899,3423,714.5,786.0
833.0,8.664012259261,3424,785.5,880.5
384.25,8.671816776212,3426,379.5,389.0
394.25,8.673680458482,3427,388.5,400.0
406.25,8.675544708983,3428,399.5,413.0
419.25,8.677403126176,3429,412.5,426.0
433.75,8.681284624354,3430,425.5,442.0
450.75,8.683148843066,3431,441.5,460.0
471.75,8.685007208602,3432,459.5,484.0
496.25,8.686922142919,3433,483.5,509.0
523.25,8.688780456797,3434,508.5,538.0
554.75,8.690690507507,3435,537.5,572.0
590.75,8.6945842604,3436,571.5,610.0
632.75,8.696447759883,3437,609.5,656.0
685.25,8.698312391853,3438,655.5,715.0
750.25,8.70017025671,3439,714.5,786.0
833.0,8.704045142746,3440,785.5,880.5
384.25,8.711872126675,3442,379.5,389.0
394.25,8.713736726856,3443,388.5,400.0
406.25,8.715600973384,3444,399.5,413.0
419.25,8.717458742873,3445,412.5,426.0
433.75,8.721349726137,3446,425.5,442.0
450.75,8.723213424301,3447,441.5,460.0
471.75,8.725071658707,3448,459.5,484.0
496.25,8.72698837719,3449,483.5,509.0
523.25,8.728846126811,3450,508.5,538.0
554.75,8.730756491439,3451,537.5,572.0
590.75,8.734648841635,3452,571.5,610.0
632.75,8.736512225882,3453,609.5,656.0
685.25,8.73837630949,3454,655.5,715.0
750.25,8.740234257793,3455,714.5,786.0
833.0,8.744109640535,3456,785.5,880.5
384.25,8.751913426336,3458,379.5,389.0
394.25,8.753772141552,3459,388.5,400.0
406.25,8.755689424292,3460,399.5,413.0
419.25,8.757547440147,3461,412.5,426.0
433.75,8.761431008593,3462,425.5,442.0
450.75,8.763294591522,3463,441.5,460.0
471.75,8.765158826129,3464,459.5,484.0
496.25,8.767018193022,3465,483.5,509.0
523.25,8.768933560467,3466,508.5,538.0
554.75,8.770791806793,3467,537.5,572.0
590.75,8.774680107848,3468,571.5,610.0
632.75,8.776543591436,3469,609.5,656.0
685.25,8.778408473746,3470,655.5,715.0
750.25,8.780266525364,3471,714.5,786.0
833.0,8.784140906747,3472,785.5,880.5
384.25,8.793446757412,3474,379.5,389.0
394.25,8.795310610549,3475,388.5,400.0
406.25,8.797174876944,3476,399.5,413.0
419.25,8.799032857037,3477,412.5,426.0
433.75,8.802913441277,3478,425.5,442.0
450.75,8.804776857313,3479,441.5,460.0
471.75,8.806640909131,3480,459.5,484.0
496.25,8.808505107975,3481,483.5,509.0
523.25,8.810363509274,3482,508.5,538.0
554.75,8.812273059305,3483,537.5,572.0
590.75,8.816162258403,3484,571.5,610.0
632.75,8.818025976435,3485,609.5,656.0
685.25,8.819890540854,3486,655.5,715.0
750.25,8.821748723602,3487,714.5,786.0
833.0,8.825622806962,3488,785.5,880.5
384.25,8.833442610518,3490,379.5,389.0
394.25,8.835307242489,3491,388.5,400.0
406.25,8.837171143309,3492,399.5,413.0
419.25,8.83903012476,3493,412.5,426.0
433.75,8.842911356703,3494,425.5,442.0
450.75,8.844774776713,3495,441.5,460.0
471.75,8.84663299125,3496,459.5,484.0
496.25,8.848562826729,3497,483.5,509.0
523.25,8.850421140607,3498,508.5,538.0
554.75,8.852331409868,3499,537.5,572.0
590.75,8.856225957489,3500,571.5,610.0
632.75,8.85808935763,3501,609.5,656.0
685.25,8.859947373486,3502,655.5,715.0
750.25,8.861858509,3503,714.5,786.0
833.0,8.865737392521,3504,785.5,880.5
384.25,8.873541424688,3506,379.5,389.0
394.25,8.875399643199,3507,388.5,400.0
406.25,8.877315276877,3508,399.5,413.0
419.25,8.879173892752,3509,412.5,426.0
433.75,8.883059674517,3510,425.5,442.0
450.75,8.884923174,3511,441.5,460.0
471.75,8.886788843091,3512,459.5,484.0
496.25,8.888653610166,3513,483.5,509.0
523.25,8.890511840598,3514,508.5,538.0
554.75,8.892436375237,3515,537.5,572.0
590.75,8.896325959778,3516,571.5,610.0
632.75,8.898189506944,3517,609.5,656.0
685.25,8.900048857943,3518,655.5,715.0
750.25,8.901958209292,3519,714.5,786.0
833.0,8.905835674222,3520,785.5,880.5
384.25,8.913656026141,3522,379.5,389.0
394.25,8.915520093854,3523,388.5,400.0
406.25,8.917378507074,3524,399.5,413.0
419.25,8.919287957764,3525,412.5,426.0
433.75,8.923174792544,3526,425.5,442.0
450.75,8.925038860257,3527,441.5,460.0
471.75,8.926897126452,3528,459.5,484.0
496.25,8.928813840961,3529,483.5,509.0
523.25,8.930671793238,3530,508.5,538.0
554.75,8.932581724739,3531,537.5,572.0
590.75,8.936473892148,3532,571.5,610.0
632.75,8.93833729229,3533,609.5,656.0
685.25,8.940195610142,3534,655.5,715.0
750.25,8.942105525748,3535,714.5,786.0
833.0,8.945983725802,3536,785.5,880.5
384.25,8.955290557957,3538,379.5,389.0
394.25,8.957159906642,3539,388.5,400.0
406.25,8.959018192705,3540,399.5,413.0
419.25,8.960928541438,3541,412.5,426.0
433.75,8.964837974326,3542,425.5,442.0
450.75,8.966701875146,3543,441.5,460.0
471.75,8.968565557416,3544,459.5,484.0
496.25,8.970430141703,3545,483.5,509.0
523.25,8.97228847545,3546,508.5,538.0
554.75,8.974198776499,3547,537.5,572.0
590.75,8.978089040534,3548,571.5,610.0
632.75,8.979952559884,3549,609.5,656.0
685.25,8.981810539977,3550,655.5,715.0
750.25,8.983736373997,3551,714.5,786.0
833.0,8.987615575409,3552,785.5,880.5
384.25,8.995418908215,3554,379.5,389.0
394.25,8.997283842182,3555,388.5,400.0
406.25,8.999148291365,3556,399.5,413.0
419.25,9.001006160196,3557,412.5,426.0
433.75,9.004887674268,3558,425.5,442.0
450.75,9.006751257197,3559,441.5,460.0
471.75,9.00861014328,3560,459.5,484.0
496.25,9.01052635711,3561,483.5,509.0
523.25,9.012384440517,3562,508.5,538.0
554.75,9.014295742925,3563,537.5,572.0
590.75,9.018186773872,3564,571.5,610.0
632.75,9.020050460116,3565,609.5,656.0
685.25,9.021909207122,3566,655.5,715.0
750.25,9.02381893994,3567,714.5,786.0
833.0,9.027697207546,3568,785.5,880.5
384.25,9.035503059642,3570,379.5,389.0
394.25,9.037366960462,3571,388.5,400.0
406.25,9.039224976317,3572,399.5,413.0
419.25,9.041134891923,3573,412.5,426.0
433.75,9.045020125326,3574,425.5,442.0
450.75,9.046883525467,3575,441.5,460.0
471.75,9.048741990344,3576,459.5,484.0
496.25,9.050657258447,3577,483.5,509.0
523.25,9.05251580677,3578,508.5,538.0
554.75,9.054425193882,3579,537.5,572.0
590.75,9.058319240824,3580,571.5,610.0
632.75,9.060182823753,3581,609.5,656.0
685.25,9.062046843783,3582,655.5,715.0
750.25,9.063904676851,3583,714.5,786.0
833.0,9.067779090023,3584,785.5,880.5
384.25,9.075582625484,3586,379.5,389.0
394.25,9.077440474447,3587,388.5,400.0
406.25,9.079356541252,3588,399.5,413.0
419.25,9.081265709813,3589,412.5,426.0
433.75,9.085151376343,3590,425.5,442.0
450.75,9.087015277163,3591,441.5,460.0
471.75,9.088879543559,3592,459.5,484.0
496.25,9.090743174171,3593,483.5,509.0
523.25,9.092602008597,3594,508.5,538.0
554.75,9.094511892414,3595,537.5,572.0
590.75,9.098400193469,3596,571.5,610.0
632.75,9.100263875739,3597,609.5,656.0
685.25,9.102127343432,3598,655.5,715.0
750.25,9.103985724862,3599,714.5,786.0
833.0,9.107860710239,3600,785.5,880.5
384.25,9.117168575541,3602,379.5,389.0
394.25,9.119032623386,3603,388.5,400.0
406.25,9.120890957133,3604,399.5,413.0
419.25,9.12280229133,3605,412.5,426.0
433.75,9.126697740968,3606,425.5,442.0
450.75,9.128561892128,3607,441.5,460.0
471.75,9.130434626357,3608,459.5,484.0
496.25,9.132298924541,3609,483.5,509.0
523.25,9.134157258288,3610,508.5,538.0
554.75,9.136068159358,3611,537.5,572.0
590.75,9.139948926385,3612,571.5,610.0
632.75,9.141812906679,3613,609.5,656.0
685.25,9.14367690684,3614,655.5,715.0
750.25,9.145534823354,3615,714.5,786.0
833.0,9.149408743795,3616,785.5,880.5
384.25,9.157213507112,3618,379.5,389.0
394.25,9.159077825165,3619,388.5,400.0
406.25,9.160943557835,3620,399.5,413.0
419.25,9.162801406797,3621,412.5,426.0
433.75,9.166681077099,3622,425.5,442.0
450.75,9.168545673307,3623,441.5,460.0
471.75,9.170404408391,3624,459.5,484.0
496.25,9.172320526854,3625,483.5,509.0
523.25,9.174178741392,3626,508.5,538.0
554.75,9.176089090125,3627,537.5,572.0
590.75,9.179980192598,3628,571.5,610.0
632.75,9.181843608634,3629,609.5,656.0
685.25,9.183701926486,3630,655.5,715.0
750.25,9.185611909644,3631,714.5,786.0
833.0,9.189491059399,3632,785.5,880.5
384.25,9.197311323897,3634,379.5,389.0
394.25,9.199175324059,3635,388.5,400.0
406.25,9.201034090932,3636,399.5,413.0
419.25,9.202944125748,3637,412.5,426.0
433.75,9.206829025364,3638,425.5,442.0
450.75,9.208692691739,3639,441.5,460.0
471.75,9.21055732371,3640,459.5,484.0
496.25,9.212426859156,3641,483.5,509.0
523.25,9.214284791565,3642,508.5,538.0
554.75,9.216194790618,3643,537.5,572.0
590.75,9.22007857364,3644,571.5,610.0
632.75,9.221942657248,3645,609.5,656.0
685.25,9.223807340876,3646,655.5,715.0
750.25,9.225665591176,3647,714.5,786.0
833.0,9.229538923518,3648,785.5,880.5
384.25,9.237343392785,3650,379.5,389.0
394.25,9.239201523876,3651,388.5,400.0
406.25,9.241117042319,3652,399.5,413.0
419.25,9.242975240962,3653,412.5,426.0
433.75,9.246861908849,3654,425.5,442.0
450.75,9.248725424226,3655,441.5,460.0
471.75,9.250590608533,3656,459.5,484.0
496.25,9.252449224408,3657,483.5,509.0
523.25,9.25436442496,3658,508.5,538.0
554.75,9.256222925599,3659,537.5,572.0
590.75,9.260111441231,3660,571.5,610.0
632.75,9.261975008265,3661,609.5,656.0
685.25,9.263832857227,3662,655.5,715.0
750.25,9.265743090725,3663,714.5,786.0
833.0,9.269620674864,3664,785.5,880.5
384.25,9.278943624115,3666,379.5,389.0
394.25,9.280807675934,3667,388.5,400.0
406.25,9.282672391351,3668,399.5,413.0
419.25,9.284530589994,3669,412.5,426.0
433.75,9.288409358279,3670,425.5,442.0
450.75,9.290272857761,3671,441.5,460.0
471.75,9.292136842028,3672,459.5,484.0
496.25,9.294001040872,3673,483.5,509.0
523.25,9.295859760062,3674,508.5,538.0
554.75,9.297770275688,3675,537.5,572.0
590.75,9.301658207194,3676,571.5,610.0
632.75,9.303521909332,3677,609.5,656.0
685.25,9.305380207316,3678,655.5,715.0
750.25,9.307290607707,3679,714.5,786.0
833.0,9.311169093863,3680,785.5,880.5
384.25,9.31897290748,3682,379.5,389.0
394.25,9.320836859957,3683,388.5,400.0
406.25,9.322701058801,3684,399.5,413.0
419.25,9.324559392548,3685,412.5,426.0
433.75,9.328441009935,3686,425.5,442.0
450.75,9.330305224673,3687,441.5,460.0
471.75,9.332169042047,3688,459.5,484.0
496.25,9.334033892568,3689,483.5,509.0
523.25,9.335892707125,3690,508.5,538.0
554.75,9.33780252339,3691,537.5,572.0
590.75,9.341690109189,3692,571.5,610.0
632.75,9.343553743776,3693,609.5,656.0
685.25,9.345417724069,3694,655.5,715.0
750.25,9.347275457795,3695,714.5,786.0
833.0,9.351166059589,3696,785.5,880.5
384.25,9.358971375243,3698,379.5,389.0
394.25,9.360835657533,3699,388.5,400.0
406.25,9.362700043138,3700,399.5,413.0
419.25,9.364557907995,3701,412.5,426.0
433.75,9.368439608828,3702,425.5,442.0
450.75,9.370303092416,3703,441.5,460.0
471.75,9.372161374505,3704,459.5,484.0
496.25,9.374076924737,3705,483.5,509.0
523.25,9.375940909004,3706,508.5,538.0
554.75,9.377799858665,3707,537.5,572.0
590.75,9.381688259061,3708,571.5,610.0
632.75,9.383551524099,3709,609.5,656.0
685.25,9.38541514279,3710,655.5,715.0
750.25,9.387273456669,3711,714.5,786.0
833.0,9.391148974514,3712,785.5,880.5
384.25,9.39895350736,3714,379.5,389.0
394.25,9.400811825212,3715,388.5,400.0
406.25,9.402729608631,3716,399.5,413.0
419.25,9.404587827142,3717,412.5,426.0
433.75,9.408471860504,3718,425.5,442.0
450.75,9.410334974543,3719,441.5,460.0
471.75,9.412199876722,3720,459.5,484.0
496.25,9.414064043776,3721,483.5,509.0
523.25,9.41592234176,3722,508.5,538.0
554.75,9.417832309024,3723,537.5,572.0
590.75,9.421720093505,3724,571.5,610.0
632.75,9.423584391689,3725,609.5,656.0
685.25,9.425448856767,3726,655.5,715.0
750.25,9.427306626256,3727,714.5,786.0
833.0,9.431180526829,3728,785.5,880.5
384.25,9.440486993408,3730,379.5,389.0
394.25,9.442351057148,3731,388.5,400.0
406.25,9.444215156651,3732,399.5,413.0
419.25,9.446073474503,3733,412.5,426.0
433.75,9.449969126797,3734,425.5,442.0
450.75,9.451832693831,3735,441.5,460.0
471.75,9.453690673923,3736,459.5,484.0
496.25,9.455607356644,3737,483.5,509.0
523.25,9.457465658601,3738,508.5,538.0
554.75,9.459375756995,3739,537.5,572.0
590.75,9.463283743477,3740,571.5,610.0
632.75,9.465147326406,3741,609.5,656.0
685.25,9.467011175569,3742,655.5,715.0
750.25,9.468869024531,3743,714.5,786.0
833.0,9.472746191438,3744,785.5,880.5
384.25,9.480566225465,3746,379.5,389.0
394.25,9.482424376424,3747,388.5,400.0
406.25,9.484340657806,3748,399.5,413.0
419.25,9.486198991553,3749,412.5,426.0
433.75,9.490084407743,3750,425.5,442.0
450.75,9.491947891331,3751,441.5,460.0
471.75,9.493811974939,3752,459.5,484.0
496.25,9.495676591015,3753,483.5,509.0
523.25,9.497534793631,3754,508.5,538.0
554.75,9.499461207803,3755,537.5,572.0
590.75,9.503351090368,3756,571.5,610.0
632.75,9.505214140828,3757,609.5,656.0
685.25,9.507072343445,3758,655.5,715.0
750.25,9.508982807414,3759,714.5,786.0
833.0,9.512876091417,3760,785.5,880.5
384.25,9.520681140836,3762,379.5,389.0
394.25,9.522545323785,3763,388.5,400.0
406.25,9.524403542296,3764,399.5,413.0
419.25,9.526313593006,3765,412.5,426.0
433.75,9.530199291325,3766,425.5,442.0
450.75,9.532063625272,3767,441.5,460.0
471.75,9.533927625434,3768,459.5,484.0
496.25,9.535791458702,3769,483.5,509.0
523.25,9.537655641651,3770,508.5,538.0
554.75,9.539513975398,3771,537.5,572.0
590.75,9.543398875014,3772,571.5,610.0
632.75,9.545262076473,3773,609.5,656.0
685.25,9.547126092529,3774,655.5,715.0
750.25,9.54898444217,3775,714.5,786.0
833.0,9.552858907,3776,785.5,880.5
384.25,9.560687408861,3778,379.5,389.0
394.25,9.562551476574,3779,388.5,400.0
406.25,9.564409790452,3780,399.5,413.0
419.25,9.566319543139,3781,412.5,426.0
433.75,9.570197842534,3782,425.5,442.0
450.75,9.57206150891,3783,441.5,460.0
471.75,9.573919874446,3784,459.5,484.0
496.25,9.575836509482,3785,483.5,509.0
523.25,9.577694743888,3786,508.5,538.0
554.75,9.579605176067,3787,537.5,572.0
590.75,9.583497307714,3788,571.5,610.0
632.75,9.58536072375,3789,609.5,656.0
685.25,9.587224926567,3790,655.5,715.0
750.25,9.589083260314,3791,714.5,786.0
833.0,9.592957260227,3792,785.5,880.5
384.25,9.602281159178,3794,379.5,389.0
394.25,9.604145874596,3795,388.5,400.0
406.25,9.606004109001,3796,399.5,413.0
419.25,9.607914890862,3797,412.5,426.0
433.75,9.611811524645,3798,425.5,442.0
450.75,9.613675024128,3799,441.5,460.0
471.75,9.615533759212,3800,459.5,484.0
496.25,9.6174500247,3801,483.5,509.0
523.25,9.619308275,3802,508.5,538.0
554.75,9.621219160175,3803,537.5,572.0
590.75,9.625111526267,3804,571.5,610.0
632.75,9.626975558217,3805,609.5,656.0
685.25,9.628839975611,3806,655.5,715.0
750.25,9.630698106702,3807,714.5,786.0
833.0,9.634572325166,3808,785.5,880.5
384.25,9.64239279232,3810,379.5,389.0
394.25,9.644256609694,3811,388.5,400.0
406.25,9.646114677207,3812,399.5,413.0
419.25,9.648024608707,3813,412.5,426.0
433.75,9.651911526934,3814,425.5,442.0
450.75,9.653774609184,3815,441.5,460.0
471.75,9.655632823722,3816,459.5,484.0
496.25,9.657548358059,3817,483.5,509.0
523.25,9.659406342125,3818,508.5,538.0
554.75,9.661316074944,3819,537.5,572.0
590.75,9.665193174299,3820,571.5,610.0
632.75,9.667057075119,3821,609.5,656.0
685.25,9.668914991633,3822,655.5,715.0
750.25,9.670826107279,3823,714.5,786.0
833.0,9.674704223887,3824,785.5,880.5
384.25,9.682507358011,3826,379.5,389.0
394.25,9.684371258831,3827,388.5,400.0
406.25,9.686236057695,3828,399.5,413.0
419.25,9.688094208654,3829,412.5,426.0
433.75,9.691976124064,3830,425.5,442.0
450.75,9.69383919042,3831,441.5,460.0
471.75,9.695703242238,3832,459.5,484.0
496.25,9.697570258395,3833,483.5,509.0
523.25,9.699434457239,3834,508.5,538.0
554.75,9.701292790985,3835,537.5,572.0
590.75,9.705190708256,3836,571.5,610.0
632.75,9.707054624971,3837,609.5,656.0
685.25,9.708919074154,3838,655.5,715.0
750.25,9.710777491347,3839,714.5,786.0
833.0,9.714652142938,3840,785.5,880.5
384.25,9.722473909473,3842,379.5,389.0
394.25,9.724337925529,3843,388.5,400.0
406.25,9.726202076689,3844,399.5,413.0
419.25,9.728060024993,3845,412.5,426.0
433.75,9.731940708574,3846,425.5,442.0
450.75,9.733804792182,3847,441.5,460.0
471.75,9.735669074472,3848,459.5,484.0
496.25,9.737533392525,3849,483.5,509.0
523.25,9.739391293144,3850,508.5,538.0
554.75,9.741302408791,3851,537.5,572.0
590.75,9.74519012572,3852,571.5,610.0
632.75,9.74705380799,3853,609.5,656.0
685.25,9.748917792257,3854,655.5,715.0
750.25,9.750776126003,3855,714.5,786.0
833.0,9.754650543149,3856,785.5,880.5
384.25,9.763973257955,3858,379.5,389.0
394.25,9.765837158775,3859,388.5,400.0
406.25,9.767695774651,3860,399.5,413.0
419.25,9.769606059806,3861,412.5,426.0
433.75,9.773488924917,3862,425.5,442.0
450.75,9.775352575397,3863,441.5,460.0
471.75,9.777216607348,3864,459.5,484.0
496.25,9.779074956989,3865,483.5,509.0
523.25,9.780992573516,3866,508.5,538.0
554.75,9.782850124454,3867,537.5,572.0
590.75,9.786738624191,3868,571.5,610.0
632.75,9.78860185744,3869,609.5,656.0
685.25,9.790465706603,3870,655.5,715.0
750.25,9.792324425793,3871,714.5,786.0
833.0,9.79619907341,3872,785.5,880.5
384.25,9.804019190884,3874,379.5,389.0
394.25,9.805883409595,3875,388.5,400.0
406.25,9.807747008419,3876,399.5,413.0
419.25,9.809605207062,3877,412.5,426.0
433.75,9.813487956937,3878,425.5,442.0
450.75,9.815351210054,3879,441.5,460.0
471.75,9.817215726789,3880,459.5,484.0
496.25,9.819081590589,3881,483.5,509.0
523.25,9.820940075334,3882,508.5,538.0
554.75,9.822849975046,3883,537.5,572.0
590.75,9.826736575381,3884,571.5,610.0
632.75,9.828600643094,3885,609.5,656.0
685.25,9.830458758291,3886,655.5,715.0
750.25,9.832380308723,3887,714.5,786.0
833.0,9.836263658619,3888,785.5,880.5
384.25,9.84406782589,3890,379.5,389.0
394.25,9.845926159636,3891,388.5,400.0
406.25,9.847842107232,3892,399.5,413.0
419.25,9.849700059509,3893,412.5,426.0
433.75,9.853586639977,3894,425.5,442.0
450.75,9.855450441456,3895,441.5,460.0
471.75,9.857315025743,3896,459.5,484.0
496.25,9.859179292138,3897,483.5,509.0
523.25,9.861037057654,3898,508.5,538.0
554.75,9.862948276615,3899,537.5,572.0
590.75,9.866834940529,3900,571.5,610.0
632.75,9.868698277092,3901,609.5,656.0
685.25,9.870562575277,3902,655.5,715.0
750.25,9.872420976575,3903,714.5,786.0
833.0,9.876295973873,3904,785.5,880.5
384.25,9.884107408937,3906,379.5,389.0
394.25,9.885971909777,3907,388.5,400.0
406.25,9.887838341808,3908,399.5,413.0
419.25,9.889696373558,3909,412.5,426.0
433.75,9.893599977112,3910,425.5,442.0
450.75,9.895463560041,3911,441.5,460.0
471.75,9.897327540334,3912,459.5,484.0
496.25,9.8991855244,3913,483.5,509.0
523.25,9.901102691905,3914,508.5,538.0
554.75,9.902961275991,3915,537.5,572.0
590.75,9.906850359853,3916,571.5,610.0
632.75,9.908714058018,3917,609.5,656.0
685.25,9.910578240967,3918,655.5,715.0
750.25,9.912436976051,3919,714.5,786.0
833.0,9.916311309751,3920,785.5,880.5
384.25,9.925633790112,3922,379.5,389.0
394.25,9.927497591591,3923,388.5,400.0
406.25,9.929370727158,3924,399.5,413.0
419.25,9.931228727118,3925,412.5,426.0
433.75,9.935115756607,3926,425.5,442.0
450.75,9.936979673322,3927,441.5,460.0
471.75,9.938843808587,3928,459.5,484.0
496.25,9.940708273665,3929,483.5,509.0
523.25,9.942566190179,3930,508.5,538.0
554.75,9.944476193206,3931,537.5,572.0
590.75,9.948364943282,3932,571.5,610.0
632.75,9.950228708998,3933,609.5,656.0
685.25,9.95209284029,3934,655.5,715.0
750.25,9.953951158142,3935,714.5,786.0
833.0,9.957825376606,3936,785.5,880.5
384.25,9.965628709412,3938,379.5,389.0
394.25,9.967493210252,3939,388.5,400.0
406.25,9.969357357438,3940,399.5,413.0
419.25,9.971216040866,3941,412.5,426.0
433.75,9.975097010549,3942,425.5,442.0
450.75,9.976960510031,3943,441.5,460.0
471.75,9.978819825268,3944,459.5,484.0
496.25,9.980734890715,3945,483.5,509.0
523.25,9.982592842992,3946,508.5,538.0
554.75,9.984507892545,3947,537.5,572.0
590.75,9.988396491623,3948,571.5,610.0
632.75,9.990260007,3949,609.5,656.0
685.25,9.992124110476,3950,655.5,715.0
750.25,9.993982440249,3951,714.5,786.0
833.0,9.997857926305,3952,785.5,880.5
384.25,10.005662057813,3954,379.5,389.0
394.25,10.007526558654,3955,388.5,400.0
406.25,10.009390773392,3956,399.5,413.0
419.25,10.011249226348,3957,412.5,426.0
433.75,10.015129258251,3958,425.5,442.0
450.75,10.01699284118,3959,441.5,460.0
471.75,10.018857441362,3960,459.5,484.0
496.25,10.020721540864,3961,483.5,509.0
523.25,10.022579858716,3962,508.5,538.0
554.75,10.024489591535,3963,537.5,572.0
590.75,10.028378274059,3964,571.5,610.0
632.75,10.030242874241,3965,609.5,656.0
685.25,10.032101056989,3966,655.5,715.0
750.25,10.034010424232,3967,714.5,786.0
833.0,10.037888691839,3968,785.5,880.5
384.25,10.045693860467,3970,379.5,389.0
394.25,10.047552210108,3971,388.5,400.0
406.25,10.049467343108,3972,399.5,413.0
419.25,10.051325557645,3973,412.5,426.0
433.75,10.055210775153,3974,425.5,442.0
450.75,10.057074493186,3975,441.5,460.0
471.75,10.058938707924,3976,459.5,484.0
496.25,10.060807826138,3977,483.5,509.0
523.25,10.062666060543,3978,508.5,538.0
554.75,10.064576190726,3979,537.5,572.0
590.75,10.068459524727,3980,571.5,610.0
632.75,10.070322924868,3981,609.5,656.0
685.25,10.072181258615,3982,655.5,715.0
750.25,10.074092259026,3983,714.5,786.0
833.0,10.077970959759,3984,785.5,880.5
384.25,10.085791057364,3986,379.5,389.0
394.25,10.087655359523,3987,388.5,400.0
406.25,10.089519959704,3988,399.5,413.0
419.25,10.091379243151,3989,412.5,426.0
433.75,10.09525904061,3990,425.5,442.0
450.75,10.097122524198,3991,441.5,460.0
471.75,10.098986508465,3992,459.5,484.0
496.25,10.100851207987,3993,483.5,509.0
523.25,10.102715291595,3994,508.5,538.0
554.75,10.104573975023,3995,537.5,572.0
590.75,10.108458358065,3996,571.5,610.0
632.75,10.110322040335,3997,609.5,656.0
685.25,10.112186525281,3998,655.5,715.0
750.25,10.114044958369,3999,714.5,786.0
833.0,10.117918791389,4000,785.5,880.5
384.25,10.127241677062,4002,379.5,389.0
394.25,10.129106376584,4003,388.5,400.0
406.25,10.130964193757,4004,399.5,413.0
419.25,10.13287539285,4005,412.5,426.0
433.75,10.136757359918,4006,425.5,442.0
450.75,10.138620843506,4007,441.5,460.0
471.75,10.140484927114,4008,459.5,484.0
496.25,10.142349125957,4009,483.5,509.0
523.25,10.144207459704,4010,508.5,538.0
554.75,10.146117192523,4011,537.5,572.0
590.75,10.150006939983,4012,571.5,610.0
632.75,10.151870558675,4013,609.5,656.0
685.25,10.153734240945,4014,655.5,715.0
750.25,10.155592876689,4015,714.5,786.0
833.0,10.159467174625,4016,785.5,880.5
384.25,10.167303357538,4018,379.5,389.0
394.25,10.169167874273,4019,388.5,400.0
406.25,10.171026223914,4020,399.5,413.0
419.25,10.172949590302,4021,412.5,426.0
433.75,10.176839091396,4022,425.5,442.0
450.75,10.178702658431,4023,441.5,460.0
471.75,10.180560825284,4024,459.5,484.0
496.25,10.182477293428,4025,483.5,509.0
523.25,10.184335909303,4026,508.5,538.0
554.75,10.186246790504,4027,537.5,572.0
590.75,10.190138791021,4028,571.5,610.0
632.75,10.192002107716,4029,609.5,656.0
685.25,10.193866175429,4030,655.5,715.0
750.25,10.195724608517,4031,714.5,786.0
833.0,10.199598910427,4032,785.5,880.5
384.25,10.207419457054,4034,379.5,389.0
394.25,10.209284275786,4035,388.5,400.0
406.25,10.211142176406,4036,399.5,413.0
419.25,10.213064740117,4037,412.5,426.0
433.75,10.216954006767,4038,425.5,442.0
450.75,10.218817891693,4039,441.5,460.0
471.75,10.220676110204,4040,459.5,484.0
496.25,10.22259145778,4041,483.5,509.0
523.25,10.22444970808,4042,508.5,538.0
554.75,10.226360907173,4043,537.5,572.0
590.75,10.23023879331,4044,571.5,610.0
632.75,10.232103341834,4045,609.5,656.0
685.25,10.233961659686,4046,655.5,715.0
750.25,10.235872509098,4047,714.5,786.0
833.0,10.239747140821,4048,785.5,880.5
384.25,10.247551125304,4050,379.5,389.0
394.25,10.249415693696,4051,388.5,400.0
406.25,10.251280774689,4052,399.5,413.0
419.25,10.253139024989,4053,412.5,426.0
433.75,10.257019974804,4054,425.5,442.0
450.75,10.258883490181,4055,441.5,460.0
471.75,10.260741740481,4056,459.5,484.0
496.25,10.262657159583,4057,483.5,509.0
523.25,10.264515807247,4058,508.5,538.0
554.75,10.266425742722,4059,537.5,572.0
590.75,10.270318275706,4060,571.5,610.0
632.75,10.272182359314,4061,609.5,656.0
685.25,10.274046343581,4062,655.5,715.0
750.25,10.275904208438,4063,714.5,786.0
833.0,10.279779324945,4064,785.5,880.5
384.25,10.289101809279,4066,379.5,389.0
394.25,10.29097209177,4067,388.5,400.0
406.25,10.29283602438,4068,399.5,413.0
419.25,10.294693940894,4069,412.5,426.0
433.75,10.298584475136,4070,425.5,442.0
450.75,10.300449126975,4071,441.5,460.0
471.75,10.302313075479,4072,459.5,484.0
496.25,10.304181792355,4073,483.5,509.0
523.25,10.306040173785,4074,508.5,538.0
554.75,10.30794999005,4075,537.5,572.0
590.75,10.311848658339,4076,571.5,610.0
632.75,10.313713123417,4077,609.5,656.0
685.25,10.315572541968,4078,655.5,715.0
750.25,10.317483407275,4079,714.5,786.0
833.0,10.321360590076,4080,785.5,880.5
384.25,10.329164741453,4082,379.5,389.0
394.25,10.331029142952,4083,388.5,400.0
406.25,10.332892857011,4084,399.5,413.0
419.25,10.33475125831,4085,412.5,426.0
433.75,10.338632474359,4086,425.5,442.0
450.75,10.340495890395,4087,441.5,460.0
471.75,10.342360458787,4088,459.5,484.0
496.25,10.344218291855,4089,483.5,509.0
523.25,10.346134593105,4090,508.5,538.0
554.75,10.347992942746,4091,537.5,572.0
590.75,10.351882523314,4092,571.5,610.0
632.75,10.353745975113,4093,609.5,656.0
685.25,10.355604392306,4094,655.5,715.0
750.25,10.357514141019,4095,714.5,786.0
833.0,10.361392925199,4096,785.5,880.5
384.25,10.369212124761,4098,379.5,389.0
394.25,10.371076323605,4099,388.5,400.0
406.25,10.372940542316,4100,399.5,413.0
419.25,10.374799174086,4101,412.5,426.0
433.75,10.378681010024,4102,425.5,442.0
450.75,10.380545073764,4103,441.5,460.0
471.75,10.382403391616,4104,459.5,484.0
496.25,10.384318206724,4105,483.5,509.0
523.25,10.386176723258,4106,508.5,538.0
554.75,10.388086773968,4107,537.5,572.0
590.75,10.391979906972,4108,571.5,610.0
632.75,10.393844324366,4109,609.5,656.0
685.25,10.395703258133,4110,655.5,715.0
750.25,10.39761314195,4111,714.5,786.0
833.0,10.401490523434,4112,785.5,880.5
384.25,10.409310990588,4114,379.5,389.0
394.25,10.411175193405,4115,388.5,400.0
406.25,10.413039575036,4116,399.5,413.0
419.25,10.414897507445,4117,412.5,426.0
433.75,10.418779359277,4118,425.5,442.0
450.75,10.420643041547,4119,441.5,460.0
471.75,10.422501641528,4120,459.5,484.0
496.25,10.424417926884,4121,483.5,509.0
523.25,10.426276256657,4122,508.5,538.0
554.75,10.428186041133,4123,537.5,572.0
590.75,10.432078427092,4124,571.5,610.0
632.75,10.433942943827,4125,609.5,656.0
685.25,10.435806860542,4126,655.5,715.0
750.25,10.437664840635,4127,714.5,786.0
833.0,10.441539309438,4128,785.5,880.5
384.25,10.450862592475,4130,379.5,389.0
394.25,10.45272664032,4131,388.5,400.0
406.25,10.454584608491,4132,399.5,413.0
419.25,10.456507927195,4133,412.5,426.0
433.75,10.460394340769,4134,425.5,442.0
450.75,10.462257907804,4135,441.5,460.0
471.75,10.464116293208,4136,459.5,484.0
496.25,10.466033591843,4137,483.5,509.0
523.25,10.467891758696,4138,508.5,538.0
554.75,10.469803359127,4139,537.5,572.0
590.75,10.473693007247,4140,571.5,610.0
632.75,10.475556375599,4141,609.5,656.0
685.25,10.477414776897,4142,655.5,715.0
750.25,10.479324640846,4143,714.5,786.0
833.0,10.483204557514,4144,785.5,880.5
384.25,10.491024575647,4146,379.5,389.0
394.25,10.492882543818,4147,388.5,400.0
406.25,10.494813174025,4148,399.5,413.0
419.25,10.49667105875,4149,412.5,426.0
433.75,10.50055912536,4150,425.5,442.0
450.75,10.502422624842,4151,441.5,460.0
471.75,10.50428152682,4152,459.5,484.0
496.25,10.506197108841,4153,483.5,509.0
523.25,10.508055458482,4154,508.5,538.0
554.75,10.509965743637,4155,537.5,572.0
590.75,10.513858407752,4156,571.5,610.0
632.75,10.515722157574,4157,609.5,656.0
685.25,10.517586710072,4158,655.5,715.0
750.25,10.519444960372,4159,714.5,786.0
833.0,10.52331932586,4160,785.5,880.5
384.25,10.531139673805,4162,379.5,389.0
394.25,10.533003375943,4163,388.5,400.0
406.25,10.53486170969,4164,399.5,413.0
419.25,10.536771323299,4165,412.5,426.0
433.75,10.540657943503,4166,425.5,442.0
450.75,10.542522126452,4167,441.5,460.0
471.75,10.544386043167,4168,459.5,484.0
496.25,10.546250210222,4169,483.5,509.0
523.25,10.548108476416,4170,508.5,538.0
554.75,10.550017958895,4171,537.5,572.0
590.75,10.553906740761,4172,571.5,610.0
632.75,10.555771424389,4173,609.5,656.0
685.25,10.557630457497,4174,655.5,715.0
750.25,10.559541442013,4175,714.5,786.0
833.0,10.56341715854,4176,785.5,880.5
384.25,10.5712376098,4178,379.5,389.0
394.25,10.573102058983,4179,388.5,400.0
406.25,10.574965991592,4180,399.5,413.0
419.25,10.576824106789,4181,412.5,426.0
433.75,10.580705843385,4182,425.5,442.0
450.75,10.582569374657,4183,441.5,460.0
471.75,10.584433593369,4184,459.5,484.0
496.25,10.586298042552,4185,483.5,509.0
523.25,10.588161708927,4186,508.5,538.0
554.75,10.590020440038,4187,537.5,572.0
590.75,10.593904759502,4188,571.5,610.0
632.75,10.595768342431,4189,609.5,656.0
685.25,10.597626759624,4190,655.5,715.0
750.25,10.599536726888,4191,714.5,786.0
833.0,10.603415892537,4192,785.5,880.5
384.25,10.612738106664,4194,379.5,389.0
394.25,10.614602508163,4195,388.5,400.0
406.25,10.616460643228,4196,399.5,413.0
419.25,10.61837042373,4197,412.5,426.0
433.75,10.622254290199,4198,425.5,442.0
450.75,10.624117992338,4199,441.5,460.0
471.75,10.625982624308,4200,459.5,484.0
496.25,10.627840910371,4201,483.5,509.0
523.25,10.629757557329,4202,508.5,538.0
554.75,10.631615426159,4203,537.5,572.0
590.75,10.635503393428,4204,571.5,610.0
632.75,10.637366877015,4205,609.5,656.0
685.25,10.639231123543,4206,655.5,715.0
750.25,10.64108920695,4207,714.5,786.0
833.0,10.64496329031,4208,785.5,880.5
384.25,10.652768041706,4210,379.5,389.0
394.25,10.654626307901,4211,388.5,400.0
406.25,10.656542176024,4212,399.5,413.0
419.25,10.658400223668,4213,412.5,426.0
433.75,10.662301693376,4214,425.5,442.0
450.75,10.664165757116,4215,441.5,460.0
471.75,10.666023558394,4216,459.5,484.0
496.25,10.667939708646,4217,483.5,509.0
523.25,10.669798507309,4218,508.5,538.0
554.75,10.671708625571,4219,537.5,572.0
590.75,10.675601440684,4220,571.5,610.0
632.75,10.677465142822,4221,609.5,656.0
685.25,10.679329373455,4222,655.5,715.0
750.25,10.681187607861,4223,714.5,786.0
833.0,10.685062390582,4224,785.5,880.5
384.25,10.692882476266,4226,379.5,389.0
394.25,10.694740893459,4227,388.5,400.0
406.25,10.696657043711,4228,399.5,413.0
419.25,10.698515206591,4229,412.5,426.0
433.75,10.702400674438,4230,425.5,442.0
450.75,10.704264225578,4231,441.5,460.0
471.75,10.706128424422,4232,459.5,484.0
496.25,10.707986758169,4233,483.5,509.0
523.25,10.709901974614,4234,508.5,538.0
554.75,10.711760574595,4235,537.5,572.0
590.75,10.715649908797,4236,571.5,610.0
632.75,10.717513193703,4237,609.5,656.0
685.25,10.719381858921,4238,655.5,715.0
750.25,10.72124039135,4239,714.5,786.0
833.0,10.725126940028,4240,785.5,880.5
384.25,10.732932923253,4242,379.5,389.0
394.25,10.73479715786,4243,388.5,400.0
406.25,10.736661475913,4244,399.5,413.0
419.25,10.738519356664,4245,412.5,426.0
433.75,10.742414826171,4246,425.5,442.0
450.75,10.7442784091,4247,441.5,460.0
471.75,10.746136675294,4248,459.5,484.0
496.25,10.748052626864,4249,483.5,509.0
523.25,10.749911059952,4250,508.5,538.0
554.75,10.751821492132,4251,537.5,572.0
590.75,10.755715209262,4252,571.5,610.0
632.75,10.757578875637,4253,609.5,656.0
685.25,10.759436657047,4254,655.5,715.0
750.25,10.761347176647,4255,714.5,786.0
833.0,10.765225273387,4256,785.5,880.5
384.25,10.774531390285,4258,379.5,389.0
394.25,10.776401243623,4259,388.5,400.0
406.25,10.778265275574,4260,399.5,413.0
419.25,10.780123176193,4261,412.5,426.0
433.75,10.784013825671,4262,425.5,442.0
450.75,10.785877341048,4263,441.5,460.0
471.75,10.78774130942,4264,459.5,484.0
496.25,10.789605508264,4265,483.5,509.0
523.25,10.791463826116,4266,508.5,538.0
554.75,10.79337427419,4267,537.5,572.0
590.75,10.797263226922,4268,571.5,610.0
632.75,10.799126758194,4269,609.5,656.0
685.25,10.800984674708,4270,655.5,715.0
750.25,10.802906793372,4271,714.5,786.0
833.0,10.806790226714,4272,785.5,880.5
384.25,10.814627343432,4274,379.5,389.0
394.25,10.816491307831,4275,388.5,400.0
406.25,10.818349260108,4276,399.5,413.0
419.25,10.820260693645,4277,412.5,426.0
433.75,10.824145557499,4278,425.5,442.0
450.75,10.826008874194,4279,441.5,460.0
471.75,10.827873077011,4280,459.5,484.0
496.25,10.829737140751,4281,483.5,509.0
523.25,10.831595140711,4282,508.5,538.0
554.75,10.833506407356,4283,537.5,572.0
590.75,10.837394541518,4284,571.5,610.0
632.75,10.839259006596,4285,609.5,656.0
685.25,10.841116807874,4286,655.5,715.0
750.25,10.843026910241,4287,714.5,786.0
833.0,10.846905209637,4288,785.5,880.5
384.25,10.854709575589,4290,379.5,389.0
394.25,10.856573623435,4291,388.5,400.0
406.25,10.858431559817,4292,399.5,413.0
419.25,10.86034169,4293,412.5,426.0
433.75,10.864228441334,4294,425.5,442.0
450.75,10.866091956711,4295,441.5,460.0
471.75,10.867956107871,4296,459.5,484.0
496.25,10.869814342276,4297,483.5,509.0
523.25,10.871744360542,4298,508.5,538.0
554.75,10.873602642632,4299,537.5,572.0
590.75,10.877493590132,4300,571.5,610.0
632.75,10.879357610162,4301,609.5,656.0
685.25,10.881221491114,4302,655.5,715.0
750.25,10.883079443391,4303,714.5,786.0
833.0,10.88695333999,4304,785.5,880.5
384.25,10.894775241629,4306,379.5,389.0
394.25,10.896639460341,4307,388.5,400.0
406.25,10.898497893429,4308,399.5,413.0
419.25,10.900408258057,4309,412.5,426.0
433.75,10.904293026543,4310,425.5,442.0
450.75,10.906156490262,4311,441.5,460.0
471.75,10.908020108954,4312,459.5,484.0
496.25,10.909883608437,4313,483.5,509.0
523.25,10.911741942183,4314,508.5,538.0
554.75,10.913651893552,4315,537.5,572.0
590.75,10.917541327095,4316,571.5,610.0
632.75,10.919404890156,4317,609.5,656.0
685.25,10.921263859685,4318,655.5,715.0
750.25,10.923175273355,4319,714.5,786.0
833.0,10.927051740901,4320,785.5,880.5
384.25,10.936359423415,4322,379.5,389.0
394.25,10.938226741568,4323,388.5,400.0
406.25,10.940085075315,4324,399.5,413.0
419.25,10.941998074468,4325,412.5,426.0
433.75,10.945891024685,4326,425.5,442.0
450.75,10.947753940042,4327,441.5,460.0
471.75,10.949618059413,4328,459.5,484.0
496.25,10.951476393159,4329,483.5,509.0
523.25,10.953391490396,4330,508.5,538.0
554.75,10.955249840037,4331,537.5,572.0
590.75,10.959139925257,4332,571.5,610.0
632.75,10.961003460503,4333,609.5,656.0
685.25,10.962861774381,4334,655.5,715.0
750.25,10.964771574752,4335,714.5,786.0
833.0,10.968650108592,4336,785.5,880.5
384.25,10.97645484012,4338,379.5,389.0
394.25,10.978318458811,4339,388.5,400.0
406.25,10.980176756795,4340,399.5,413.0
419.25,10.982086875057,4341,412.5,426.0
433.75,10.985972223695,4342,425.5,442.0
450.75,10.987835607942,4343,441.5,460.0
471.75,10.989699576314,4344,459.5,484.0
496.25,10.991563874499,4345,483.5,509.0
523.25,10.993422593689,4346,508.5,538.0
554.75,10.995332640425,4347,537.5,572.0
590.75,10.999221024927,4348,571.5,610.0
632.75,11.001084707197,4349,609.5,656.0
685.25,11.002948476887,4350,655.5,715.0
750.25,11.004807541784,4351,714.5,786.0
833.0,11.008681823826,4352,785.5,880.5
384.25,11.016485208289,4354,379.5,389.0
394.25,11.018396010017,4355,388.5,400.0
406.25,11.020311790721,4356,399.5,413.0
419.25,11.02216934166,4357,412.5,426.0
433.75,11.026053839938,4358,425.5,442.0
450.75,11.027917359289,4359,441.5,460.0
471.75,11.029776392396,4360,459.5,484.0
496.25,11.031693059222,4361,483.5,509.0
523.25,11.033551392968,4362,508.5,538.0
554.75,11.03546069266,4363,537.5,572.0
590.75,11.039352792517,4364,571.5,610.0
632.75,11.0412172417,4365,609.5,656.0
685.25,11.043075190004,4366,655.5,715.0
750.25,11.04499930741,4367,714.5,786.0
833.0,11.048880074437,4368,785.5,880.5
384.25,11.056684774176,4370,379.5,389.0
394.25,11.058542956924,4371,388.5,400.0
406.25,11.060458026346,4372,399.5,413.0
419.25,11.062316375987,4373,412.5,426.0
433.75,11.066201776282,4374,425.5,442.0
450.75,11.068065275764,4375,441.5,460.0
471.75,11.06992351017,4376,459.5,484.0
496.25,11.071838909403,4377,483.5,509.0
523.25,11.073697223282,4378,508.5,538.0
554.75,11.07560802501,4379,537.5,572.0
590.75,11.079500776545,4380,571.5,610.0
632.75,11.081364740944,4381,609.5,656.0
685.25,11.083222609774,4382,655.5,715.0
750.25,11.085150323327,4383,714.5,786.0
833.0,11.089028857168,4384,785.5,880.5
384.25,11.098351393159,4386,379.5,389.0
394.25,11.100209607697,4387,388.5,400.0
406.25,11.102128559367,4388,399.5,413.0
419.25,11.103986825562,4389,412.5,426.0
433.75,11.1078680734,4390,425.5,442.0
450.75,11.109731060282,4391,441.5,460.0
471.75,11.11159552536,4392,459.5,484.0
496.25,11.113454526679,4393,483.5,509.0
523.25,11.1153710584,4394,508.5,538.0
554.75,11.117229074256,4395,537.5,572.0
590.75,11.121116358058,4396,571.5,610.0
632.75,11.122979893303,4397,609.5,656.0
685.25,11.124844410038,4398,655.5,715.0
750.25,11.126702326552,4399,714.5,786.0
833.0,11.130576791382,4400,785.5,880.5
384.25,11.138397624111,4402,379.5,389.0
394.25,11.140261191146,4403,388.5,400.0
406.25,11.142119441446,4404,399.5,413.0
419.25,11.14402950805,4405,412.5,426.0
433.75,11.147915492471,4406,425.5,442.0
450.75,11.149779858208,4407,441.5,460.0
471.75,11.151643457031,4408,459.5,484.0
496.25,11.153507675743,4409,483.5,509.0
523.25,11.15536589028,4410,508.5,538.0
554.75,11.157275726414,4411,537.5,572.0
590.75,11.161180057144,4412,571.5,610.0
632.75,11.163043842729,4413,609.5,656.0
685.25,11.164901791032,4414,655.5,715.0
750.25,11.166813908037,4415,714.5,786.0
833.0,11.170691925303,4416,785.5,880.5
384.25,11.178496160126,4418,379.5,389.0
394.25,11.180360124524,4419,388.5,400.0
406.25,11.182224359131,4420,399.5,413.0
419.25,11.184083058453,4421,412.5,426.0
433.75,11.187963992373,4422,425.5,442.0
450.75,11.189827424304,4423,441.5,460.0
471.75,11.191685742156,4424,459.5,484.0
496.25,11.193601157284,4425,483.5,509.0
523.25,11.195459057903,4426,508.5,538.0
554.75,11.197370475547,4427,537.5,572.0
590.75,11.201262873427,4428,571.5,610.0
632.75,11.203126424567,4429,609.5,656.0
685.25,11.204990925407,4430,655.5,715.0
750.25,11.206849191602,4431,714.5,786.0
833.0,11.210723692195,4432,785.5,880.5
384.25,11.218544425583,4434,379.5,389.0
394.25,11.220409057554,4435,388.5,400.0
406.25,11.222267407195,4436,399.5,413.0
419.25,11.224177024778,4437,412.5,426.0
433.75,11.228062289969,4438,425.5,442.0
450.75,11.229925626532,4439,441.5,460.0
471.75,11.231784524536,4440,459.5,484.0
496.25,11.233713326867,4441,483.5,509.0
523.25,11.235572240766,4442,508.5,538.0
554.75,11.23748157622,4443,537.5,572.0
590.75,11.241360241191,4444,571.5,610.0
632.75,11.24322442414,4445,609.5,656.0
685.25,11.24508267444,4446,655.5,715.0
750.25,11.246992574151,4447,714.5,786.0
833.0,11.250871942457,4448,785.5,880.5
384.25,11.260211906846,4450,379.5,389.0
394.25,11.26206947368,4451,388.5,400.0
406.25,11.263988826688,4452,399.5,413.0
419.25,11.265847375011,4453,412.5,426.0
433.75,11.269726826763,4454,425.5,442.0
450.75,11.271590373929,4455,441.5,460.0
471.75,11.273454425748,4456,459.5,484.0
496.25,11.275312858836,4457,483.5,509.0
523.25,11.277227658049,4458,508.5,538.0
554.75,11.279086925602,4459,537.5,572.0
590.75,11.282976108805,4460,571.5,610.0
632.75,11.284839910285,4461,609.5,656.0
685.25,11.286703509108,4462,655.5,715.0
750.25,11.288561842855,4463,714.5,786.0
833.0,11.292436943467,4464,785.5,880.5
384.25,11.30025687418,4466,379.5,389.0
394.25,11.302120775,4467,388.5,400.0
406.25,11.303978993511,4468,399.5,413.0
419.25,11.305890323734,4469,412.5,426.0
433.75,11.309775410112,4470,425.5,442.0
450.75,11.311638941383,4471,441.5,460.0
471.75,11.313497692362,4472,459.5,484.0
496.25,11.315414057191,4473,483.5,509.0
523.25,11.317272275702,4474,508.5,538.0
554.75,11.319183260218,4475,537.5,572.0
590.75,11.323074458059,4476,571.5,610.0
632.75,11.3249378582,4477,609.5,656.0
685.25,11.326802442487,4478,655.5,715.0
750.25,11.328660426553,4479,714.5,786.0
833.0,11.332534875488,4480,785.5,880.5
384.25,11.340346660233,4482,379.5,389.0
394.25,11.342210807419,4483,388.5,400.0
406.25,11.344069109376,4484,399.5,413.0
419.25,11.345979557451,4485,412.5,426.0
433.75,11.349857590612,4486,425.5,442.0
450.75,11.351721109962,4487,441.5,460.0
471.75,11.353585376358,4488,459.5,484.0
496.25,11.355444008128,4489,483.5,509.0
523.25,11.357373807844,4490,508.5,538.0
554.75,11.35923201046,4491,537.5,572.0
590.75,11.363138959821,4492,571.5,610.0
632.75,11.365002292411,4493,609.5,656.0
685.25,11.366860276477,4494,655.5,715.0
750.25,11.368770207977,4495,714.5,786.0
833.0,11.372650760428,4496,785.5,880.5
384.25,11.380470575905,4498,379.5,389.0
394.25,11.382334774748,4499,388.5,400.0
406.25,11.384193243599,4500,399.5,413.0
419.25,11.386103540675,4501,412.5,426.0
433.75,11.389988956865,4502,425.5,442.0
450.75,11.391852357006,4503,441.5,460.0
471.75,11.393716126696,4504,459.5,484.0
496.25,11.395586607869,4505,483.5,509.0
523.25,11.39744520785,4506,508.5,538.0
554.75,11.399354924774,4507,537.5,572.0
590.75,11.403238258775,4508,571.5,610.0
632.75,11.405101909256,4509,609.5,656.0
685.25,11.406959790007,4510,655.5,715.0
750.25,11.408882707373,4511,714.5,786.0
833.0,11.412764992332,4512,785.5,880.5
384.25,11.420586242294,4514,379.5,389.0
394.25,11.422450393454,4515,388.5,400.0
406.25,11.4243082901,4516,399.5,413.0
419.25,11.426219592508,4517,412.5,426.0
433.75,11.430103840446,4518,425.5,442.0
450.75,11.431967542585,4519,441.5,460.0
471.75,11.433831642087,4520,459.5,484.0
496.25,11.435695689933,4521,483.5,509.0
523.25,11.437559876855,4522,508.5,538.0
554.75,11.439418206628,4523,537.5,572.0
590.75,11.443302907562,4524,571.5,610.0
632.75,11.445166426913,4525,609.5,656.0
685.25,11.447024824238,4526,655.5,715.0
750.25,11.448934874948,4527,714.5,786.0
833.0,11.452814060465,4528,785.5,880.5
384.25,11.462152757263,4530,379.5,389.0
394.25,11.464010808881,4531,388.5,400.0
406.25,11.465930726147,4532,399.5,413.0
419.25,11.467789357917,4533,412.5,426.0
433.75,11.471668773905,4534,425.5,442.0
450.75,11.473532726383,4535,441.5,460.0
471.75,11.475396575546,4536,459.5,484.0
496.25,11.477261207517,4537,483.5,509.0
523.25,11.479119557158,4538,508.5,538.0
554.75,11.481029476738,4539,537.5,572.0
590.75,11.484917126115,4540,571.5,610.0
632.75,11.486781090514,4541,609.5,656.0
685.25,11.488645225779,4542,655.5,715.0
750.25,11.490503257529,4543,714.5,786.0
833.0,11.493615025298,4544,785.5,880.5
384.25,11.498099992689,4546,379.5,389.0
394.25,11.499782691415,4547,388.5,400.0
406.25,11.501464627202,4548,399.5,413.0
419.25,11.503146690146,4549,412.5,426.0
433.75,11.505441059685,4550,425.5,442.0
450.75,11.507122776922,4551,441.5,460.0
471.75,11.508805642541,4552,459.5,484.0
496.25,11.510493010298,4553,483.5,509.0
523.25,11.512350859261,4554,508.5,538.0
554.75,11.514033108966,4555,537.5,572.0
590.75,11.517916442966,4556,571.5,610.0
632.75,11.519780375576,4557,609.5,656.0
685.25,11.521644407527,4558,655.5,715.0
750.25,11.523502391593,4559,714.5,786.0
833.0,11.527376876291,4560,785.5,880.5
384.25,11.532105642573,4562,379.5,389.0
394.25,11.53396397632,4563,388.5,400.0
406.25,11.535879574235,4564,399.5,413.0
419.25,11.537561891492,4565,412.5,426.0
433.75,11.540318741417,4566,425.5,442.0
450.75,11.542000959333,4567,441.5,460.0
471.75,11.54368362627,4568,459.5,484.0
496.25,11.545372225857,4569,483.5,509.0
523.25,11.547230027135,4570,508.5,538.0
554.75,11.549154474354,4571,537.5,572.0
590.75,11.551864975707,4572,571.5,610.0
632.75,11.553552375253,4573,609.5,656.0
685.25,11.555410724894,4574,655.5,715.0
750.25,11.557320807393,4575,714.5,786.0
833.0,11.561225408332,4576,785.5,880.5
384.25,11.565791076438,4578,379.5,389.0
394.25,11.567638959503,4579,388.5,400.0
406.25,11.569497710482,4580,399.5,413.0
419.25,11.571179991976,4581,412.5,426.0
433.75,11.573730673409,4582,425.5,442.0
450.75,11.575412489986,4583,441.5,460.0
471.75,11.577094676113,4584,459.5,484.0
496.25,11.578776874161,4585,483.5,509.0
523.25,11.580459024525,4586,508.5,538.0
554.75,11.582369158681,4587,537.5,572.0
590.75,11.584766473389,4588,571.5,610.0
632.75,11.586624791241,4589,609.5,656.0
685.25,11.588306941605,4590,655.5,715.0
750.25,11.590217608229,4591,714.5,786.0
833.0,11.59409045976,4592,785.5,880.5
384.25,11.599864457067,4594,379.5,389.0
394.25,11.601722707367,4595,388.5,400.0
406.25,11.603652924315,4596,399.5,413.0
419.25,11.605385826047,4597,412.5,426.0
433.75,11.60791646045,4598,425.5,442.0
450.75,11.609598241266,4599,441.5,460.0
471.75,11.611281059202,4600,459.5,484.0
496.25,11.612968693193,4601,483.5,509.0
523.25,11.6148267766,4602,508.5,538.0
554.75,11.616508640862,4603,537.5,572.0
590.75,11.618837525463,4604,571.5,610.0
632.75,11.620525326347,4605,609.5,656.0
685.25,11.622383191204,4606,655.5,715.0
750.25,11.624294441954,4607,714.5,786.0
833.0,11.627292857583,4608,785.5,880.5
384.25,11.632039827124,4610,379.5,389.0
394.25,11.633727560457,4611,388.5,400.0
406.25,11.635585723337,4612,399.5,413.0
419.25,11.637268175697,4613,412.5,426.0
433.75,11.64017385842,4614,425.5,442.0
450.75,11.641856143888,4615,441.5,460.0
471.75,11.643539009507,4616,459.5,484.0
496.25,11.645454190191,4617,483.5,509.0
523.25,11.647318257904,4618,508.5,538.0
554.75,11.649176524099,4619,537.5,572.0
590.75,11.652877908961,4620,571.5,610.0
632.75,11.654741674678,4621,609.5,656.0
685.25,11.656606060282,4622,655.5,715.0
750.25,11.658464107927,4623,714.5,786.0
833.0,11.66233797671,4624,785.5,880.5
384.25,11.667374175803,4626,379.5,389.0
394.25,11.669232775784,4627,388.5,400.0
406.25,11.670921260134,4628,399.5,413.0
419.25,11.672706343746,4629,412.5,426.0
433.75,11.675423791027,4630,425.5,442.0
450.75,11.677111190573,4631,441.5,460.0
471.75,11.678975007947,4632,459.5,484.0
496.25,11.680663106855,4633,483.5,509.0
523.25,11.682522358513,4634,508.5,538.0
554.75,11.684432059542,4635,537.5,572.0
590.75,11.688325860119,4636,571.5,610.0
632.75,11.690189443048,4637,609.5,656.0
685.25,11.692047343667,4638,655.5,715.0
750.25,11.693957775847,4639,714.5,786.0
833.0,11.697836341476,4640,785.5,880.5
384.25,11.704026907698,4642,379.5,389.0
394.25,11.705885424232,4643,388.5,400.0
406.25,11.707573360221,4644,399.5,413.0
419.25,11.709431590652,4645,412.5,426.0
433.75,11.71244255902,4646,425.5,442.0
450.75,11.714129958566,4647,441.5,460.0
471.75,11.715988224761,4648,459.5,484.0
496.25,11.717676526324,4649,483.5,509.0
523.25,11.719540025806,4650,508.5,538.0
554.75,11.721398276107,4651,537.5,572.0
590.75,11.72529109122,4652,571.5,610.0
632.75,11.727155007935,4653,609.5,656.0
685.25,11.729019190884,4654,655.5,715.0
750.25,11.73087752463,4655,714.5,786.0
833.0,11.734751524544,4656,785.5,880.5
384.25,11.739573258177,4658,379.5,389.0
394.25,11.741431274033,4659,388.5,400.0
406.25,11.743114024417,4660,399.5,413.0
419.25,11.745025410271,4661,412.5,426.0
433.75,11.748149726804,4662,425.5,442.0
450.75,11.749836943563,4663,441.5,460.0
471.75,11.751695257441,4664,459.5,484.0
496.25,11.753618190702,4665,483.5,509.0
523.25,11.755299824492,4666,508.5,538.0
554.75,11.757212541517,4667,537.5,572.0
590.75,11.761121692276,4668,571.5,610.0
632.75,11.762984857972,4669,609.5,656.0
685.25,11.764849442259,4670,655.5,715.0
750.25,11.766707791901,4671,714.5,786.0
833.0,11.770583273983,4672,785.5,880.5
384.25,11.777190325673,4674,379.5,389.0
394.25,11.779054540412,4675,388.5,400.0
406.25,11.78092572492,4676,399.5,413.0
419.25,11.782783792432,4677,412.5,426.0
433.75,11.78586342535,4678,425.5,442.0
450.75,11.787550840791,4679,441.5,460.0
471.75,11.789415043608,4680,459.5,484.0
496.25,11.79127339325,4681,483.5,509.0
523.25,11.792960876242,4682,508.5,538.0
554.75,11.794819492118,4683,537.5,572.0
590.75,11.798704506969,4684,571.5,610.0
632.75,11.800568574683,4685,609.5,656.0
685.25,11.802426924324,4686,655.5,715.0
750.25,11.804336943245,4687,714.5,786.0
833.0,11.808215059853,4688,785.5,880.5
384.25,11.813321191088,4690,379.5,389.0
394.25,11.815179524835,4691,388.5,400.0
406.25,11.817095309512,4692,399.5,413.0
419.25,11.818953643258,4693,412.5,426.0
433.75,11.822290509955,4694,425.5,442.0
450.75,11.823977909501,4695,441.5,460.0
471.75,11.825836243248,4696,459.5,484.0
496.25,11.827753641224,4697,483.5,509.0
523.25,11.829441609001,4698,508.5,538.0
554.75,11.83130035998,4699,537.5,572.0
590.75,11.835186459637,4700,571.5,610.0
632.75,11.837050857162,4701,609.5,656.0
685.25,11.838909326013,4702,655.5,715.0
750.25,11.840820676104,4703,714.5,786.0
833.0,11.844697374121,4704,785.5,880.5
384.25,11.851337975279,4706,379.5,389.0
394.25,11.853201574103,4707,388.5,400.0
406.25,11.855073306974,4708,399.5,413.0
419.25,11.856931175804,4709,412.5,426.0
433.75,11.860406210041,4710,425.5,442.0
450.75,11.86225354077,4711,441.5,460.0
471.75,11.86412239275,4712,459.5,484.0
496.25,11.865985792891,4713,483.5,509.0
523.25,11.867844126638,4714,508.5,538.0
554.75,11.8697557072,4715,537.5,572.0
590.75,11.873634892718,4716,571.5,610.0
632.75,11.875498841222,4717,609.5,656.0
685.25,11.877356606738,4718,655.5,715.0
750.25,11.879266526318,4719,714.5,786.0
833.0,11.883145759519,4720,785.5,880.5
384.25,11.888684076087,4722,379.5,389.0
394.25,11.890548390166,4723,388.5,400.0
406.25,11.89241255722,4724,399.5,413.0
419.25,11.894270692285,4725,412.5,426.0
433.75,11.897891523457,4726,425.5,442.0
450.75,11.899754975255,4727,441.5,460.0
471.75,11.901619225756,4728,459.5,484.0
496.25,11.903483392811,4729,483.5,509.0
523.25,11.905341627216,4730,508.5,538.0
554.75,11.907251558717,4731,537.5,572.0
590.75,11.911133390681,4732,571.5,610.0
632.75,11.912997390842,4733,609.5,656.0
685.25,11.914855740484,4734,655.5,715.0
750.25,11.916764956729,4735,714.5,786.0
833.0,11.920644241587,4736,785.5,880.5
384.25,11.928369508203,4738,379.5,389.0
394.25,11.930227826055,4739,388.5,400.0
406.25,11.932146209494,4740,399.5,413.0
419.25,11.934004543241,4741,412.5,426.0
433.75,11.937624476369,4742,425.5,442.0
450.75,11.939488293743,4743,441.5,460.0
471.75,11.941352456824,4744,459.5,484.0
496.25,11.943216508643,4745,483.5,509.0
523.25,11.945075076834,4746,508.5,538.0
554.75,11.946984924889,4747,537.5,572.0
590.75,11.950865441577,4748,571.5,610.0
632.75,11.952729123847,4749,609.5,656.0
685.25,11.954586976782,4750,655.5,715.0
750.25,11.956512874381,4751,714.5,786.0
833.0,11.96040782334,4752,785.5,880.5
384.25,11.967657059447,4754,379.5,389.0
394.25,11.969515540218,4755,388.5,400.0
406.25,11.97143074077,4756,399.5,413.0
419.25,11.973289074516,4757,412.5,426.0
433.75,11.976905725416,4758,425.5,442.0
450.75,11.978768740114,4759,441.5,460.0
471.75,11.980627657986,4760,459.5,484.0
496.25,11.982542743301,4761,483.5,509.0
523.25,11.984400957839,4762,508.5,538.0
554.75,11.986312458928,4763,537.5,572.0
590.75,11.990197410202,4764,571.5,610.0
632.75,11.992061990515,4765,609.5,656.0
685.25,11.993928740438,4766,655.5,715.0
750.25,11.995786990738,4767,714.5,786.0
833.0,11.999674508985,4768,785.5,880.5
384.25,12.005693723774,4770,379.5,389.0
394.25,12.007557926591,4771,388.5,400.0
406.25,12.009416443125,4772,399.5,413.0
419.25,12.011326076603,4773,412.5,426.0
433.75,12.014693623797,4774,425.5,442.0
450.75,12.016557842509,4775,441.5,460.0
471.75,12.018415890153,4776,459.5,484.0
496.25,12.020331658936,4777,483.5,509.0
523.25,12.022190092023,4778,508.5,538.0
554.75,12.024099892394,4779,537.5,572.0
590.75,12.027979125595,4780,571.5,610.0
632.75,12.02984329265,4781,609.5,656.0
685.25,12.03170792462,4782,655.5,715.0
750.25,12.033565908686,4783,714.5,786.0
833.0,12.037439475473,4784,785.5,880.5
384.25,12.044195340093,4786,379.5,389.0
394.25,12.0460655749,4787,388.5,400.0
406.25,12.047923423862,4788,399.5,413.0
419.25,12.04983412625,4789,412.5,426.0
433.75,12.053507143275,4790,425.5,442.0
450.75,12.055370726204,4791,441.5,460.0
471.75,12.057234674708,4792,459.5,484.0
496.25,12.059104257838,4793,483.5,509.0
523.25,12.060962476349,4794,508.5,538.0
554.75,12.062872423744,4795,537.5,572.0
590.75,12.066761173821,4796,571.5,610.0
632.75,12.068624943511,4797,609.5,656.0
685.25,12.070489174143,4798,655.5,715.0
750.25,12.072347424444,4799,714.5,786.0
833.0,12.076221325016,4800,785.5,880.5
384.25,12.081622423744,4802,379.5,389.0
394.25,12.083486757692,4803,388.5,400.0
406.25,12.085350793616,4804,399.5,413.0
419.25,12.087210307535,4805,412.5,426.0
433.75,12.090870724138,4806,425.5,442.0
450.75,12.092734791851,4807,441.5,460.0
471.75,12.094597727076,4808,459.5,484.0
496.25,12.096462009366,4809,483.5,509.0
523.25,12.098320291456,4810,508.5,538.0
554.75,12.100231641547,4811,537.5,572.0
590.75,12.104108442879,4812,571.5,610.0
632.75,12.105972542381,4813,609.5,656.0
685.25,12.107836490885,4814,655.5,715.0
750.25,12.109694709396,4815,714.5,786.0
833.0,12.113569659011,4816,785.5,880.5
384.25,12.120492241796,4818,379.5,389.0
394.25,12.122356257852,4819,388.5,400.0
406.25,12.124214392916,4820,399.5,413.0
419.25,12.126127491411,4821,412.5,426.0
433.75,12.129971259848,4822,425.5,442.0
450.75,12.131835093117,4823,441.5,460.0
471.75,12.133693275865,4824,459.5,484.0
496.25,12.13560814263,4825,483.5,509.0
523.25,12.137467076397,4826,508.5,538.0
554.75,12.139377258237,4827,537.5,572.0
590.75,12.143257159011,4828,571.5,610.0
632.75,12.145120825386,4829,609.5,656.0
685.25,12.146979175027,4830,655.5,715.0
750.25,12.148889110502,4831,714.5,786.0
833.0,12.152767493343,4832,785.5,880.5
384.25,12.158643724537,4834,379.5,389.0
394.25,12.160501990732,4835,388.5,400.0
406.25,12.162418276087,4836,399.5,413.0
419.25,12.164276625729,4837,412.5,426.0
433.75,12.168124526755,4838,425.5,442.0
450.75,12.169988459365,4839,441.5,460.0
471.75,12.171852626419,4840,459.5,484.0
496.25,12.173711289978,4841,483.5,509.0
523.25,12.175626625633,4842,508.5,538.0
554.75,12.177484923617,4843,537.5,572.0
590.75,12.181372441864,4844,571.5,610.0
632.75,12.183235993004,4845,609.5,656.0
685.25,12.185094275093,4846,655.5,715.0
750.25,12.187021658834,4847,714.5,786.0
833.0,12.190899540997,4848,785.5,880.5
384.25,12.199023725605,4850,379.5,389.0
394.25,12.200887674109,4851,388.5,400.0
406.25,12.202745825068,4852,399.5,413.0
419.25,12.204659257348,4853,412.5,426.0
433.75,12.208548957125,4854,425.5,442.0
450.75,12.210413024839,4855,441.5,460.0
471.75,12.212277207788,4856,459.5,484.0
496.25,12.21413552564,4857,483.5,509.0
523.25,12.216050440089,4858,508.5,538.0
554.75,12.217908857282,4859,537.5,572.0
590.75,12.221803993003,4860,571.5,610.0
632.75,12.223667591826,4861,609.5,656.0
685.25,12.225525973256,4862,655.5,715.0
750.25,12.227435841179,4863,714.5,786.0
833.0,12.231314510123,4864,785.5,880.5
384.25,12.238859957472,4866,379.5,389.0
394.25,12.240724374866,4867,388.5,400.0
406.25,12.24258844258,4868,399.5,413.0
419.25,12.24444694322,4869,412.5,426.0
433.75,12.248336507893,4870,425.5,442.0
450.75,12.250200106716,4871,441.5,460.0
471.75,12.25205827357,4872,459.5,484.0
496.25,12.253974558926,4873,483.5,509.0
523.25,12.255839123344,4874,508.5,538.0
554.75,12.257697540538,4875,537.5,572.0
590.75,12.261585340913,4876,571.5,610.0
632.75,12.263449241734,4877,609.5,656.0
685.25,12.265312526639,4878,655.5,715.0
750.25,12.267170776939,4879,714.5,786.0
833.0,12.271045841789,4880,785.5,880.5
384.25,12.278203791396,4882,379.5,389.0
394.25,12.280072158591,4883,388.5,400.0
406.25,12.281930190341,4884,399.5,413.0
419.25,12.283840527153,4885,412.5,426.0
433.75,12.287734975433,4886,425.5,442.0
450.75,12.289598526573,4887,441.5,460.0
471.75,12.291462526735,4888,459.5,484.0
496.25,12.293327456729,4889,483.5,509.0
523.25,12.295186259365,4890,508.5,538.0
554.75,12.297096043841,4891,537.5,572.0
590.75,12.300983792559,4892,571.5,610.0
632.75,12.302847558276,4893,609.5,656.0
685.25,12.304712075011,4894,655.5,715.0
750.25,12.306570392863,4895,714.5,786.0
833.0,12.310459889984,4896,785.5,880.5
384.25,12.318147923565,4898,379.5,389.0
394.25,12.320012074725,4899,388.5,400.0
406.25,12.321876674906,4900,399.5,413.0
419.25,12.32373446029,4901,412.5,426.0
433.75,12.327323375161,4902,425.5,442.0
450.75,12.329186890539,4903,441.5,460.0
471.75,12.331050556914,4904,459.5,484.0
496.25,12.332914576944,4905,483.5,509.0
523.25,12.334772390143,4906,508.5,538.0
554.75,12.336684340254,4907,537.5,572.0
590.75,12.340566223876,4908,571.5,610.0
632.75,12.342430891609,4909,609.5,656.0
685.25,12.344289157804,4910,655.5,715.0
750.25,12.346198874728,4911,714.5,786.0
833.0,12.350076176739,4912,785.5,880.5
384.25,12.359249558067,4914,379.5,389.0
394.25,12.361119224644,4915,388.5,400.0
406.25,12.362977709389,4916,399.5,413.0
419.25,12.364887442207,4917,412.5,426.0
433.75,12.368316624578,4918,425.5,442.0
450.75,12.370180191612,4919,441.5,460.0
471.75,12.372044223563,4920,459.5,484.0
496.25,12.373908708509,4921,483.5,509.0
523.25,12.375767292595,4922,508.5,538.0
554.75,12.377677041308,4923,537.5,572.0
590.75,12.381579742845,4924,571.5,610.0
632.75,12.383443226433,4925,609.5,656.0
685.25,12.38530712328,4926,655.5,715.0
750.25,12.387165174898,4927,714.5,786.0
833.0,12.391041241105,4928,785.5,880.5
384.25,12.398412074661,4930,379.5,389.0
394.25,12.400276690737,4931,388.5,400.0
406.25,12.402140758451,4932,399.5,413.0
419.25,12.403998873647,4933,412.5,426.0
433.75,12.407503741995,4934,425.5,442.0
450.75,12.409366808351,4935,441.5,460.0
471.75,12.411225591119,4936,459.5,484.0
496.25,12.413142174498,4937,483.5,509.0
523.25,12.415000158564,4938,508.5,538.0
554.75,12.416910006618,4939,537.5,572.0
590.75,12.420795891698,4940,571.5,610.0
632.75,12.42265929184,4941,609.5,656.0
685.25,12.424517808374,4942,655.5,715.0
750.25,12.426429210122,4943,714.5,786.0
833.0,12.430306210136,4944,785.5,880.5
384.25,12.436699459966,4946,379.5,389.0
394.25,12.438557209587,4947,388.5,400.0
406.25,12.440473908202,4948,399.5,413.0
419.25,12.442331824716,4949,412.5,426.0
433.75,12.445983674145,4950,425.5,442.0
450.75,12.447847408072,4951,441.5,460.0
471.75,12.44970584116,4952,459.5,484.0
496.25,12.451620974159,4953,483.5,509.0
523.25,12.453479224459,4954,508.5,538.0
554.75,12.455390423552,4955,537.5,572.0
590.75,12.459292827066,4956,571.5,610.0
632.75,12.461156743781,4957,609.5,656.0
685.25,12.463021208858,4958,655.5,715.0
750.25,12.464879224714,4959,714.5,786.0
833.0,12.468755040582,4960,785.5,880.5
384.25,12.474991625563,4962,379.5,389.0
394.25,12.47685586017,4963,388.5,400.0
406.25,12.478714058812,4964,399.5,413.0
419.25,12.480623791631,4965,412.5,426.0
433.75,12.484108823554,4966,425.5,442.0
450.75,12.485972557481,4967,441.5,460.0
471.75,12.487830843544,4968,459.5,484.0
496.25,12.489745893097,4969,483.5,509.0
523.25,12.4916129927,4970,508.5,538.0
554.75,12.493471008555,4971,537.5,572.0
590.75,12.497359325504,4972,571.5,610.0
632.75,12.499222443517,4973,609.5,656.0
685.25,12.501080840842,4974,655.5,715.0
750.25,12.502991924699,4975,714.5,786.0
833.0,12.506870442645,4976,785.5,880.5
384.25,12.514575992044,4978,379.5,389.0
394.25,12.516433825111,4979,388.5,400.0
406.25,12.518354143715,4980,399.5,413.0
419.25,12.520212008572,4981,412.5,426.0
433.75,12.523452574031,4982,425.5,442.0
450.75,12.525316307958,4983,441.5,460.0
471.75,12.527180260436,4984,459.5,484.0
496.25,12.529039190229,4985,483.5,509.0
523.25,12.53095584116,4986,508.5,538.0
554.75,12.532814190801,4987,537.5,572.0
590.75,12.536707923826,4988,571.5,610.0
632.75,12.538571308072,4989,609.5,656.0
685.25,12.540435475127,4990,655.5,715.0
750.25,12.542294257895,4991,714.5,786.0
833.0,12.54616835715,4992,785.5,880.5
384.25,12.551842659728,4994,379.5,389.0
394.25,12.5537071407,4995,388.5,400.0
406.25,12.555565176423,4996,399.5,413.0
419.25,12.557247525469,4997,412.5,426.0
433.75,12.560085024452,4998,425.5,442.0
450.75,12.561772507445,4999,441.5,460.0
471.75,12.563642758147,5000,459.5,484.0
496.25,12.565501207129,5001,483.5,509.0
523.25,12.567417043463,5002,508.5,538.0
554.75,12.569274991767,5003,537.5,572.0
590.75,12.573155858135,5004,571.5,610.0
632.75,12.575019258277,5005,609.5,656.0
685.25,12.576883409437,5006,655.5,715.0
750.25,12.578742192205,5007,714.5,786.0
833.0,12.582616275565,5008,785.5,880.5
384.25,12.589305875715,5010,379.5,389.0
394.25,12.591163676993,5011,388.5,400.0
406.25,12.593090107059,5012,399.5,413.0
419.25,12.594948540147,5013,412.5,426.0
433.75,12.59801549317,5014,425.5,442.0
450.75,12.599703075504,5015,441.5,460.0
471.75,12.601518374697,5016,459.5,484.0
496.25,12.603382990774,5017,483.5,509.0
523.25,12.605250992394,5018,508.5,538.0
554.75,12.607109342035,5019,537.5,572.0
590.75,12.611002991613,5020,571.5,610.0
632.75,12.612867273903,5021,609.5,656.0
685.25,12.614731758849,5022,655.5,715.0
750.25,12.616589675363,5023,714.5,786.0
833.0,12.62046479187,5024,785.5,880.5
384.25,12.629121357218,5026,379.5,389.0
394.25,12.630990773455,5027,388.5,400.0
406.25,12.632848840968,5028,399.5,413.0
419.25,12.634758859889,5029,412.5,426.0
433.75,12.638140243308,5030,425.5,442.0
450.75,12.639827956772,5031,441.5,460.0
471.75,12.641686326281,5032,459.5,484.0
496.25,12.64360329113,5033,483.5,509.0
523.25,12.645473657068,5034,508.5,538.0
554.75,12.647331458346,5035,537.5,572.0
590.75,12.65121966006,5036,571.5,610.0
632.75,12.65308334233,5037,609.5,656.0
685.25,12.654947541173,5038,655.5,715.0
750.25,12.65680587492,5039,714.5,786.0
833.0,12.660679807282,5040,785.5,880.5
384.25,12.668419839954,5042,379.5,389.0
394.25,12.670278793589,5043,388.5,400.0
406.25,12.672194725291,5044,399.5,413.0
419.25,12.674053810056,5045,412.5,426.0
433.75,12.677144207573,5046,425.5,442.0
450.75,12.678831257439,5047,441.5,460.0
471.75,12.680701726691,5048,459.5,484.0
496.25,12.682565226173,5049,483.5,509.0
523.25,12.684423540052,5050,508.5,538.0
554.75,12.686334957695,5051,537.5,572.0
590.75,12.690217310206,5052,571.5,610.0
632.75,12.692080893135,5053,609.5,656.0
685.25,12.693939207013,5054,655.5,715.0
750.25,12.695848943806,5055,714.5,786.0
833.0,12.699728808816,5056,785.5,880.5
384.25,12.70656214358,5058,379.5,389.0
394.25,12.708425941086,5059,388.5,400.0
406.25,12.71029130818,5060,399.5,413.0
419.25,12.712149490929,5061,412.5,426.0
433.75,12.714847058074,5062,425.5,442.0
450.75,12.716534556961,5063,441.5,460.0
471.75,12.718392791367,5064,459.5,484.0
496.25,12.720308576043,5065,483.5,509.0
523.25,12.722173458354,5066,508.5,538.0
554.75,12.724031907336,5067,537.5,572.0
590.75,12.727918392436,5068,571.5,610.0
632.75,12.72978220981,5069,609.5,656.0
685.25,12.731646376864,5070,655.5,715.0
750.25,12.73350509208,5071,714.5,786.0
833.0,12.737380892054,5072,785.5,880.5
384.25,12.744320859528,5074,379.5,389.0
394.25,12.746185074266,5075,388.5,400.0
406.25,12.748043376223,5076,399.5,413.0
419.25,12.749953109042,5077,412.5,426.0
433.75,12.752625940259,5078,425.5,442.0
450.75,12.754313610013,5079,441.5,460.0
471.75,12.75617194376,5080,459.5,484.0
496.25,12.758089242395,5081,483.5,509.0
523.25,12.759946960227,5082,508.5,538.0
554.75,12.761856808281,5083,537.5,572.0
590.75,12.765747942543,5084,571.5,610.0
632.75,12.767611410236,5085,609.5,656.0
685.25,12.769470157242,5086,655.5,715.0
750.25,12.771381276862,5087,714.5,786.0
833.0,12.775258976237,5088,785.5,880.5
384.25,12.782716308053,5090,379.5,389.0
394.25,12.78458029232,5091,388.5,400.0
406.25,12.786444407717,5092,399.5,413.0
419.25,12.788302443441,5093,412.5,426.0
433.75,12.791227724171,5094,425.5,442.0
450.75,12.792915123717,5095,441.5,460.0
471.75,12.794773473358,5096,459.5,484.0
496.25,12.796689607716,5097,483.5,509.0
523.25,12.798553826427,5098,508.5,538.0
554.75,12.800412056859,5099,537.5,572.0
590.75,12.804296523348,5100,571.5,610.0
632.75,12.806161107636,5101,609.5,656.0
685.25,12.808019310252,5102,655.5,715.0
750.25,12.809929742432,5103,714.5,786.0
833.0,12.813806909339,5104,785.5,880.5
384.25,12.81997882328,5106,379.5,389.0
394.25,12.821837141132,5107,388.5,400.0
406.25,12.823754423873,5108,399.5,413.0
419.25,12.825612809277,5109,412.5,426.0
433.75,12.82853389384,5110,425.5,442.0
450.75,12.830221074835,5111,441.5,460.0
471.75,12.832079726473,5112,459.5,484.0
496.25,12.833995876726,5113,483.5,509.0
523.25,12.83586632611,5114,508.5,538.0
554.75,12.83772517643,5115,537.5,572.0
590.75,12.84161132377,5116,571.5,610.0
632.75,12.843475057697,5117,609.5,656.0
685.25,12.845339725431,5118,655.5,715.0
750.25,12.847197959836,5119,714.5,786.0
833.0,12.851072591559,5120,785.5,880.5
384.25,12.860094942665,5122,379.5,389.0
394.25,12.861964625136,5123,388.5,400.0
406.25,12.863822974777,5124,399.5,413.0
419.25,12.865733009593,5125,412.5,426.0
433.75,12.86863845787,5126,425.5,442.0
450.75,12.870320890363,5127,441.5,460.0
471.75,12.872008591906,5128,459.5,484.0
496.25,12.873872623857,5129,483.5,509.0
523.25,12.87573090992,5130,508.5,538.0
554.75,12.877640559292,5131,537.5,572.0
590.75,12.881526758289,5132,571.5,610.0
632.75,12.883391342576,5133,609.5,656.0
685.25,12.885255223529,5134,655.5,715.0
750.25,12.887113223489,5135,714.5,786.0
833.0,12.8910026769,5136,785.5,880.5
384.25,12.898633410549,5138,379.5,389.0
394.25,12.900491708533,5139,388.5,400.0
406.25,12.902408490594,5140,399.5,413.0
419.25,12.904266923682,5141,412.5,426.0
433.75,12.907389225578,5142,425.5,442.0
450.75,12.909070891158,5143,441.5,460.0
471.75,12.910758592701,5144,459.5,484.0
496.25,12.912622990227,5145,483.5,509.0
523.25,12.914481010056,5146,508.5,538.0
554.75,12.916393440978,5147,537.5,572.0
590.75,12.920275257047,5148,571.5,610.0
632.75,12.922139141973,5149,609.5,656.0
685.25,12.924003142134,5150,655.5,715.0
750.25,12.925861543433,5151,714.5,786.0
833.0,12.929737093067,5152,785.5,880.5
384.25,12.937555927054,5154,379.5,389.0
394.25,12.939414256827,5155,388.5,400.0
406.25,12.94133157533,5156,399.5,413.0
419.25,12.943190191205,5157,412.5,426.0
433.75,12.94640384318,5158,425.5,442.0
450.75,12.948086009439,5159,441.5,460.0
471.75,12.949774056689,5160,459.5,484.0
496.25,12.95163852574,5161,483.5,509.0
523.25,12.953496990617,5162,508.5,538.0
554.75,12.955406842645,5163,537.5,572.0
590.75,12.959305423514,5164,571.5,610.0
632.75,12.961169459438,5165,609.5,656.0
685.25,12.963033376153,5166,655.5,715.0
750.25,12.964891725794,5167,714.5,786.0
833.0,12.968767740345,5168,785.5,880.5
384.25,12.97658757569,5170,379.5,389.0
394.25,12.978445408758,5171,388.5,400.0
406.25,12.980362723287,5172,399.5,413.0
419.25,12.982220524565,5173,412.5,426.0
433.75,12.98583549064,5174,425.5,442.0
450.75,12.987517259534,5175,441.5,460.0
471.75,12.989200073496,5176,459.5,484.0
496.25,12.991130958017,5177,483.5,509.0
523.25,12.992995240307,5178,508.5,538.0
554.75,12.994853156821,5179,537.5,572.0
590.75,12.99873847367,5180,571.5,610.0
632.75,13.000602175808,5181,609.5,656.0
685.25,13.002466374652,5182,655.5,715.0
750.25,13.004326075331,5183,714.5,786.0
833.0,13.008199010309,5184,785.5,880.5
384.25,13.01643927695,5186,379.5,389.0
394.25,13.018303877131,5187,388.5,400.0
406.25,13.020167491849,5188,399.5,413.0
419.25,13.022025607045,5189,412.5,426.0
433.75,13.02562769057,5190,425.5,442.0
450.75,13.027310107168,5191,441.5,460.0
471.75,13.028997991498,5192,459.5,484.0
496.25,13.030862241999,5193,483.5,509.0
523.25,13.032720607535,5194,508.5,538.0
554.75,13.034631325817,5195,537.5,572.0
590.75,13.038520524915,5196,571.5,610.0
632.75,13.04038444163,5197,609.5,656.0
685.25,13.042248608685,5198,655.5,715.0
750.25,13.044106592751,5199,714.5,786.0
833.0,13.04798045756,5200,785.5,880.5
384.25,13.054996409035,5202,379.5,389.0
394.25,13.056861092663,5203,388.5,400.0
406.25,13.058725259717,5204,399.5,413.0
419.25,13.060583510017,5205,412.5,426.0
433.75,13.064020524438,5206,425.5,442.0
450.75,13.065702690697,5207,441.5,460.0
471.75,13.067390841262,5208,459.5,484.0
496.25,13.069255159314,5209,483.5,509.0
523.25,13.07111412487,5210,508.5,538.0
554.75,13.073023909346,5211,537.5,572.0
590.75,13.076918842411,5212,571.5,610.0
632.75,13.078782226658,5213,609.5,656.0
685.25,13.080647009627,5214,655.5,715.0
750.25,13.08250507714,5215,714.5,786.0
833.0,13.086158543841,5216,785.5,880.5
384.25,13.093418457127,5218,379.5,389.0
394.25,13.095283140755,5219,388.5,400.0
406.25,13.097141391055,5220,399.5,413.0
419.25,13.099051290766,5221,412.5,426.0
433.75,13.102752691523,5222,425.5,442.0
450.75,13.104435509459,5223,441.5,460.0
471.75,13.106123040136,5224,459.5,484.0
496.25,13.107987743632,5225,483.5,509.0
523.25,13.109845540937,5226,508.5,538.0
554.75,13.111755957222,5227,537.5,572.0
590.75,13.115649992243,5228,571.5,610.0
632.75,13.117513674513,5229,609.5,656.0
685.25,13.11937744023,5230,655.5,715.0
750.25,13.121235523637,5231,714.5,786.0
833.0,13.124869491673,5232,785.5,880.5
384.25,13.130371926244,5234,379.5,389.0
394.25,13.132236224429,5235,388.5,400.0
406.25,13.134100490824,5236,399.5,413.0
419.25,13.135958443101,5237,412.5,426.0
433.75,13.138580975946,5238,425.5,442.0
450.75,13.140268474833,5239,441.5,460.0
471.75,13.142135626094,5240,459.5,484.0
496.25,13.143993840631,5241,483.5,509.0
523.25,13.14590944252,5242,508.5,538.0
554.75,13.147768491522,5243,537.5,572.0
590.75,13.151648924764,5244,571.5,610.0
632.75,13.153512690481,5245,609.5,656.0
685.25,13.155376925087,5246,655.5,715.0
750.25,13.157235159492,5247,714.5,786.0
833.0,13.161109640217,5248,785.5,880.5
384.25,13.165813142077,5250,379.5,389.0
394.25,13.167671626822,5251,388.5,400.0
406.25,13.169588643328,5252,399.5,413.0
419.25,13.171447024759,5253,412.5,426.0
433.75,13.173685524877,5254,425.5,442.0
450.75,13.175367675241,5255,441.5,460.0
471.75,13.17704980971,5256,459.5,484.0
496.25,13.178965693728,5257,483.5,509.0
523.25,13.180829892572,5258,508.5,538.0
554.75,13.182688126977,5259,537.5,572.0
590.75,13.186580477174,5260,571.5,610.0
632.75,13.188444425678,5261,609.5,656.0
685.25,13.190302310403,5262,655.5,715.0
750.25,13.192213124053,5263,714.5,786.0
833.0,13.195425107098,5264,785.5,880.5
384.25,13.201464158312,5266,379.5,389.0
394.25,13.203321959591,5267,388.5,400.0
406.25,13.205235173321,5268,399.5,413.0
419.25,13.206916890558,5269,412.5,426.0
433.75,13.209136607265,5270,425.5,442.0
450.75,13.210818590736,5271,441.5,460.0
471.75,13.212501690801,5272,459.5,484.0
496.25,13.214428907649,5273,483.5,509.0
523.25,13.216293575382,5274,508.5,538.0
554.75,13.218151309109,5275,537.5,572.0
590.75,13.222030824439,5276,571.5,610.0
632.75,13.223894375579,5277,609.5,656.0
685.25,13.225759043312,5278,655.5,715.0
750.25,13.227617293612,5279,714.5,786.0
833.0,13.230966093159,5280,785.5,880.5
384.25,13.235502757645,5282,379.5,389.0
394.25,13.237361143049,5283,388.5,400.0
406.25,13.239270959314,5284,399.5,413.0
419.25,13.240953193124,5285,412.5,426.0
433.75,13.243204909579,5286,425.5,442.0
450.75,13.24488724273,5287,441.5,460.0
471.75,13.246569774564,5288,459.5,484.0
496.25,13.248485173798,5289,483.5,509.0
523.25,13.250349440193,5290,508.5,538.0
554.75,13.252208075937,5291,537.5,572.0
590.75,13.256094843165,5292,571.5,610.0
632.75,13.257958457883,5293,609.5,656.0
685.25,13.259816974417,5294,655.5,715.0
750.25,13.26172684234,5295,714.5,786.0
833.0,13.265604823844,5296,785.5,880.5
384.25,13.271911507861,5298,379.5,389.0
394.25,13.27377569081,5299,388.5,400.0
406.25,13.275633658981,5300,399.5,413.0
419.25,13.27754604222,5301,412.5,426.0
433.75,13.279863240337,5302,425.5,442.0
450.75,13.281545573489,5303,441.5,460.0
471.75,13.28323345782,5304,459.5,484.0
496.25,13.285092324034,5305,483.5,509.0
523.25,13.287023359553,5306,508.5,538.0
554.75,13.288881391303,5307,537.5,572.0
590.75,13.292486574268,5308,571.5,610.0
632.75,13.294349775728,5309,609.5,656.0
685.25,13.296208590285,5310,655.5,715.0
750.25,13.298118525759,5311,714.5,786.0
833.0,13.302003826714,5312,785.5,880.5
384.25,13.307551123714,5314,379.5,389.0
394.25,13.30941017669,5315,388.5,400.0
406.25,13.311325742817,5316,399.5,413.0
419.25,13.313183492438,5317,412.5,426.0
433.75,13.315829374409,5318,425.5,442.0
450.75,13.317687640603,5319,441.5,460.0
471.75,13.319375326252,5320,459.5,484.0
496.25,13.321233973916,5321,483.5,509.0
523.25,13.323150326824,5322,508.5,538.0
554.75,13.325008577124,5323,537.5,572.0
590.75,13.328076126194,5324,571.5,610.0
632.75,13.329939725018,5325,609.5,656.0
685.25,13.331803943729,5326,655.5,715.0
750.25,13.333662726498,5327,714.5,786.0
833.0,13.33753517669,5328,785.5,880.5
384.25,13.344709374523,5330,379.5,389.0
394.25,13.346568010267,5331,388.5,400.0
406.25,13.348484677092,5332,399.5,413.0
419.25,13.350342708842,5333,412.5,426.0
433.75,13.353096960004,5334,425.5,442.0
450.75,13.354955357329,5335,441.5,460.0
471.75,13.356643627103,5336,459.5,484.0
496.25,13.358508108075,5337,483.5,509.0
523.25,13.360366441822,5338,508.5,538.0
554.75,13.362277859465,5339,537.5,572.0
590.75,13.366156591988,5340,571.5,610.0
632.75,13.368020608044,5341,609.5,656.0
685.25,13.369879025237,5342,655.5,715.0
750.25,13.371788543479,5343,714.5,786.0
833.0,13.375666807111,5344,785.5,880.5
384.25,13.380420976893,5346,379.5,389.0
394.25,13.382279990133,5347,388.5,400.0
406.25,13.38396770757,5348,399.5,413.0
419.25,13.385825675742,5349,412.5,426.0
433.75,13.388908475653,5350,425.5,442.0
450.75,13.390766841189,5351,441.5,460.0
471.75,13.392448741213,5352,459.5,484.0
496.25,13.394131507492,5353,483.5,509.0
523.25,13.395813641961,5354,508.5,538.0
554.75,13.3977239748,5355,537.5,572.0
590.75,13.401605226612,5356,571.5,610.0
632.75,13.403468642648,5357,609.5,656.0
685.25,13.405326857185,5358,655.5,715.0
750.25,13.407236693319,5359,714.5,786.0
833.0,13.411116443094,5360,785.5,880.5
384.25,13.415812343375,5362,379.5,389.0
394.25,13.41767060957,5363,388.5,400.0
406.25,13.419352410253,5364,399.5,413.0
419.25,13.421270992374,5365,412.5,426.0
433.75,13.424308492756,5366,425.5,442.0
450.75,13.425990825907,5367,441.5,460.0
471.75,13.427672690169,5368,459.5,484.0
496.25,13.429584143575,5369,483.5,509.0
523.25,13.431266440964,5370,508.5,538.0
554.75,13.433177926159,5371,537.5,572.0
590.75,13.437070109463,5372,571.5,610.0
632.75,13.438933859285,5373,609.5,656.0
685.25,13.440791926797,5374,655.5,715.0
750.25,13.442703960355,5375,714.5,786.0
833.0,13.446580324586,5376,785.5,880.5
384.25,13.453054410235,5378,379.5,389.0
394.25,13.454912640667,5379,388.5,400.0
406.25,13.456831059869,5380,399.5,413.0
419.25,13.458689373748,5381,412.5,426.0
433.75,13.461654859797,5382,425.5,442.0
450.75,13.463336974398,5383,441.5,460.0
471.75,13.46502517662,5384,459.5,484.0
496.25,13.466889375464,5385,483.5,509.0
523.25,13.468747709211,5386,508.5,538.0
554.75,13.470658693727,5387,537.5,572.0
590.75,13.474473077075,5388,571.5,610.0
632.75,13.476336675898,5389,609.5,656.0
685.25,13.478205225881,5390,655.5,715.0
750.25,13.480063873545,5391,714.5,786.0
833.0,13.483945693588,5392,785.5,880.5
384.25,13.489178957558,5394,379.5,389.0
394.25,13.49104292593,5395,388.5,400.0
406.25,13.492911559359,5396,399.5,413.0
419.25,13.494769877211,5397,412.5,426.0
433.75,13.49778625768,5398,425.5,442.0
450.75,13.499645676231,5399,441.5,460.0
471.75,13.501327341811,5400,459.5,484.0
496.25,13.503016557312,5401,483.5,509.0
523.25,13.504880442238,5402,508.5,538.0
554.75,13.506738692538,5403,537.5,572.0
590.75,13.510632910347,5404,571.5,610.0
632.75,13.512496207174,5405,609.5,656.0
685.25,13.514360708014,5406,655.5,715.0
750.25,13.51621954244,5407,714.5,786.0
833.0,13.52009422582,5408,785.5,880.5
384.25,13.52655035855,5410,379.5,389.0
394.25,13.528304960346,5411,388.5,400.0
406.25,13.530222723897,5412,399.5,413.0
419.25,13.532080775515,5413,412.5,426.0
433.75,13.535363358275,5414,425.5,442.0
450.75,13.537045524534,5415,441.5,460.0
471.75,13.538728123919,5416,459.5,484.0
496.25,13.540644993401,5417,483.5,509.0
523.25,13.542509041246,5418,508.5,538.0
554.75,13.544367824014,5419,537.5,572.0
590.75,13.548248356597,5420,571.5,610.0
632.75,13.55011229318,5421,609.5,656.0
685.25,13.551970658716,5422,655.5,715.0
750.25,13.553881992912,5423,714.5,786.0
833.0,13.557759577052,5424,785.5,880.5
384.25,13.562669843451,5426,379.5,389.0
394.25,13.56435235939,5427,388.5,400.0
406.25,13.566268557326,5428,399.5,413.0
419.25,13.568126740074,5429,412.5,426.0
433.75,13.571544625378,5430,425.5,442.0
450.75,13.573226859188,5431,441.5,460.0
471.75,13.574914775308,5432,459.5,484.0
496.25,13.576773625628,5433,483.5,509.0
523.25,13.578689473883,5434,508.5,538.0
554.75,13.580547724183,5435,537.5,572.0
590.75,13.584429874039,5436,571.5,610.0
632.75,13.586293691413,5437,609.5,656.0
685.25,13.588153340435,5438,655.5,715.0
750.25,13.590063208357,5439,714.5,786.0
833.0,13.593941475964,5440,785.5,880.5
384.25,13.60007580719,5442,379.5,389.0
394.25,13.601758223788,5443,388.5,400.0
406.25,13.60368450683,5444,399.5,413.0
419.25,13.605545657889,5445,412.5,426.0
433.75,13.609439776357,5446,425.5,442.0
450.75,13.611121942616,5447,441.5,460.0
471.75,13.61280444266,5448,459.5,484.0
496.25,13.614714791393,5449,483.5,509.0
523.25,13.616397474225,5450,508.5,538.0
554.75,13.618308073298,5451,537.5,572.0
590.75,13.622195659097,5452,571.5,610.0
632.75,13.624059190369,5453,609.5,656.0
685.25,13.625917925453,5454,655.5,715.0
750.25,13.627827825165,5455,714.5,786.0
833.0,13.631706076876,5456,785.5,880.5
384.25,13.636345658716,5458,379.5,389.0
394.25,13.638034206645,5459,388.5,400.0
406.25,13.639892043686,5460,399.5,413.0
419.25,13.64180189174,5461,412.5,426.0
433.75,13.645446660137,5462,425.5,442.0
450.75,13.647128993289,5463,441.5,460.0
471.75,13.648816941198,5464,459.5,484.0
496.25,13.650681557274,5465,483.5,509.0
523.25,13.652539875126,5466,508.5,538.0
554.75,13.654450843747,5467,537.5,572.0
590.75,13.658359541512,5468,571.5,610.0
632.75,13.660193957901,5469,609.5,656.0
685.25,13.662052343305,5470,655.5,715.0
750.25,13.663963693396,5471,714.5,786.0
833.0,13.667838325119,5472,785.5,880.5
384.25,13.674057076391,5474,379.5,389.0
394.25,13.675739258544,5475,388.5,400.0
406.25,13.677663809077,5476,399.5,413.0
419.25,13.679521960036,5477,412.5,426.0
433.75,13.683027309195,5478,425.5,442.0
450.75,13.684709459559,5479,441.5,460.0
471.75,13.686391943709,5480,459.5,484.0
496.25,13.688307390626,5481,483.5,509.0
523.25,13.690171657022,5482,508.5,538.0
554.75,13.692030006663,5483,537.5,572.0
590.75,13.695909541861,5484,571.5,610.0
632.75,13.697773140685,5485,609.5,656.0
685.25,13.699637808418,5486,655.5,715.0
750.25,13.701496026929,5487,714.5,786.0
833.0,13.705369875844,5488,785.5,880.5
384.25,13.710272608217,5490,379.5,389.0
394.25,13.711960623678,5491,388.5,400.0
406.25,13.713824758943,5492,399.5,413.0
419.25,13.715683192031,5493,412.5,426.0
433.75,13.718502507623,5494,425.5,442.0
450.75,13.720184610303,5495,441.5,460.0
471.75,13.721867507712,5496,459.5,484.0
496.25,13.723556075509,5497,483.5,509.0
523.25,13.725420143223,5498,508.5,538.0
554.75,13.727279057121,5499,537.5,572.0
590.75,13.730406659857,5500,571.5,610.0
632.75,13.732270441469,5501,609.5,656.0
685.25,13.734134556866,5502,655.5,715.0
750.25,13.735993558184,5503,714.5,786.0
833.0,13.739783459918,5504,785.5,880.5
384.25,13.744812876002,5506,379.5,389.0
394.25,13.746500740465,5507,388.5,400.0
406.25,13.748359074211,5508,399.5,413.0
419.25,13.750268993791,5509,412.5,426.0
433.75,13.752831890202,5510,425.5,442.0
450.75,13.75451427501,5511,441.5,460.0
471.75,13.756196143246,5512,459.5,484.0
496.25,13.757883193111,5513,483.5,509.0
523.25,13.759742309666,5514,508.5,538.0
554.75,13.761652006721,5515,537.5,572.0
590.75,13.764853324509,5516,571.5,610.0
632.75,13.766716625309,5517,609.5,656.0
685.25,13.76857484382,5518,655.5,715.0
750.25,13.770486758169,5519,714.5,786.0
833.0,13.774366893387,5520,785.5,880.5
384.25,13.779659225559,5522,379.5,389.0
394.25,13.781347157574,5523,388.5,400.0
406.25,13.783212043858,5524,399.5,413.0
419.25,13.78506989282,5525,412.5,426.0
433.75,13.787575874742,5526,425.5,442.0
450.75,13.789258259551,5527,441.5,460.0
471.75,13.790946159776,5528,459.5,484.0
496.25,13.792810275173,5529,483.5,509.0
523.25,13.79466899039,5530,508.5,538.0
554.75,13.796593640264,5531,537.5,572.0
590.75,13.80047105751,5532,571.5,610.0
632.75,13.802335109329,5533,609.5,656.0
685.25,13.804193292077,5534,655.5,715.0
750.25,13.806103024896,5535,714.5,786.0
833.0,13.809982508437,5536,785.5,880.5
384.25,13.815489425278,5538,379.5,389.0
394.25,13.817348406728,5539,388.5,400.0
406.25,13.819265443103,5540,399.5,413.0
419.25,13.821123673534,5541,412.5,426.0
433.75,13.824150774892,5542,425.5,442.0
450.75,13.82583319149,5543,441.5,460.0
471.75,13.827515508747,5544,459.5,484.0
496.25,13.829431106663,5545,483.5,509.0
523.25,13.83129615984,5546,508.5,538.0
554.75,13.833153925355,5547,537.5,572.0
590.75,13.837037358697,5548,571.5,610.0
632.75,13.838900758839,5549,609.5,656.0
685.25,13.840759259478,5550,655.5,715.0
750.25,13.84266950887,5551,714.5,786.0
833.0,13.846547140694,5552,785.5,880.5
384.25,13.853970708466,5554,379.5,389.0
394.25,13.855840124702,5555,388.5,400.0
406.25,13.857713824526,5556,399.5,413.0
419.25,13.85957160991,5557,412.5,426.0
433.75,13.862046609338,5558,425.5,442.0
450.75,13.863729025936,5559,441.5,460.0
471.75,13.865411343193,5560,459.5,484.0
496.25,13.867329408741,5561,483.5,509.0
523.25,13.869193623479,5562,508.5,538.0
554.75,13.871051957226,5563,537.5,572.0
590.75,13.874935275332,5564,571.5,610.0
632.75,13.876798774815,5565,609.5,656.0
685.25,13.878657557583,5566,655.5,715.0
750.25,13.880568907674,5567,714.5,786.0
833.0,13.884445609665,5568,785.5,880.5
384.25,13.889426340675,5570,379.5,389.0
394.25,13.891285393651,5571,388.5,400.0
406.25,13.893200459099,5572,399.5,413.0
419.25,13.89505859019,5573,412.5,426.0
433.75,13.897364825026,5574,425.5,442.0
450.75,13.899046609815,5575,441.5,460.0
471.75,13.900734974957,5576,459.5,484.0
496.25,13.902593606726,5577,483.5,509.0
523.25,13.904509590085,5578,508.5,538.0
554.75,13.906367443021,5579,537.5,572.0
590.75,13.910265841103,5580,571.5,610.0
632.75,13.912129940605,5581,609.5,656.0
685.25,13.913988242563,5582,655.5,715.0
750.25,13.915898158169,5583,714.5,786.0
833.0,13.919777359581,5584,785.5,880.5
384.25,13.925483208911,5586,379.5,389.0
394.25,13.927353392061,5587,388.5,400.0
406.25,13.929211407916,5588,399.5,413.0
419.25,13.931121490415,5589,412.5,426.0
433.75,13.93370822471,5590,425.5,442.0
450.75,13.93539045852,5591,441.5,460.0
471.75,13.937078223642,5592,459.5,484.0
496.25,13.938942557589,5593,483.5,509.0
523.25,13.940800974782,5594,508.5,538.0
554.75,13.942710675812,5595,537.5,572.0
590.75,13.946599175549,5596,571.5,610.0
632.75,13.948462893581,5597,609.5,656.0
685.25,13.950321108119,5598,655.5,715.0
750.25,13.952231142934,5599,714.5,786.0
833.0,13.956109593328,5600,785.5,880.5
384.25,13.962151290989,5602,379.5,389.0
394.25,13.964010292308,5603,388.5,400.0
406.25,13.965926343218,5604,399.5,413.0
419.25,13.967784124629,5605,412.5,426.0
433.75,13.970779623604,5606,425.5,442.0
450.75,13.972461543496,5607,441.5,460.0
471.75,13.974144524352,5608,459.5,484.0
496.25,13.976061540858,5609,483.5,509.0
523.25,13.977925942357,5610,508.5,538.0
554.75,13.979783807214,5611,537.5,572.0
590.75,13.983664840476,5612,571.5,610.0
632.75,13.985528991636,5613,609.5,656.0
685.25,13.987393643475,5614,655.5,715.0
750.25,13.989252076562,5615,714.5,786.0
833.0,13.99312442344,5616,785.5,880.5
384.25,14.000104973729,5618,379.5,389.0
394.25,14.001963291581,5619,388.5,400.0
406.25,14.00387952528,5620,399.5,413.0
419.25,14.00573777558,5621,412.5,426.0
433.75,14.009052358087,5622,425.5,442.0
450.75,14.010748825487,5623,441.5,460.0
471.75,14.012436809158,5624,459.5,484.0
496.25,14.014300841109,5625,483.5,509.0
523.25,14.016159127172,5626,508.5,538.0
554.75,14.018070660051,5627,537.5,572.0
590.75,14.021962390359,5628,571.5,610.0
632.75,14.02382650973,5629,609.5,656.0
685.25,14.025684609032,5630,655.5,715.0
750.25,14.027594540532,5631,714.5,786.0
833.0,14.031473408159,5632,785.5,880.5
384.25,14.040212406731,5634,379.5,389.0
394.25,14.04207620821,5635,388.5,400.0
406.25,14.043940391159,5636,399.5,413.0
419.25,14.045799257374,5637,412.5,426.0
433.75,14.049434592342,5638,425.5,442.0
450.75,14.051292560514,5639,441.5,460.0
471.75,14.05297490956,5640,459.5,484.0
496.25,14.054893658574,5641,483.5,509.0
523.25,14.056757424291,5642,508.5,538.0
554.75,14.058616640186,5643,537.5,572.0
590.75,14.062511223571,5644,571.5,610.0
632.75,14.064374957498,5645,609.5,656.0
685.25,14.066238774872,5646,655.5,715.0
750.25,14.068096790727,5647,714.5,786.0
833.0,14.071971760209,5648,785.5,880.5
384.25,14.07765867513,5650,379.5,389.0
394.25,14.079516957219,5651,388.5,400.0
406.25,14.081205143547,5652,399.5,413.0
419.25,14.083063858763,5653,412.5,426.0
433.75,14.086358541266,5654,425.5,442.0
450.75,14.088040492948,5655,441.5,460.0
471.75,14.089722726758,5656,459.5,484.0
496.25,14.091648207124,5657,483.5,509.0
523.25,14.093512326495,5658,508.5,538.0
554.75,14.095370858924,5659,537.5,572.0
590.75,14.099259676552,5660,571.5,610.0
632.75,14.101123223718,5661,609.5,656.0
685.25,14.1029811601,5662,655.5,715.0
750.25,14.104892140643,5663,714.5,786.0
833.0,14.108770710246,5664,785.5,880.5
384.25,14.118094040966,5666,379.5,389.0
394.25,14.119951993243,5667,388.5,400.0
406.25,14.121871310488,5668,399.5,413.0
419.25,14.123729556815,5669,412.5,426.0
433.75,14.12703380785,5670,425.5,442.0
450.75,14.128715874767,5671,441.5,460.0
471.75,14.130404192225,5672,459.5,484.0
496.25,14.132268192387,5673,483.5,509.0
523.25,14.134126291688,5674,508.5,538.0
554.75,14.136037808673,5675,537.5,572.0
590.75,14.139924925582,5676,571.5,610.0
632.75,14.141787960148,5677,609.5,656.0
685.25,14.143646810468,5678,655.5,715.0
750.25,14.145556559181,5679,714.5,786.0
833.0,14.149435025469,5680,785.5,880.5
384.25,14.155629092471,5682,379.5,389.0
394.25,14.15749305687,5683,388.5,400.0
406.25,14.159350909805,5684,399.5,413.0
419.25,14.161260908858,5685,412.5,426.0
433.75,14.16465076011,5686,425.5,442.0
450.75,14.166333140945,5687,441.5,460.0
471.75,14.168014623737,5688,459.5,484.0
496.25,14.169698840396,5689,483.5,509.0
523.25,14.171614907201,5690,508.5,538.0
554.75,14.173472859478,5691,537.5,572.0
590.75,14.177356173611,5692,571.5,610.0
632.75,14.179220090326,5693,609.5,656.0
685.25,14.181078424072,5694,655.5,715.0
750.25,14.182988427099,5695,714.5,786.0
833.0,14.18686659139,5696,785.5,880.5
384.25,14.194472843424,5698,379.5,389.0
394.25,14.196337209161,5699,388.5,400.0
406.25,14.198195626354,5700,399.5,413.0
419.25,14.200105009492,5701,412.5,426.0
433.75,14.203596224403,5702,425.5,442.0
450.75,14.205278358873,5703,441.5,460.0
471.75,14.206960457579,5704,459.5,484.0
496.25,14.208648206806,5705,483.5,509.0
523.25,14.210512175179,5706,508.5,538.0
554.75,14.212370457268,5707,537.5,572.0
590.75,14.21625449063,5708,571.5,610.0
632.75,14.218117906666,5709,609.5,656.0
685.25,14.219976375516,5710,655.5,715.0
750.25,14.221887793159,5711,714.5,786.0
833.0,14.225765424983,5712,785.5,880.5
384.25,14.231606076177,5714,379.5,389.0
394.25,14.2334646245,5715,388.5,400.0
406.25,14.235152926064,5716,399.5,413.0
419.25,14.237011708832,5717,412.5,426.0
433.75,14.23995917441,5718,425.5,442.0
450.75,14.241641606903,5719,441.5,460.0
471.75,14.243323856608,5720,459.5,484.0
496.25,14.245239510155,5721,483.5,509.0
523.25,14.247097943242,5722,508.5,538.0
554.75,14.249009190019,5723,537.5,572.0
590.75,14.252903292592,5724,571.5,610.0
632.75,14.254767006652,5725,609.5,656.0
685.25,14.25663070879,5726,655.5,715.0
750.25,14.258489424006,5727,714.5,786.0
833.0,14.262363809363,5728,785.5,880.5
384.25,14.268604507065,5730,379.5,389.0
394.25,14.270468709882,5731,388.5,400.0
406.25,14.272327127075,5732,399.5,413.0
419.25,14.274237976487,5733,412.5,426.0
433.75,14.276818142351,5734,425.5,442.0
450.75,14.278500324504,5735,441.5,460.0
471.75,14.280188339965,5736,459.5,484.0
496.25,14.282046840604,5737,483.5,509.0
523.25,14.283963924662,5738,508.5,538.0
554.75,14.285822274303,5739,537.5,572.0
590.75,14.289701523399,5740,571.5,610.0
632.75,14.291565110302,5741,609.5,656.0
685.25,14.293423340734,5742,655.5,715.0
750.25,14.295333276208,5743,714.5,786.0
833.0,14.299212441858,5744,785.5,880.5
384.25,14.305211708959,5746,379.5,389.0
394.25,14.307069975154,5747,388.5,400.0
406.25,14.308985823409,5748,399.5,413.0
419.25,14.310844292259,5749,412.5,426.0
433.75,14.313698258018,5750,425.5,442.0
450.75,14.315380126254,5751,441.5,460.0
471.75,14.317068193372,5752,459.5,484.0
496.25,14.318926793353,5753,483.5,509.0
523.25,14.320842625713,5754,508.5,538.0
554.75,14.32270095946,5755,537.5,572.0
590.75,14.326585374292,5756,571.5,610.0
632.75,14.328448810196,5757,609.5,656.0
685.25,14.330313442167,5758,655.5,715.0
750.25,14.332171374575,5759,714.5,786.0
833.0,14.336044726785,5760,785.5,880.5
384.25,14.343251341597,5762,379.5,389.0
394.25,14.345115107314,5763,388.5,400.0
406.25,14.346980124728,5764,399.5,413.0
419.25,14.348838526026,5765,412.5,426.0
433.75,14.351672174549,5766,425.5,442.0
450.75,14.353423891481,5767,441.5,460.0
471.75,14.355106208738,5768,459.5,484.0
496.25,14.357022875563,5769,483.5,509.0
523.25,14.35888159078,5770,508.5,538.0
554.75,14.360793024317,5771,537.5,572.0
590.75,14.364681210136,5772,571.5,610.0
632.75,14.366368724918,5773,609.5,656.0
685.25,14.36822704277,5774,655.5,715.0
750.25,14.370136660353,5775,714.5,786.0
833.0,14.374025358772,5776,785.5,880.5
384.25,14.378975874201,5778,379.5,389.0
394.25,14.380834192053,5779,388.5,400.0
406.25,14.38275155824,5780,399.5,413.0
419.25,14.384610074774,5781,412.5,426.0
433.75,14.387543060398,5782,425.5,442.0
450.75,14.389314526335,5783,441.5,460.0
471.75,14.390996708488,5784,459.5,484.0
496.25,14.392907124774,5785,483.5,509.0
523.25,14.394589557266,5786,508.5,538.0
554.75,14.396500974909,5787,537.5,572.0
590.75,14.400379592196,5788,571.5,610.0
632.75,14.402244108931,5789,609.5,656.0
685.25,14.404102458572,5790,655.5,715.0
750.25,14.40601247352,5791,714.5,786.0
833.0,14.409890558338,5792,785.5,880.5
384.25,14.414822910245,5794,379.5,389.0
394.25,14.416681240018,5795,388.5,400.0
406.25,14.418598276393,5796,399.5,413.0
419.25,14.420456626034,5797,412.5,426.0
433.75,14.423359308656,5798,425.5,442.0
450.75,14.425041343784,5799,441.5,460.0
471.75,14.426729609585,5800,459.5,484.0
496.25,14.428587474442,5801,483.5,509.0
523.25,14.430269624805,5802,508.5,538.0
554.75,14.432180740452,5803,537.5,572.0
590.75,14.436062373734,5804,571.5,610.0
632.75,14.437925475852,5805,609.5,656.0
685.25,14.439783773836,5806,655.5,715.0
750.25,14.441694992797,5807,714.5,786.0
833.0,14.445572807407,5808,785.5,880.5
384.25,14.452429610507,5810,379.5,389.0
394.25,14.454287924385,5811,388.5,400.0
406.25,14.456205425676,5812,399.5,413.0
419.25,14.458063958104,5813,412.5,426.0
433.75,14.461005125459,5814,425.5,442.0
450.75,14.462687474505,5815,441.5,460.0
471.75,14.464369291083,5816,459.5,484.0
496.25,14.46628482542,5817,483.5,509.0
523.25,14.468149457391,5818,508.5,538.0
554.75,14.470007807032,5819,537.5,572.0
590.75,14.473894125239,5820,571.5,610.0
632.75,14.475757660484,5821,609.5,656.0
685.25,14.477616657829,5822,655.5,715.0
750.25,14.479527074114,5823,714.5,786.0
833.0,14.483404157575,5824,785.5,880.5
384.25,14.488873809592,5826,379.5,389.0
394.25,14.490561642265,5827,388.5,400.0
406.25,14.492431141949,5828,399.5,413.0
419.25,14.494289424038,5829,412.5,426.0
433.75,14.496909326331,5830,425.5,442.0
450.75,14.498767660077,5831,441.5,460.0
471.75,14.500450009123,5832,459.5,484.0
496.25,14.502137476222,5833,483.5,509.0
523.25,14.504001424726,5834,508.5,538.0
554.75,14.505859790262,5835,537.5,572.0
590.75,14.509757743295,5836,571.5,610.0
632.75,14.511621826903,5837,609.5,656.0
685.25,14.513485791302,5838,655.5,715.0
750.25,14.515344156837,5839,714.5,786.0
833.0,14.519219325002,5840,785.5,880.5
384.25,14.526875573413,5842,379.5,389.0
394.25,14.528734225051,5843,388.5,400.0
406.25,14.530653526402,5844,399.5,413.0
419.25,14.532511343575,5845,412.5,426.0
433.75,14.53556587499,5846,425.5,442.0
450.75,14.537248291588,5847,441.5,460.0
471.75,14.538936009026,5848,459.5,484.0
496.25,14.540800025082,5849,483.5,509.0
523.25,14.542658974743,5850,508.5,538.0
554.75,14.544568759219,5851,537.5,572.0
590.75,14.548457660294,5852,571.5,610.0
632.75,14.55032120746,5853,609.5,656.0
685.25,14.552185807641,5854,655.5,715.0
750.25,14.554044824855,5855,714.5,786.0
833.0,14.557917592939,5856,785.5,880.5
384.25,14.564723823484,5858,379.5,389.0
394.25,14.566581739998,5859,388.5,400.0
406.25,14.568498990949,5860,399.5,413.0
419.25,14.570357157803,5861,412.5,426.0
433.75,14.573620841916,5862,425.5,442.0
450.75,14.57530299228,5863,441.5,460.0
471.75,14.576986342684,5864,459.5,484.0
496.25,14.578901424026,5865,483.5,509.0
523.25,14.580766040103,5866,508.5,538.0
554.75,14.582624242719,5867,537.5,572.0
590.75,14.586505959447,5868,571.5,610.0
632.75,14.588369824505,5869,609.5,656.0
685.25,14.590234357135,5870,655.5,715.0
750.25,14.592092742538,5871,714.5,786.0
833.0,14.595966643111,5872,785.5,880.5
384.25,14.602560406939,5874,379.5,389.0
394.25,14.604418859895,5875,388.5,400.0
406.25,14.606336257871,5876,399.5,413.0
419.25,14.608194524066,5877,412.5,426.0
433.75,14.61127350928,5878,425.5,442.0
450.75,14.612955957667,5879,441.5,460.0
471.75,14.614643873787,5880,459.5,484.0
496.25,14.616341676331,5881,483.5,509.0
523.25,14.618259225305,5882,508.5,538.0
554.75,14.620117157714,5883,537.5,572.0
590.75,14.624004556751,5884,571.5,610.0
632.75,14.625868676122,5885,609.5,656.0
685.25,14.627732692178,5886,655.5,715.0
750.25,14.629590493457,5887,714.5,786.0
833.0,14.633454559263,5888,785.5,880.5
384.25,14.638063873863,5890,379.5,389.0
394.25,14.639746890481,5891,388.5,400.0
406.25,14.641434758917,5892,399.5,413.0
419.25,14.643292675432,5893,412.5,426.0
433.75,14.647181540744,5894,425.5,442.0
450.75,14.648863873895,5895,441.5,460.0
471.75,14.650546493149,5896,459.5,484.0
496.25,14.652425390498,5897,483.5,509.0
523.25,14.654283740139,5898,508.5,538.0
554.75,14.656193774954,5899,537.5,572.0
590.75,14.660085827128,5900,571.5,610.0
632.75,14.661949374294,5901,609.5,656.0
685.25,14.663813577112,5902,655.5,715.0
750.25,14.665671859201,5903,714.5,786.0
833.0,14.669176290449,5904,785.5,880.5
384.25,14.675321223354,5906,379.5,389.0
394.25,14.677003159142,5907,388.5,400.0
406.25,14.678691059367,5908,399.5,413.0
419.25,14.680549325562,5909,412.5,426.0
433.75,14.684220876312,5910,425.5,442.0
450.75,14.686079190191,5911,441.5,460.0
471.75,14.68776107432,5912,459.5,484.0
496.25,14.689678106721,5913,483.5,509.0
523.25,14.691535943762,5914,508.5,538.0
554.75,14.693447226302,5915,537.5,572.0
590.75,14.697334657129,5916,571.5,610.0
632.75,14.699198375161,5917,609.5,656.0
685.25,14.701062009748,5918,655.5,715.0
750.25,14.702920923646,5919,714.5,786.0
833.0,14.706795110321,5920,785.5,880.5
384.25,14.71248337628,5922,379.5,389.0
394.25,14.714341773605,5923,388.5,400.0
406.25,14.716029657936,5924,399.5,413.0
419.25,14.717887876447,5925,412.5,426.0
433.75,14.720901423709,5926,425.5,442.0
450.75,14.722583740966,5927,441.5,460.0
471.75,14.724266090012,5928,459.5,484.0
496.25,14.726181191222,5929,483.5,509.0
523.25,14.72803962431,5930,508.5,538.0
554.75,14.729949357128,5931,537.5,572.0
590.75,14.733833374596,5932,571.5,610.0
632.75,14.735697358863,5933,609.5,656.0
685.25,14.737556125736,5934,655.5,715.0
750.25,14.739465910212,5935,714.5,786.0
833.0,14.743343192355,5936,785.5,880.5
384.25,14.749905107435,5938,379.5,389.0
394.25,14.75176359218,5939,388.5,400.0
406.25,14.753679790115,5940,399.5,413.0
419.25,14.755537941074,5941,412.5,426.0
433.75,14.758431293583,5942,425.5,442.0
450.75,14.760295091089,5943,441.5,460.0
471.75,14.761983460204,5944,459.5,484.0
496.25,14.763847460365,5945,483.5,509.0
523.25,14.765706342475,5946,508.5,538.0
554.75,14.7676159084,5947,537.5,572.0
590.75,14.771497958914,5948,571.5,610.0
632.75,14.77336184384,5949,609.5,656.0
685.25,14.775164459165,5950,655.5,715.0
750.25,14.777022975699,5951,714.5,786.0
833.0,14.780908856805,5952,785.5,880.5
384.25,14.788182693736,5954,379.5,389.0
394.25,14.790046960131,5955,388.5,400.0
406.25,14.791905210431,5956,399.5,413.0
419.25,14.793587543583,5957,412.5,426.0
433.75,14.796385357793,5958,425.5,442.0
450.75,14.798248908933,5959,441.5,460.0
471.75,14.80011302433,5960,459.5,484.0
496.25,14.801977143701,5961,483.5,509.0
523.25,14.803835473474,5962,508.5,538.0
554.75,14.805746942774,5963,537.5,572.0
590.75,14.80962922376,5964,571.5,610.0
632.75,14.811492759005,5965,609.5,656.0
685.25,14.813362556712,5966,655.5,715.0
750.25,14.815220926221,5967,714.5,786.0
833.0,14.819107292112,5968,785.5,880.5
384.25,14.824249790128,5970,379.5,389.0
394.25,14.826078492419,5971,388.5,400.0
406.25,14.827943108495,5972,399.5,413.0
419.25,14.829700340843,5973,412.5,426.0
433.75,14.832110474523,5974,425.5,442.0
450.75,14.833974041557,5975,441.5,460.0
471.75,14.835832609749,5976,459.5,484.0
496.25,14.837520907338,5977,483.5,509.0
523.25,14.839387474473,5978,508.5,538.0
554.75,14.841245641327,5979,537.5,572.0
590.75,14.845128391202,5980,571.5,610.0
632.75,14.846992192682,5981,609.5,656.0
685.25,14.848856308079,5982,655.5,715.0
750.25,14.850715043163,5983,714.5,786.0
833.0,14.854588943736,5984,785.5,880.5
384.25,14.861245224889,5986,379.5,389.0
394.25,14.863103610293,5987,388.5,400.0
406.25,14.865022323545,5988,399.5,413.0
419.25,14.866880124823,5989,412.5,426.0
433.75,14.869856224473,5990,425.5,442.0
450.75,14.871719525274,5991,441.5,460.0
471.75,14.873577541129,5992,459.5,484.0
496.25,14.875265624142,5993,483.5,509.0
523.25,14.877124259885,5994,508.5,538.0
554.75,14.879034123834,5995,537.5,572.0
590.75,14.882927157497,5996,571.5,610.0
632.75,14.884790776189,5997,609.5,656.0
685.25,14.886655110137,5998,655.5,715.0
750.25,14.888514024035,5999,714.5,786.0
833.0,14.892387423929,6000,785.5,880.5
384.25,14.897557324187,6002,379.5,389.0
394.25,14.899421292559,6003,388.5,400.0
406.25,14.901279709752,6004,399.5,413.0
419.25,14.903191107527,6005,412.5,426.0
433.75,14.906389759,6006,425.5,442.0
450.75,14.908077158546,6007,441.5,460.0
471.75,14.909902741528,6008,459.5,484.0
496.25,14.911591508007,6009,483.5,509.0
523.25,14.913450092093,6010,508.5,538.0
554.75,14.915360893822,6011,537.5,572.0
590.75,14.919241474088,6012,571.5,610.0
632.75,14.921105275567,6013,609.5,656.0
685.25,14.922969641304,6014,655.5,715.0
750.25,14.924828058497,6015,714.5,786.0
833.0,14.928487692293,6016,785.5,880.5
384.25,14.934354625161,6018,379.5,389.0
394.25,14.936218025303,6019,388.5,400.0
406.25,14.938083408292,6020,399.5,413.0
419.25,14.939941142019,6021,412.5,426.0
433.75,14.942841106669,6022,425.5,442.0
450.75,14.944523376242,6023,441.5,460.0
471.75,14.946205240504,6024,459.5,484.0
496.25,14.947887859758,6025,483.5,509.0
523.25,14.949804892159,6026,508.5,538.0
554.75,14.951663043118,6027,537.5,572.0
590.75,14.955556792037,6028,571.5,610.0
632.75,14.957420959091,6029,609.5,656.0
685.25,14.959285006936,6030,655.5,715.0
750.25,14.961143857257,6031,714.5,786.0
833.0,14.965017757829,6032,785.5,880.5
384.25,14.970686807251,6034,379.5,389.0
394.25,14.9725509902,6035,388.5,400.0
406.25,14.974415574487,6036,399.5,413.0
419.25,14.976273574448,6037,412.5,426.0
433.75,14.979684807873,6038,425.5,442.0
450.75,14.9813989103,6039,441.5,460.0
471.75,14.983256926155,6040,459.5,484.0
496.25,14.984944425042,6041,483.5,509.0
523.25,14.986803056812,6042,508.5,538.0
554.75,14.988713075733,6043,537.5,572.0
590.75,14.992605541166,6044,571.5,610.0
632.75,14.994469207541,6045,609.5,656.0
685.25,14.996333426253,6046,655.5,715.0
750.25,14.998192141469,6047,714.5,786.0
833.0,15.002065990384,6048,785.5,880.5
384.25,15.008890058613,6050,379.5,389.0
394.25,15.01074792347,6051,388.5,400.0
406.25,15.012658892091,6052,399.5,413.0
419.25,15.014340943114,6053,412.5,426.0
433.75,15.017881359673,6054,425.5,442.0
450.75,15.019569224135,6055,441.5,460.0
471.75,15.021427176412,6056,459.5,484.0
496.25,15.023109426117,6057,483.5,509.0
523.25,15.025025477028,6058,508.5,538.0
554.75,15.026883806801,6059,537.5,572.0
590.75,15.030771440283,6060,571.5,610.0
632.75,15.032635559654,6061,609.5,656.0
685.25,15.034500108178,6062,655.5,715.0
750.25,15.036358441925,6063,714.5,786.0
833.0,15.040230725225,6064,785.5,880.5
384.25,15.046720923996,6066,379.5,389.0
394.25,15.048584423478,6067,388.5,400.0
406.25,15.050442757225,6068,399.5,413.0
419.25,15.052352557596,6069,412.5,426.0
433.75,15.055662610149,6070,425.5,442.0
450.75,15.057344760513,6071,441.5,460.0
471.75,15.059032259401,6072,459.5,484.0
496.25,15.060890692488,6073,483.5,509.0
523.25,15.062807808336,6074,508.5,538.0
554.75,15.064665991084,6075,537.5,572.0
590.75,15.068552043056,6076,571.5,610.0
632.75,15.070415610091,6077,609.5,656.0
685.25,15.072273923969,6078,655.5,715.0
750.25,15.074184093889,6079,714.5,786.0
833.0,15.078063160197,6080,785.5,880.5
384.25,15.084295827166,6082,379.5,389.0
394.25,15.086154542383,6083,388.5,400.0
406.25,15.088070942974,6084,399.5,413.0
419.25,15.089928990618,6085,412.5,426.0
433.75,15.093063674386,6086,425.5,442.0
450.75,15.094745939986,6087,441.5,460.0
471.75,15.096433824317,6088,459.5,484.0
496.25,15.098297923819,6089,483.5,509.0
523.25,15.100155876096,6090,508.5,538.0
554.75,15.102065791702,6091,537.5,572.0
590.75,15.105966641521,6092,571.5,610.0
632.75,15.107829858875,6093,609.5,656.0
685.25,15.109688526408,6094,655.5,715.0
750.25,15.111599908288,6095,714.5,786.0
833.0,15.115478259341,6096,785.5,880.5
384.25,15.121400107956,6098,379.5,389.0
394.25,15.123264076328,6099,388.5,400.0
406.25,15.125122223314,6100,399.5,413.0
419.25,15.127033724403,6101,412.5,426.0
433.75,15.130146859105,6102,425.5,442.0
450.75,15.131828743235,6103,441.5,460.0
471.75,15.133511557198,6104,459.5,484.0
496.25,15.135199024296,6105,483.5,509.0
523.25,15.137062774118,6106,508.5,538.0
554.75,15.138921342309,6107,537.5,572.0
590.75,15.142816092587,6108,571.5,610.0
632.75,15.144679758962,6109,609.5,656.0
685.25,15.146538223839,6110,655.5,715.0
750.25,15.148448059972,6111,714.5,786.0
833.0,15.152326426919,6112,785.5,880.5
384.25,15.157939710236,6114,379.5,389.0
394.25,15.159803591188,6115,388.5,400.0
406.25,15.161662342167,6116,399.5,413.0
419.25,15.163571860409,6117,412.5,426.0
433.75,15.166772542413,6118,425.5,442.0
450.75,15.168454676882,6119,441.5,460.0
471.75,15.170138508097,6120,459.5,484.0
496.25,15.171826523558,6121,483.5,509.0
523.25,15.173684507624,6122,508.5,538.0
554.75,15.175594176865,6123,537.5,572.0
590.75,15.179480657991,6124,571.5,610.0
632.75,15.181344292577,6125,609.5,656.0
685.25,15.183208856996,6126,655.5,715.0
750.25,15.185067190742,6127,714.5,786.0
833.0,15.188941810544,6128,785.5,880.5
384.25,15.195148140208,6130,379.5,389.0
394.25,15.197006390508,6131,388.5,400.0
406.25,15.198694791412,6132,399.5,413.0
419.25,15.200552692032,6133,412.5,426.0
433.75,15.203751657422,6134,425.5,442.0
450.75,15.205433926996,6135,441.5,460.0
471.75,15.20711620849,6136,459.5,484.0
496.25,15.209033475335,6137,483.5,509.0
523.25,15.210897908624,6138,508.5,538.0
554.75,15.212755225118,6139,537.5,572.0
590.75,15.216646442827,6140,571.5,610.0
632.75,15.218510359542,6141,609.5,656.0
685.25,15.220368876076,6142,655.5,715.0
750.25,15.222291825231,6143,714.5,786.0
833.0,15.226173442618,6144,785.5,880.5
384.25,15.231197025394,6146,379.5,389.0
394.25,15.233055208143,6147,388.5,400.0
406.25,15.234743191814,6148,399.5,413.0
419.25,15.236601593113,6149,412.5,426.0
433.75,15.240301575279,6150,425.5,442.0
450.75,15.241983459409,6151,441.5,460.0
471.75,15.243665709114,6152,459.5,484.0
496.25,15.245354376252,6153,483.5,509.0
523.25,15.247212308661,6154,508.5,538.0
554.75,15.249138790385,6155,537.5,572.0
590.75,15.253028625266,6156,571.5,610.0
632.75,15.25489279232,6157,609.5,656.0
685.25,15.256757257398,6158,655.5,715.0
750.25,15.258615126228,6159,714.5,786.0
833.0,15.262489809608,6160,785.5,880.5
384.25,15.268023059781,6162,379.5,389.0
394.25,15.269880809402,6163,388.5,400.0
406.25,15.271798557059,6164,399.5,413.0
419.25,15.273656958357,6165,412.5,426.0
433.75,15.276680908616,6166,425.5,442.0
450.75,15.278363106664,6167,441.5,460.0
471.75,15.280045241133,6168,459.5,484.0
496.25,15.281727610048,6169,483.5,509.0
523.25,15.283410559114,6170,508.5,538.0
554.75,15.28532047472,6171,537.5,572.0
590.75,15.289209391689,6172,571.5,610.0
632.75,15.291073491192,6173,609.5,656.0
685.25,15.292937674141,6174,655.5,715.0
750.25,15.294795876757,6175,714.5,786.0
833.0,15.298670993265,6176,785.5,880.5
384.25,15.30497615935,6178,379.5,389.0
394.25,15.306840159512,6179,388.5,400.0
406.25,15.308698457495,6180,399.5,413.0
419.25,15.310608873781,6181,412.5,426.0
433.75,15.313989740626,6182,425.5,442.0
450.75,15.315677259382,6183,441.5,460.0
471.75,15.31753557326,6184,459.5,484.0
496.25,15.319458490626,6185,483.5,509.0
523.25,15.321322574234,6186,508.5,538.0
554.75,15.32318080864,6187,537.5,572.0
590.75,15.326811824258,6188,571.5,610.0
632.75,15.328676058865,6189,609.5,656.0
685.25,15.330534325059,6190,655.5,715.0
750.25,15.332445158577,6191,714.5,786.0
833.0,15.336334508673,6192,785.5,880.5
384.25,15.345642842865,6194,379.5,389.0
394.25,15.347500660038,6195,388.5,400.0
406.25,15.349430257098,6196,399.5,413.0
419.25,15.351288960393,6197,412.5,426.0
433.75,15.354692743238,6198,425.5,442.0
450.75,15.356374559816,6199,441.5,460.0
471.75,15.358056793626,6200,459.5,484.0
496.25,15.359744491196,6201,483.5,509.0
523.25,15.361602725601,6202,508.5,538.0
554.75,15.363514143244,6203,537.5,572.0
590.75,15.367187557634,6204,571.5,610.0
632.75,15.369051160431,6205,609.5,656.0
685.25,15.370915557957,6206,655.5,715.0
750.25,15.372773458576,6207,714.5,786.0
833.0,15.376651173846,6208,785.5,880.5
384.25,15.381977826373,6210,379.5,389.0
394.25,15.383835957464,6211,388.5,400.0
406.25,15.385518207169,6212,399.5,413.0
419.25,15.387429326789,6213,412.5,426.0
433.75,15.390919826444,6214,425.5,442.0
450.75,15.392778243637,6215,441.5,460.0
471.75,15.394466123994,6216,459.5,484.0
496.25,15.39632397693,6217,483.5,509.0
523.25,15.398255723731,6218,508.5,538.0
554.75,15.400114073372,6219,537.5,572.0
590.75,15.40400575997,6220,571.5,610.0
632.75,15.405868925667,6221,609.5,656.0
685.25,15.407727243519,6222,655.5,715.0
750.25,15.409636960443,6223,714.5,786.0
833.0,15.413516141987,6224,785.5,880.5
384.25,15.419697457568,6226,379.5,389.0
394.25,15.421561624622,6227,388.5,400.0
406.25,15.423425660547,6228,399.5,413.0
419.25,15.425284490999,6229,412.5,426.0
433.75,15.428666840013,6230,425.5,442.0
450.75,15.430348990377,6231,441.5,460.0
471.75,15.432032324886,6232,459.5,484.0
496.25,15.433948375797,6233,483.5,509.0
523.25,15.435806808885,6234,508.5,538.0
554.75,15.437717757638,6235,537.5,572.0
590.75,15.441603173828,6236,571.5,610.0
632.75,15.443466891861,6237,609.5,656.0
685.25,15.445330923812,6238,655.5,715.0
750.25,15.447189257558,6239,714.5,786.0
833.0,15.451064676062,6240,785.5,880.5
384.25,15.458021392441,6242,379.5,389.0
394.25,15.459879809634,6243,388.5,400.0
406.25,15.461561590449,6244,399.5,413.0
419.25,15.463485974089,6245,412.5,426.0
433.75,15.467186890062,6246,425.5,442.0
450.75,15.468868941085,6247,441.5,460.0
471.75,15.470557024097,6248,459.5,484.0
496.25,15.472415624078,6249,483.5,509.0
523.25,15.47433202467,6250,508.5,538.0
554.75,15.476190159734,6251,537.5,572.0
590.75,15.480079358832,6252,571.5,610.0
632.75,15.481766873614,6253,609.5,656.0
685.25,15.483630826092,6254,655.5,715.0
750.25,15.485488977051,6255,714.5,786.0
833.0,15.489362376944,6256,785.5,880.5
384.25,15.494780808703,6258,379.5,389.0
394.25,15.49664432408,6259,388.5,400.0
406.25,15.498502892272,6260,399.5,413.0
419.25,15.500412692642,6261,412.5,426.0
433.75,15.50403202575,6262,425.5,442.0
450.75,15.505719508743,6263,441.5,460.0
471.75,15.507407341417,6264,459.5,484.0
496.25,15.50926575861,6265,483.5,509.0
523.25,15.511183907604,6266,508.5,538.0
554.75,15.513042241351,6267,537.5,572.0
590.75,15.516928293324,6268,571.5,610.0
632.75,15.51861569287,6269,609.5,656.0
685.25,15.520474006748,6270,655.5,715.0
750.25,15.522383926328,6271,714.5,786.0
833.0,15.52626158994,6272,785.5,880.5
384.25,15.533250592168,6274,379.5,389.0
394.25,15.535121860123,6275,388.5,400.0
406.25,15.536979840215,6276,399.5,413.0
419.25,15.538891873773,6277,412.5,426.0
433.75,15.542706459777,6278,425.5,442.0
450.75,15.544569959259,6279,441.5,460.0
471.75,15.546428293006,6280,459.5,484.0
496.25,15.54835982523,6281,483.5,509.0
523.25,15.550218258317,6282,508.5,538.0
554.75,15.552128293133,6283,537.5,572.0
590.75,15.556030823803,6284,571.5,610.0
632.75,15.557894442495,6285,609.5,656.0
685.25,15.559759440041,6286,655.5,715.0
750.25,15.561617459869,6287,714.5,786.0
833.0,15.565492806848,6288,785.5,880.5
384.25,15.571891075389,6290,379.5,389.0
394.25,15.573755393442,6291,388.5,400.0
406.25,15.575619540628,6292,399.5,413.0
419.25,15.57747760814,6293,412.5,426.0
433.75,15.581319342073,6294,425.5,442.0
450.75,15.583001607672,6295,441.5,460.0
471.75,15.584683924929,6296,459.5,484.0
496.25,15.586601124223,6297,483.5,509.0
523.25,15.5884590765,6298,508.5,538.0
554.75,15.590371423976,6299,537.5,572.0
590.75,15.594264159616,6300,571.5,610.0
632.75,15.596127706782,6301,609.5,656.0
685.25,15.597991893705,6302,655.5,715.0
750.25,15.599850223478,6303,714.5,786.0
833.0,15.603724410152,6304,785.5,880.5
384.25,15.610925207551,6306,379.5,389.0
394.25,15.612613290564,6307,388.5,400.0
406.25,15.614471441523,6308,399.5,413.0
419.25,15.616383558528,6309,412.5,426.0
433.75,15.619542258994,6310,425.5,442.0
450.75,15.621224508699,6311,441.5,460.0
471.75,15.622912706947,6312,459.5,484.0
496.25,15.624771040694,6313,483.5,509.0
523.25,15.626702306684,6314,508.5,538.0
554.75,15.628560556984,6315,537.5,572.0
590.75,15.632445492363,6316,571.5,610.0
632.75,15.634309023635,6317,609.5,656.0
685.25,15.636167456722,6318,655.5,715.0
750.25,15.63807730875,6319,714.5,786.0
833.0,15.641956160482,6320,785.5,880.5
384.25,15.648684459941,6322,379.5,389.0
394.25,15.650548158105,6323,388.5,400.0
406.25,15.652406440194,6324,399.5,413.0
419.25,15.654316892242,6325,412.5,426.0
433.75,15.657240309334,6326,425.5,442.0
450.75,15.658922459698,6327,441.5,460.0
471.75,15.660609926796,6328,459.5,484.0
496.25,15.662468276437,6329,483.5,509.0
523.25,15.664384041246,6330,508.5,538.0
554.75,15.666242490228,6331,537.5,572.0
590.75,15.670126710351,6332,571.5,610.0
632.75,15.67199067475,6333,609.5,656.0
685.25,15.673854392783,6334,655.5,715.0
750.25,15.675712726529,6335,714.5,786.0
833.0,15.679589142418,6336,785.5,880.5
384.25,15.686445023632,6338,379.5,389.0
394.25,15.688308940347,6339,388.5,400.0
406.25,15.690166892624,6340,399.5,413.0
419.25,15.692094125366,6341,412.5,426.0
433.75,15.695337810135,6342,425.5,442.0
450.75,15.697019877052,6343,441.5,460.0
471.75,15.698707475281,6344,459.5,484.0
496.25,15.700511227067,6345,483.5,509.0
523.25,15.702427440898,6346,508.5,538.0
554.75,15.704285643514,6347,537.5,572.0
590.75,15.708175343291,6348,571.5,610.0
632.75,15.710039009666,6349,609.5,656.0
685.25,15.711902723726,6350,655.5,715.0
750.25,15.713761057472,6351,714.5,786.0
833.0,15.716779957231,6352,785.5,880.5
384.25,15.722477692382,6354,379.5,389.0
394.25,15.724335640685,6355,388.5,400.0
406.25,15.726258573945,6356,399.5,413.0
419.25,15.728117293135,6357,412.5,426.0
433.75,15.730926142152,6358,425.5,442.0
450.75,15.732607875284,6359,441.5,460.0
471.75,15.734290725009,6360,459.5,484.0
496.25,15.735978374894,6361,483.5,509.0
523.25,15.737836641089,6362,508.5,538.0
554.75,15.739746576564,6363,537.5,572.0
590.75,15.743641259289,6364,571.5,610.0
632.75,15.74550479056,6365,609.5,656.0
685.25,15.747363191859,6366,655.5,715.0
750.25,15.749273024019,6367,714.5,786.0
833.0,15.753151692963,6368,785.5,880.5
384.25,15.760374540106,6370,379.5,389.0
394.25,15.762244993464,6371,388.5,400.0
406.25,15.76410914065,6372,399.5,413.0
419.25,15.765967208163,6373,412.5,426.0
433.75,15.768439557171,6374,425.5,442.0
450.75,15.770122359212,6375,441.5,460.0
471.75,15.771809957441,6376,459.5,484.0
496.25,15.773498243109,6377,483.5,509.0
523.25,15.775356509304,6378,508.5,538.0
554.75,15.777266925589,6379,537.5,572.0
590.75,15.781156359132,6380,571.5,610.0
632.75,15.783019493039,6381,609.5,656.0
685.25,15.784878077126,6382,655.5,715.0
750.25,15.786789923922,6383,714.5,786.0
833.0,15.790666923936,6384,785.5,880.5
384.25,15.795981492615,6386,379.5,389.0
394.25,15.797845910009,6387,388.5,400.0
406.25,15.799704426543,6388,399.5,413.0
419.25,15.801615840213,6389,412.5,426.0
433.75,15.804779873308,6390,425.5,442.0
450.75,15.806461908436,6391,441.5,460.0
471.75,15.808144992606,6392,459.5,484.0
496.25,15.810060658073,6393,483.5,509.0
523.25,15.811925258255,6394,508.5,538.0
554.75,15.813783325768,6395,537.5,572.0
590.75,15.817671543376,6396,571.5,610.0
632.75,15.819535158094,6397,609.5,656.0
685.25,15.821393241501,6398,655.5,715.0
750.25,15.823303776995,6399,714.5,786.0
833.0,15.827181607501,6400,785.5,880.5
384.25,15.832235676066,6402,379.5,389.0
394.25,15.834099557018,6403,388.5,400.0
406.25,15.83596437575,6404,399.5,413.0
419.25,15.83764745992,6405,412.5,426.0
433.75,15.841309990501,6406,425.5,442.0
450.75,15.842992307758,6407,441.5,460.0
471.75,15.844679890092,6408,459.5,484.0
496.25,15.846544009463,6409,483.5,509.0
523.25,15.84840234321,6410,508.5,538.0
554.75,15.850312024371,6411,537.5,572.0
590.75,15.853676158206,6412,571.5,610.0
632.75,15.855363760408,6413,609.5,656.0
685.25,15.857222074286,6414,655.5,715.0
750.25,15.859132407125,6415,714.5,786.0
833.0,15.863013674831,6416,785.5,880.5
384.25,15.868907493369,6418,379.5,389.0
394.25,15.870771473662,6419,388.5,400.0
406.25,15.87262990675,6420,399.5,413.0
419.25,15.874539858119,6421,412.5,426.0
433.75,15.877014189974,6422,425.5,442.0
450.75,15.878701823966,6423,441.5,460.0
471.75,15.880389859295,6424,459.5,484.0
496.25,15.882254475371,6425,483.5,509.0
523.25,15.884112809118,6426,508.5,538.0
554.75,15.886022390938,6427,537.5,572.0
590.75,15.889901640034,6428,571.5,610.0
632.75,15.891765890535,6429,609.5,656.0
685.25,15.893630343692,6430,655.5,715.0
750.25,15.895488359547,6431,714.5,786.0
833.0,15.899362458801,6432,785.5,880.5
384.25,15.905307958539,6434,379.5,389.0
394.25,15.907166125393,6435,388.5,400.0
406.25,15.90908191007,6436,399.5,413.0
419.25,15.910943390942,6437,412.5,426.0
433.75,15.913706908639,6438,425.5,442.0
450.75,15.915570507463,6439,441.5,460.0
471.75,15.917290840562,6440,459.5,484.0
496.25,15.91915577453,6441,483.5,509.0
523.25,15.92101377449,6442,508.5,538.0
554.75,15.922925359027,6443,537.5,572.0
590.75,15.926816926416,6444,571.5,610.0
632.75,15.928680541134,6445,609.5,656.0
685.25,15.93054537576,6446,655.5,715.0
750.25,15.93240327638,6447,714.5,786.0
833.0,15.93627735974,6448,785.5,880.5
384.25,15.944566959159,6450,379.5,389.0
394.25,15.946430907663,6451,388.5,400.0
406.25,15.948295325057,6452,399.5,413.0
419.25,15.950154457506,6453,412.5,426.0
433.75,15.953510175165,6454,425.5,442.0
450.75,15.955368942038,6455,441.5,460.0
471.75,15.957056524372,6456,459.5,484.0
496.25,15.958921124554,6457,483.5,509.0
523.25,15.960778909938,6458,508.5,538.0
554.75,15.962689075883,6459,537.5,572.0
590.75,15.966582324123,6460,571.5,610.0
632.75,15.968445557372,6461,609.5,656.0
685.25,15.970303843435,6462,655.5,715.0
750.25,15.97221379083,6463,714.5,786.0
833.0,15.976092976348,6464,785.5,880.5
384.25,15.983639858182,6466,379.5,389.0
394.25,15.985503890133,6467,388.5,400.0
406.25,15.987368041293,6468,399.5,413.0
419.25,15.989227225399,6469,412.5,426.0
433.75,15.992553426838,6470,425.5,442.0
450.75,15.994235708332,6471,441.5,460.0
471.75,15.995918240166,6472,459.5,484.0
496.25,15.997832975801,6473,483.5,509.0
523.25,15.999687892214,6474,508.5,538.0
554.75,16.001598209159,6475,537.5,572.0
590.75,16.005496209876,6476,571.5,610.0
632.75,16.007359542465,6477,609.5,656.0
685.25,16.00921755832,6478,655.5,715.0
750.25,16.011128793176,6479,714.5,786.0
833.0,16.015007609145,6480,785.5,880.5
384.25,16.020512110011,6482,379.5,389.0
394.25,16.022376209513,6483,388.5,400.0
406.25,16.024234626706,6484,399.5,413.0
419.25,16.026156626161,6485,412.5,426.0
433.75,16.029750376956,6486,425.5,442.0
450.75,16.031432443873,6487,441.5,460.0
471.75,16.033114876366,6488,459.5,484.0
496.25,16.034796593603,6489,483.5,509.0
523.25,16.036484056727,6490,508.5,538.0
554.75,16.03834234279,6491,537.5,572.0
590.75,16.042228792127,6492,571.5,610.0
632.75,16.044092343267,6493,609.5,656.0
685.25,16.045956558005,6494,655.5,715.0
750.25,16.047814891752,6495,714.5,786.0
833.0,16.051689173794,6496,785.5,880.5
384.25,16.059492959595,6498,379.5,389.0
394.25,16.061356923993,6499,388.5,400.0
406.25,16.063224607722,6500,399.5,413.0
419.25,16.065082476552,6501,412.5,426.0
433.75,16.068471525129,6502,425.5,442.0
450.75,16.070153774834,6503,441.5,460.0
471.75,16.071836107985,6504,459.5,484.0
496.25,16.073751725769,6505,483.5,509.0
523.25,16.075614891466,6506,508.5,538.0
554.75,16.077473225212,6507,537.5,572.0
590.75,16.081360226885,6508,571.5,610.0
632.75,16.083224123732,6509,609.5,656.0
685.25,16.085082457479,6510,655.5,715.0
750.25,16.086993326759,6511,714.5,786.0
833.0,16.090870577113,6512,785.5,880.5
384.25,16.098877360439,6514,379.5,389.0
394.25,16.100741225497,6515,388.5,400.0
406.25,16.102599209563,6516,399.5,413.0
419.25,16.104511624591,6517,412.5,426.0
433.75,16.108069060262,6518,425.5,442.0
450.75,16.109751675542,6519,441.5,460.0
471.75,16.111439893659,6520,459.5,484.0
496.25,16.113298259195,6521,483.5,509.0
523.25,16.115226890659,6522,508.5,538.0
554.75,16.117085025724,6523,537.5,572.0
590.75,16.120975691096,6524,571.5,610.0
632.75,16.122839909808,6525,609.5,656.0
685.25,16.124698243554,6526,655.5,715.0
750.25,16.126609041309,6527,714.5,786.0
833.0,16.130485723432,6528,785.5,880.5
384.25,16.135943359152,6530,379.5,389.0
394.25,16.137801593558,6531,388.5,400.0
406.25,16.13971787494,6532,399.5,413.0
419.25,16.141576224581,6533,412.5,426.0
433.75,16.145033643659,6534,425.5,442.0
450.75,16.14671537679,6535,441.5,460.0
471.75,16.148398226515,6536,459.5,484.0
496.25,16.150314190006,6537,483.5,509.0
523.25,16.152172058837,6538,508.5,538.0
554.75,16.15409190855,6539,537.5,572.0
590.75,16.157974626637,6540,571.5,610.0
632.75,16.159838209565,6541,609.5,656.0
685.25,16.161702440198,6542,655.5,715.0
750.25,16.163560710367,6543,714.5,786.0
833.0,16.167434658623,6544,785.5,880.5
384.25,16.172682573414,6546,379.5,389.0
394.25,16.174540489928,6547,388.5,400.0
406.25,16.176457959429,6548,399.5,413.0
419.25,16.178315824286,6549,412.5,426.0
433.75,16.182187324778,6550,425.5,442.0
450.75,16.184045841312,6551,441.5,460.0
471.75,16.18572837712,6552,459.5,484.0
496.25,16.187644090271,6553,483.5,509.0
523.25,16.189502424018,6554,508.5,538.0
554.75,16.191412840303,6555,537.5,572.0
590.75,16.195305873966,6556,571.5,610.0
632.75,16.197169492658,6557,609.5,656.0
685.25,16.199033707396,6558,655.5,715.0
750.25,16.200892009354,6559,714.5,786.0
833.0,16.204767006652,6560,785.5,880.5
384.25,16.210111743228,6562,379.5,389.0
394.25,16.21196997366,6563,388.5,400.0
406.25,16.213885758336,6564,399.5,413.0
419.25,16.215744092083,6565,412.5,426.0
433.75,16.219622073587,6566,425.5,442.0
450.75,16.221304490185,6567,441.5,460.0
471.75,16.222991993046,6568,459.5,484.0
496.25,16.224850326792,6569,483.5,509.0
523.25,16.226766310151,6570,508.5,538.0
554.75,16.228624258455,6571,537.5,572.0
590.75,16.232118274784,6572,571.5,610.0
632.75,16.233982374287,6573,609.5,656.0
685.25,16.235846191661,6574,655.5,715.0
750.25,16.237704509513,6575,714.5,786.0
833.0,16.241581108189,6576,785.5,880.5
384.25,16.248753990746,6578,379.5,389.0
394.25,16.250618324693,6579,388.5,400.0
406.25,16.252482523537,6580,399.5,413.0
419.25,16.254342391109,6581,412.5,426.0
433.75,16.257485757287,6582,425.5,442.0
450.75,16.259167573865,6583,441.5,460.0
471.75,16.260855291303,6584,459.5,484.0
496.25,16.262713307158,6585,483.5,509.0
523.25,16.264629509068,6586,508.5,538.0
554.75,16.266487842814,6587,537.5,572.0
590.75,16.270233160273,6588,571.5,610.0
632.75,16.272097041225,6589,609.5,656.0
685.25,16.273960775153,6590,655.5,715.0
750.25,16.275819108899,6591,714.5,786.0
833.0,16.279696657276,6592,785.5,880.5
384.25,16.288369093355,6594,379.5,389.0
394.25,16.290233693536,6595,388.5,400.0
406.25,16.292092623329,6596,399.5,413.0
419.25,16.2940024237,6597,412.5,426.0
433.75,16.297194093482,6598,425.5,442.0
450.75,16.298875941849,6599,441.5,460.0
471.75,16.300563857969,6600,459.5,484.0
496.25,16.30242845815,6601,483.5,509.0
523.25,16.304287209129,6602,508.5,538.0
554.75,16.306196775055,6603,537.5,572.0
590.75,16.310084058857,6604,571.5,610.0
632.75,16.311947792784,6605,609.5,656.0
685.25,16.313812023417,6606,655.5,715.0
750.25,16.31567044061,6607,714.5,786.0
833.0,16.319544492181,6608,785.5,880.5
384.25,16.325160060342,6610,379.5,389.0
394.25,16.327023909505,6611,388.5,400.0
406.25,16.328888843473,6612,399.5,413.0
419.25,16.330746724224,6613,412.5,426.0
433.75,16.333708141263,6614,425.5,442.0
450.75,16.335395457363,6615,441.5,460.0
471.75,16.337079375998,6616,459.5,484.0
496.25,16.338766227182,6617,483.5,509.0
523.25,16.340624640401,6618,508.5,538.0
554.75,16.342362858868,6619,537.5,572.0
590.75,16.346249574439,6620,571.5,610.0
632.75,16.348113308366,6621,609.5,656.0
685.25,16.349977527078,6622,655.5,715.0
750.25,16.351836158848,6623,714.5,786.0
833.0,16.355710091209,6624,785.5,880.5
384.25,16.363684342321,6626,379.5,389.0
394.25,16.365548390166,6627,388.5,400.0
406.25,16.367412875112,6628,399.5,413.0
419.25,16.369271177069,6629,412.5,426.0
433.75,16.372460776583,6630,425.5,442.0
450.75,16.374142557398,6631,441.5,460.0
471.75,16.375824723657,6632,459.5,484.0
496.25,16.377507040914,6633,483.5,509.0
523.25,16.379423290507,6634,508.5,538.0
554.75,16.38128132623,6635,537.5,572.0
590.75,16.385163774109,6636,571.5,610.0
632.75,16.387027575588,6637,609.5,656.0
685.25,16.388892040666,6638,655.5,715.0
750.25,16.390750374413,6639,714.5,786.0
833.0,16.394625443236,6640,785.5,880.5
384.25,16.400592027124,6642,379.5,389.0
394.25,16.402456523991,6643,388.5,400.0
406.25,16.404314241823,6644,399.5,413.0
419.25,16.406224209086,6645,412.5,426.0
433.75,16.409187875207,6646,425.5,442.0
450.75,16.410875374095,6647,441.5,460.0
471.75,16.4125576238,6648,459.5,484.0
496.25,16.414473658816,6649,483.5,509.0
523.25,16.416337873554,6650,508.5,538.0
554.75,16.418195658938,6651,537.5,572.0
590.75,16.422079557196,6652,571.5,610.0
632.75,16.423944125589,6653,609.5,656.0
685.25,16.425801974551,6654,655.5,715.0
750.25,16.427711790816,6655,714.5,786.0
833.0,16.431589959081,6656,785.5,880.5
384.25,16.436701792494,6658,379.5,389.0
394.25,16.438389259593,6659,388.5,400.0
406.25,16.440253875669,6660,399.5,413.0
419.25,16.442111792183,6661,412.5,426.0
433.75,16.444818093395,6662,425.5,442.0
450.75,16.446676276143,6663,441.5,460.0
471.75,16.448364359156,6664,459.5,484.0
496.25,16.450232126331,6665,483.5,509.0
523.25,16.452090356763,6666,508.5,538.0
554.75,16.454000391579,6667,537.5,572.0
590.75,16.45636914374,6668,571.5,610.0
632.75,16.458056626733,6669,609.5,656.0
685.25,16.459915457185,6670,655.5,715.0
750.25,16.461826290703,6671,714.5,786.0
833.0,16.465705543772,6672,785.5,880.5
384.25,16.470266340192,6674,379.5,389.0
394.25,16.471948673344,6675,388.5,400.0
406.25,16.473864974594,6676,399.5,413.0
419.25,16.475723308341,6677,412.5,426.0
433.75,16.478320143636,6678,425.5,442.0
450.75,16.480178457514,6679,441.5,460.0
471.75,16.481860790666,6680,459.5,484.0
496.25,16.483775891876,6681,483.5,509.0
523.25,16.485634642855,6682,508.5,538.0
554.75,16.487546342627,6683,537.5,572.0
590.75,16.489773374812,6684,571.5,610.0
632.75,16.491460810121,6685,609.5,656.0
685.25,16.493324607627,6686,655.5,715.0
750.25,16.495182925479,6687,714.5,786.0
833.0,16.499071127192,6688,785.5,880.5
384.25,16.503627842681,6690,379.5,389.0
394.25,16.505310807641,6691,388.5,400.0
406.25,16.507227490362,6692,399.5,413.0
419.25,16.509085239983,6693,412.5,426.0
433.75,16.512129408137,6694,425.5,442.0
450.75,16.513816259321,6695,441.5,460.0
471.75,16.515674692408,6696,459.5,484.0
496.25,16.517590357876,6697,483.5,509.0
523.25,16.519454576588,6698,508.5,538.0
554.75,16.521312910334,6699,537.5,572.0
590.75,16.523590360101,6700,571.5,610.0
632.75,16.52527795833,6701,609.5,656.0
685.25,16.527142073727,6702,655.5,715.0
750.25,16.529000391579,6703,714.5,786.0
833.0,16.532885807769,6704,785.5,880.5
384.25,16.538919542249,6706,379.5,389.0
394.25,16.540607657051,6707,388.5,400.0
406.25,16.542465959009,6708,399.5,413.0
419.25,16.54414782327,6709,412.5,426.0
433.75,16.547675774511,6710,425.5,442.0
450.75,16.549534124152,6711,441.5,460.0
471.75,16.551222123718,6712,459.5,484.0
496.25,16.55308634243,6713,483.5,509.0
523.25,16.554944608625,6714,508.5,538.0
554.75,16.556854941463,6715,537.5,572.0
590.75,16.559283409532,6716,571.5,610.0
632.75,16.561147143459,6717,609.5,656.0
685.25,16.563011540985,6718,655.5,715.0
750.25,16.564869540946,6719,714.5,786.0
833.0,16.568750693417,6720,785.5,880.5
384.25,16.573296707884,6722,379.5,389.0
394.25,16.574984643873,6723,388.5,400.0
406.25,16.576843124644,6724,399.5,413.0
419.25,16.578525306797,6725,412.5,426.0
433.75,16.581835824267,6726,425.5,442.0
450.75,16.583523327128,6727,441.5,460.0
471.75,16.585381056881,6728,459.5,484.0
496.25,16.587298323727,6729,483.5,509.0
523.25,16.589162073549,6730,508.5,538.0
554.75,16.591020526505,6731,537.5,572.0
590.75,16.593481940047,6732,571.5,610.0
632.75,16.595345975971,6733,609.5,656.0
685.25,16.597204591846,6734,655.5,715.0
750.25,16.599130060291,6735,714.5,786.0
833.0,16.60301635863,6736,785.5,880.5
384.25,16.607580560462,6738,379.5,389.0
394.25,16.609268357372,6739,388.5,400.0
406.25,16.611126691119,6740,399.5,413.0
419.25,16.612809123611,6741,412.5,426.0
433.75,16.615917990621,6742,425.5,442.0
450.75,16.617605159696,6743,441.5,460.0
471.75,16.619463473574,6744,459.5,484.0
496.25,16.621151806927,6745,483.5,509.0
523.25,16.62301707468,6746,508.5,538.0
554.75,16.624875440216,6747,537.5,572.0
590.75,16.627428823725,6748,571.5,610.0
632.75,16.62911637427,6749,609.5,656.0
685.25,16.630974326547,6750,655.5,715.0
750.25,16.632884226259,6751,714.5,786.0
833.0,16.636765009181,6752,785.5,880.5
384.25,16.641359343147,6754,379.5,389.0
394.25,16.643047159926,6755,388.5,400.0
406.25,16.644905493673,6756,399.5,413.0
419.25,16.646587926165,6757,412.5,426.0
433.75,16.649979593372,6758,425.5,442.0
450.75,16.65166709226,6759,441.5,460.0
471.75,16.653525426006,6760,459.5,484.0
496.25,16.655212825553,6761,483.5,509.0
523.25,16.657076893266,6762,508.5,538.0
554.75,16.658935858822,6763,537.5,572.0
590.75,16.661634041882,6764,571.5,610.0
632.75,16.663497724152,6765,609.5,656.0
685.25,16.665355592982,6766,655.5,715.0
750.25,16.667267090098,6767,714.5,786.0
833.0,16.671147257106,6768,785.5,880.5
384.25,16.677349243577,6770,379.5,389.0
394.25,16.679037223276,6771,388.5,400.0
406.25,16.680905975914,6772,399.5,413.0
419.25,16.682764393107,6773,412.5,426.0
433.75,16.686470192687,6774,425.5,442.0
450.75,16.688157576338,6775,441.5,460.0
471.75,16.690021910286,6776,459.5,484.0
496.25,16.691886224365,6777,483.5,509.0
523.25,16.693750443077,6778,508.5,538.0
554.75,16.695608840402,6779,537.5,572.0
590.75,16.698535841719,6780,571.5,610.0
632.75,16.700399341202,6781,609.5,656.0
685.25,16.7022577425,6782,655.5,715.0
750.25,16.704167391872,6783,714.5,786.0
833.0,16.708045174694,6784,785.5,880.5
384.25,16.712769192473,6786,379.5,389.0
394.25,16.714456774807,6787,388.5,400.0
406.25,16.716315025107,6788,399.5,413.0
419.25,16.717997306601,6789,412.5,426.0
433.75,16.72172649107,6790,425.5,442.0
450.75,16.723408542093,6791,441.5,460.0
471.75,16.72509099048,6792,459.5,484.0
496.25,16.727008126195,6793,483.5,509.0
523.25,16.728866459942,6794,508.5,538.0
554.75,16.730777376906,6795,537.5,572.0
590.75,16.733665090815,6796,571.5,610.0
632.75,16.73552802604,6797,609.5,656.0
685.25,16.737392491118,6798,655.5,715.0
750.25,16.739250542736,6799,714.5,786.0
833.0,16.743127610302,6800,785.5,880.5
384.25,16.748023742453,6802,379.5,389.0
394.25,16.749706691519,6803,388.5,400.0
406.25,16.75161649189,6804,399.5,413.0
419.25,16.753298809147,6805,412.5,426.0
433.75,16.757083123938,6806,425.5,442.0
450.75,16.758765023963,6807,441.5,460.0
471.75,16.760447643216,6808,459.5,484.0
496.25,16.762371391074,6809,483.5,509.0
523.25,16.764235891914,6810,508.5,538.0
554.75,16.766094193872,6811,537.5,572.0
590.75,16.769294208304,6812,571.5,610.0
632.75,16.771158776697,6813,609.5,656.0
685.25,16.773021874841,6814,655.5,715.0
750.25,16.774884690857,6815,714.5,786.0
833.0,16.77875915966,6816,785.5,880.5
384.25,16.785327523963,6818,379.5,389.0
394.25,16.787015324847,6819,388.5,400.0
406.25,16.788873356597,6820,399.5,413.0
419.25,16.790555526829,6821,412.5,426.0
433.75,16.793905510521,6822,425.5,442.0
450.75,16.795587442334,6823,441.5,460.0
471.75,16.797275823371,6824,459.5,484.0
496.25,16.799062858041,6825,483.5,509.0
523.25,16.800920675214,6826,508.5,538.0
554.75,16.802833090242,6827,537.5,572.0
590.75,16.805845556672,6828,571.5,610.0
632.75,16.807709775384,6829,609.5,656.0
685.25,16.809576843198,6830,655.5,715.0
750.25,16.81143469216,6831,714.5,786.0
833.0,16.81530770661,6832,785.5,880.5
384.25,16.820593025303,6834,379.5,389.0
394.25,16.822281092421,6835,388.5,400.0
406.25,16.823963409678,6836,399.5,413.0
419.25,16.825645210361,6837,412.5,426.0
433.75,16.828955525176,6838,425.5,442.0
450.75,16.830643508848,6839,441.5,460.0
471.75,16.832331707096,6840,459.5,484.0
496.25,16.834195675468,6841,483.5,509.0
523.25,16.836054056899,6842,508.5,538.0
554.75,16.837965057309,6843,537.5,572.0
590.75,16.840767174975,6844,571.5,610.0
632.75,16.84263109169,6845,609.5,656.0
685.25,16.844489242649,6846,655.5,715.0
750.25,16.84639977417,6847,714.5,786.0
833.0,16.850288258012,6848,785.5,880.5
384.25,16.857123376942,6850,379.5,389.0
394.25,16.858805523332,6851,388.5,400.0
406.25,16.860487959798,6852,399.5,413.0
419.25,16.862169677035,6853,412.5,426.0
433.75,16.865263956801,6854,425.5,442.0
450.75,16.866946289953,6855,441.5,460.0
471.75,16.868628440317,6856,459.5,484.0
496.25,16.870545091248,6857,483.5,509.0
523.25,16.872409540431,6858,508.5,538.0
554.75,16.874267524497,6859,537.5,572.0
590.75,16.87794312439,6860,571.5,610.0
632.75,16.879806727187,6861,609.5,656.0
685.25,16.88166540664,6862,655.5,715.0
750.25,16.883590024726,6863,714.5,786.0
833.0,16.887470990435,6864,785.5,880.5
384.25,16.892269593493,6866,379.5,389.0
394.25,16.893951791541,6867,388.5,400.0
406.25,16.895633806801,6868,399.5,413.0
419.25,16.897315957165,6869,412.5,426.0
433.75,16.901199974632,6870,425.5,442.0
450.75,16.902982089933,6871,441.5,460.0
471.75,16.904663858827,6872,459.5,484.0
496.25,16.906364427026,6873,483.5,509.0
523.25,16.908222192542,6874,508.5,538.0
554.75,16.910133808867,6875,537.5,572.0
590.75,16.914025757726,6876,571.5,610.0
632.75,16.915889225419,6877,609.5,656.0
685.25,16.917755923684,6878,655.5,715.0
750.25,16.919614559428,6879,714.5,786.0
833.0,16.923486775176,6880,785.5,880.5
384.25,16.929913443343,6882,379.5,389.0
394.25,16.931777856763,6883,388.5,400.0
406.25,16.933636273956,6884,399.5,413.0
419.25,16.935318058745,6885,412.5,426.0
433.75,16.93894577624,6886,425.5,442.0
450.75,16.940633525467,6887,441.5,460.0
471.75,16.942315357939,6888,459.5,484.0
496.25,16.944002960141,6889,483.5,509.0
523.25,16.94586127402,6890,508.5,538.0
554.75,16.94777132473,6891,537.5,572.0
590.75,16.951657126363,6892,571.5,610.0
632.75,16.953520542399,6893,609.5,656.0
685.25,16.95537889204,6894,655.5,715.0
750.25,16.957288875198,6895,714.5,786.0
833.0,16.961168056742,6896,785.5,880.5
384.25,16.966121325906,6898,379.5,389.0
394.25,16.967980108674,6899,388.5,400.0
406.25,16.969662143803,6900,399.5,413.0
419.25,16.971344242509,6901,412.5,426.0
433.75,16.974652574476,6902,425.5,442.0
450.75,16.976340073363,6903,441.5,460.0
471.75,16.978197675959,6904,459.5,484.0
496.25,16.980115073935,6905,483.5,509.0
523.25,16.981980127112,6906,508.5,538.0
554.75,16.983661808586,6907,537.5,572.0
590.75,16.986655042585,6908,571.5,610.0
632.75,16.988518442726,6909,609.5,656.0
685.25,16.990376375135,6910,655.5,715.0
750.25,16.992300409094,6911,714.5,786.0
833.0,16.996183023866,6912,785.5,880.5
384.25,17.001030526574,6914,379.5,389.0
394.25,17.002888558324,6915,388.5,400.0
406.25,17.004570525901,6916,399.5,413.0
419.25,17.006252942499,6917,412.5,426.0
433.75,17.008948423481,6918,425.5,442.0
450.75,17.010636276023,6919,441.5,460.0
471.75,17.012500907993,6920,459.5,484.0
496.25,17.01418262523,6921,483.5,509.0
523.25,17.016103460407,6922,508.5,538.0
554.75,17.017962243176,6923,537.5,572.0
590.75,17.020817142741,6924,571.5,610.0
632.75,17.022680193202,6925,609.5,656.0
685.25,17.024539373334,6926,655.5,715.0
750.25,17.026449006812,6927,714.5,786.0
833.0,17.030332126236,6928,785.5,880.5
384.25,17.036987990157,6930,379.5,389.0
394.25,17.038852010187,6931,388.5,400.0
406.25,17.040710959848,6932,399.5,413.0
419.25,17.042393058554,6933,412.5,426.0
433.75,17.045178407447,6934,425.5,442.0
450.75,17.046860307471,6935,441.5,460.0
471.75,17.048542541281,6936,459.5,484.0
496.25,17.050230675952,6937,483.5,509.0
523.25,17.052095260239,6938,508.5,538.0
554.75,17.053953876114,6939,537.5,572.0
590.75,17.057473407205,6940,571.5,610.0
632.75,17.059336926556,6941,609.5,656.0
685.25,17.061195260302,6942,655.5,715.0
750.25,17.063105056699,6943,714.5,786.0
833.0,17.066980141417,6944,785.5,880.5
384.25,17.072786825911,6946,379.5,389.0
394.25,17.074645608679,6947,388.5,400.0
406.25,17.076561925824,6948,399.5,413.0
419.25,17.078244358317,6949,412.5,426.0
433.75,17.081348425166,6950,425.5,442.0
450.75,17.08303057553,6951,441.5,460.0
471.75,17.084718173758,6952,459.5,484.0
496.25,17.086582758045,6953,483.5,509.0
523.25,17.088441123581,6954,508.5,538.0
554.75,17.090351043161,6955,537.5,572.0
590.75,17.093205076472,6956,571.5,610.0
632.75,17.095068742847,6957,609.5,656.0
685.25,17.096933192031,6958,655.5,715.0
750.25,17.098791108545,6959,714.5,786.0
833.0,17.102678825474,6960,785.5,880.5
384.25,17.109869557635,6962,379.5,389.0
394.25,17.111734225369,6963,388.5,400.0
406.25,17.113592173672,6964,399.5,413.0
419.25,17.115274423377,6965,412.5,426.0
433.75,17.11849425834,6966,425.5,442.0
450.75,17.120176492151,6967,441.5,460.0
471.75,17.121858857091,6968,459.5,484.0
496.25,17.123774427191,6969,483.5,509.0
523.25,17.125632824516,6970,508.5,538.0
554.75,17.127562926229,6971,537.5,572.0
590.75,17.130662475046,6972,571.5,610.0
632.75,17.132526109632,6973,609.5,656.0
685.25,17.134384459273,6974,655.5,715.0
750.25,17.136294657008,6975,714.5,786.0
833.0,17.140177573776,6976,785.5,880.5
384.25,17.145973426119,6978,379.5,389.0
394.25,17.147832693672,6979,388.5,400.0
406.25,17.149749877071,6980,399.5,413.0
419.25,17.151431777096,6981,412.5,426.0
433.75,17.154757342752,6982,425.5,442.0
450.75,17.156439409669,6983,441.5,460.0
471.75,17.158127727127,6984,459.5,484.0
496.25,17.159991123295,6985,483.5,509.0
523.25,17.161849759038,6986,508.5,538.0
554.75,17.163759726302,6987,537.5,572.0
590.75,17.167026942984,6988,571.5,610.0
632.75,17.168890124575,6989,609.5,656.0
685.25,17.170749324576,6990,655.5,715.0
750.25,17.172658874607,6991,714.5,786.0
833.0,17.176542208608,6992,785.5,880.5
384.25,17.182219709969,6994,379.5,389.0
394.25,17.184078242397,6995,388.5,400.0
406.25,17.185994257545,6996,399.5,413.0
419.25,17.18767650725,6997,412.5,426.0
433.75,17.190748824692,6998,425.5,442.0
450.75,17.192430760479,6999,441.5,460.0
471.75,17.194118108368,7000,459.5,484.0
496.25,17.195976493772,7001,483.5,509.0
523.25,17.197893176492,7002,508.5,538.0
554.75,17.199751025454,7003,537.5,572.0
590.75,17.203477491951,7004,571.5,610.0
632.75,17.205341559664,7005,609.5,656.0
685.25,17.207205090936,7006,655.5,715.0
750.25,17.209063591576,7007,714.5,786.0
833.0,17.212941124058,7008,785.5,880.5
384.25,17.218072841581,7010,379.5,389.0
394.25,17.219936376826,7011,388.5,400.0
406.25,17.221801159795,7012,399.5,413.0
419.25,17.223659326649,7013,412.5,426.0
433.75,17.226749509589,7014,425.5,442.0
450.75,17.228436841583,7015,441.5,460.0
471.75,17.230294873333,7016,459.5,484.0
496.25,17.232211424923,7017,483.5,509.0
523.25,17.234074757512,7018,508.5,538.0
554.75,17.235933075364,7019,537.5,572.0
590.75,17.239812360223,7020,571.5,610.0
632.75,17.241675959047,7021,609.5,656.0
685.25,17.24354015789,7022,655.5,715.0
750.25,17.245398908869,7023,714.5,786.0
833.0,17.249273540592,7024,785.5,880.5
384.25,17.254928976313,7026,379.5,389.0
394.25,17.256786960379,7027,388.5,400.0
406.25,17.258711506939,7028,399.5,413.0
419.25,17.260565123971,7029,412.5,426.0
433.75,17.263790677007,7030,425.5,442.0
450.75,17.265478024896,7031,441.5,460.0
471.75,17.267336859322,7032,459.5,484.0
496.25,17.269024525102,7033,483.5,509.0
523.25,17.270882858849,7034,508.5,538.0
554.75,17.272792575773,7035,537.5,572.0
590.75,17.276677610493,7036,571.5,610.0
632.75,17.278541443761,7037,609.5,656.0
685.25,17.280406159178,7038,655.5,715.0
750.25,17.282264059798,7039,714.5,786.0
833.0,17.28613736035,7040,785.5,880.5
384.25,17.293661357975,7042,379.5,389.0
394.25,17.29552489322,7043,388.5,400.0
406.25,17.29738314352,7044,399.5,413.0
419.25,17.29929322602,7045,412.5,426.0
433.75,17.302355124569,7046,425.5,442.0
450.75,17.30404275856,7047,441.5,460.0
471.75,17.305724757926,7048,459.5,484.0
496.25,17.307413043594,7049,483.5,509.0
523.25,17.309271393236,7050,508.5,538.0
554.75,17.311181924756,7051,537.5,572.0
590.75,17.314935257053,7052,571.5,610.0
632.75,17.316622823493,7053,609.5,656.0
685.25,17.318486974653,7054,655.5,715.0
750.25,17.320345308399,7055,714.5,786.0
833.0,17.324219308313,7056,785.5,880.5
384.25,17.329214876906,7058,379.5,389.0
394.25,17.331072292741,7059,388.5,400.0
406.25,17.332988442993,7060,399.5,413.0
419.25,17.334846490637,7061,412.5,426.0
433.75,17.337974860287,7062,425.5,442.0
450.75,17.339656943099,7063,441.5,460.0
471.75,17.341338958359,7064,459.5,484.0
496.25,17.343027025477,7065,483.5,509.0
523.25,17.34489159387,7066,508.5,538.0
554.75,17.346749808407,7067,537.5,572.0
590.75,17.350635276254,7068,571.5,610.0
632.75,17.352322826799,7069,609.5,656.0
685.25,17.354194325225,7070,655.5,715.0
750.25,17.356052643077,7071,714.5,786.0
833.0,17.359934892273,7072,785.5,880.5
384.25,17.365656556702,7074,379.5,389.0
394.25,17.367521442986,7075,388.5,400.0
406.25,17.369380726433,7076,399.5,413.0
419.25,17.371290276464,7077,412.5,426.0
433.75,17.374236625449,7078,425.5,442.0
450.75,17.375918656603,7079,441.5,460.0
471.75,17.377601025518,7080,459.5,484.0
496.25,17.379517358557,7081,483.5,509.0
523.25,17.381375592963,7082,508.5,538.0
554.75,17.383286009248,7083,537.5,572.0
590.75,17.387040990607,7084,571.5,610.0
632.75,17.388728541152,7085,609.5,656.0
685.25,17.390592660522,7086,655.5,715.0
750.25,17.392451141294,7087,714.5,786.0
833.0,17.396333875275,7088,785.5,880.5
384.25,17.401583391444,7090,379.5,389.0
394.25,17.403441709296,7091,388.5,400.0
406.25,17.405358209229,7092,399.5,413.0
419.25,17.407216157532,7093,412.5,426.0
433.75,17.409966156896,7094,425.5,442.0
450.75,17.411648490047,7095,441.5,460.0
471.75,17.413336374378,7096,459.5,484.0
496.25,17.415194326655,7097,483.5,509.0
523.25,17.417110890166,7098,508.5,538.0
554.75,17.418969343122,7099,537.5,572.0
590.75,17.422808907445,7100,571.5,610.0
632.75,17.424672406928,7101,609.5,656.0
685.25,17.426530307547,7102,655.5,715.0
750.25,17.428441558297,7103,714.5,786.0
833.0,17.432315156873,7104,785.5,880.5
384.25,17.439871992683,7106,379.5,389.0
394.25,17.441736374315,7107,388.5,400.0
406.25,17.443601093705,7108,399.5,413.0
419.25,17.445459824816,7109,412.5,426.0
433.75,17.448266059176,7110,425.5,442.0
450.75,17.449947859859,7111,441.5,460.0
471.75,17.451630642033,7112,459.5,484.0
496.25,17.453391442712,7113,483.5,509.0
523.25,17.455255673345,7114,508.5,538.0
554.75,17.45696607631,7115,537.5,572.0
590.75,17.460431824144,7116,571.5,610.0
632.75,17.462295323626,7117,609.5,656.0
685.25,17.464159307893,7118,655.5,715.0
750.25,17.46601764164,7119,714.5,786.0
833.0,17.469896791395,7120,785.5,880.5
384.25,17.475192640241,7122,379.5,389.0
394.25,17.477056843058,7123,388.5,400.0
406.25,17.478921423372,7124,399.5,413.0
419.25,17.480779757118,7125,412.5,426.0
433.75,17.483201593177,7126,425.5,442.0
450.75,17.484888992723,7127,441.5,460.0
471.75,17.486746976789,7128,459.5,484.0
496.25,17.488435290273,7129,483.5,509.0
523.25,17.49029362402,7130,508.5,538.0
554.75,17.491975591596,7131,537.5,572.0
590.75,17.495628056939,7132,571.5,610.0
632.75,17.497491774972,7133,609.5,656.0
685.25,17.499356093025,7134,655.5,715.0
750.25,17.501214092986,7135,714.5,786.0
833.0,17.505096425629,7136,785.5,880.5
384.25,17.51009435854,7138,379.5,389.0
394.25,17.511958223597,7139,388.5,400.0
406.25,17.513747992134,7140,399.5,413.0
419.25,17.515606842454,7141,412.5,426.0
433.75,17.517971708393,7142,425.5,442.0
450.75,17.519659290727,7143,441.5,460.0
471.75,17.521346892929,7144,459.5,484.0
496.25,17.523028991636,7145,483.5,509.0
523.25,17.524944343185,7146,508.5,538.0
554.75,17.526626493549,7147,537.5,572.0
590.75,17.530301592763,7148,571.5,610.0
632.75,17.532165223376,7149,609.5,656.0
685.25,17.534029223537,7150,655.5,715.0
750.25,17.535887593047,7151,714.5,786.0
833.0,17.53976099294,7152,785.5,880.5
384.25,17.544288092868,7154,379.5,389.0
394.25,17.545970342573,7155,388.5,400.0
406.25,17.547658258692,7156,399.5,413.0
419.25,17.549516075865,7157,412.5,426.0
433.75,17.551991174634,7158,425.5,442.0
450.75,17.553854757563,7159,441.5,460.0
471.75,17.555713576094,7160,459.5,484.0
496.25,17.55763024292,7161,483.5,509.0
523.25,17.559488107777,7162,508.5,538.0
554.75,17.561170226351,7163,537.5,572.0
590.75,17.563980223751,7164,571.5,610.0
632.75,17.565844740486,7165,609.5,656.0
685.25,17.567703193442,7166,655.5,715.0
750.25,17.569613093154,7167,714.5,786.0
833.0,17.572292659696,7168,785.5,880.5
384.25,17.576781326548,7170,379.5,389.0
394.25,17.578463560359,7171,388.5,400.0
406.25,17.580152024841,7172,399.5,413.0
419.25,17.582009842014,7173,412.5,426.0
433.75,17.584557857132,7174,425.5,442.0
450.75,17.586421459929,7175,441.5,460.0
471.75,17.588285340881,7176,459.5,484.0
496.25,17.590149909274,7177,483.5,509.0
523.25,17.592008942382,7178,508.5,538.0
554.75,17.593690607961,7179,537.5,572.0
590.75,17.597580776628,7180,571.5,610.0
632.75,17.59944487613,7181,609.5,656.0
685.25,17.601303460217,7182,655.5,715.0
750.25,17.603213574505,7183,714.5,786.0
833.0,17.607091190434,7184,785.5,880.5
384.25,17.613247356828,7186,379.5,389.0
394.25,17.615003591792,7187,388.5,400.0
406.25,17.616692274825,7188,399.5,413.0
419.25,17.618550123787,7189,412.5,426.0
433.75,17.621076891836,7190,425.5,442.0
450.75,17.622764609273,7191,441.5,460.0
471.75,17.624622343,7192,459.5,484.0
496.25,17.626380258814,7193,483.5,509.0
523.25,17.628238676008,7194,508.5,538.0
554.75,17.629920643584,7195,537.5,572.0
590.75,17.633812409655,7196,571.5,610.0
632.75,17.635676024373,7197,609.5,656.0
685.25,17.637540123876,7198,655.5,715.0
750.25,17.63939804039,7199,714.5,786.0
833.0,17.643273041662,7200,785.5,880.5
384.25,17.64868124129,7202,379.5,389.0
394.25,17.65053911012,7203,388.5,400.0
406.25,17.652454807377,7204,399.5,413.0
419.25,17.654313141123,7205,412.5,426.0
433.75,17.656991575178,7206,425.5,442.0
450.75,17.658673542754,7207,441.5,460.0
471.75,17.660361609872,7208,459.5,484.0
496.25,17.662226158396,7209,483.5,509.0
523.25,17.664084857718,7210,508.5,538.0
554.75,17.66586729091,7211,537.5,572.0
590.75,17.668831159687,7212,571.5,610.0
632.75,17.670695290979,7213,609.5,656.0
685.25,17.672558957354,7214,655.5,715.0
750.25,17.674417291101,7215,714.5,786.0
833.0,17.678304793453,7216,785.5,880.5
384.25,17.683165210501,7218,379.5,389.0
394.25,17.685028340435,7219,388.5,400.0
406.25,17.686892690277,7220,399.5,413.0
419.25,17.688751008129,7221,412.5,426.0
433.75,17.691829790688,7222,425.5,442.0
450.75,17.69351149203,7223,441.5,460.0
471.75,17.695194373544,7224,459.5,484.0
496.25,17.697109876092,7225,483.5,509.0
523.25,17.698968658861,7226,508.5,538.0
554.75,17.700650626437,7227,537.5,572.0
590.75,17.704155506706,7228,571.5,610.0
632.75,17.706019292291,7229,609.5,656.0
685.25,17.707877093569,7230,655.5,715.0
750.25,17.709786957518,7231,714.5,786.0
833.0,17.71367025973,7232,785.5,880.5
384.25,17.719167310015,7234,379.5,389.0
394.25,17.72103182675,7235,388.5,400.0
406.25,17.722889659818,7236,399.5,413.0
419.25,17.724799940999,7237,412.5,426.0
433.75,17.727889508025,7238,425.5,442.0
450.75,17.729571857071,7239,441.5,460.0
471.75,17.731259459273,7240,459.5,484.0
496.25,17.733123459435,7241,483.5,509.0
523.25,17.734981876628,7242,508.5,538.0
554.75,17.736892308807,7243,537.5,572.0
590.75,17.740344776726,7244,571.5,610.0
632.75,17.742208975569,7245,609.5,656.0
685.25,17.744073075072,7246,655.5,715.0
750.25,17.745931293583,7247,714.5,786.0
833.0,17.74981872441,7248,785.5,880.5
384.25,17.755431157366,7250,379.5,389.0
394.25,17.757289459324,7251,388.5,400.0
406.25,17.759206193701,7252,399.5,413.0
419.25,17.761064606921,7253,412.5,426.0
433.75,17.76413697602,7254,425.5,442.0
450.75,17.765818589942,7255,441.5,460.0
471.75,17.767506891505,7256,459.5,484.0
496.25,17.769371006902,7257,483.5,509.0
523.25,17.7712355594,7258,508.5,538.0
554.75,17.773094310379,7259,537.5,572.0
590.75,17.775875657813,7260,571.5,610.0
632.75,17.777739443398,7261,609.5,656.0
685.25,17.779597840722,7262,655.5,715.0
750.25,17.781507807986,7263,714.5,786.0
833.0,17.78538347683,7264,785.5,880.5
384.25,17.792240192509,7266,379.5,389.0
394.25,17.793927727159,7267,388.5,400.0
406.25,17.79579235913,7268,399.5,413.0
419.25,17.797650641219,7269,412.5,426.0
433.75,17.80077514054,7270,425.5,442.0
450.75,17.802457358456,7271,441.5,460.0
471.75,17.80414529047,7272,459.5,484.0
496.25,17.806003640111,7273,483.5,509.0
523.25,17.80792069238,7274,508.5,538.0
554.75,17.809779292361,7275,537.5,572.0
590.75,17.812766808287,7276,571.5,610.0
632.75,17.814630426979,7277,609.5,656.0
685.25,17.816488959408,7278,655.5,715.0
750.25,17.818399475034,7279,714.5,786.0
833.0,17.822282892481,7280,785.5,880.5
384.25,17.827666610495,7282,379.5,389.0
394.25,17.829349356906,7283,388.5,400.0
406.25,17.831265141582,7284,399.5,413.0
419.25,17.833122775968,7285,412.5,426.0
433.75,17.836397892253,7286,425.5,442.0
450.75,17.838079824066,7287,441.5,460.0
471.75,17.839762324111,7288,459.5,484.0
496.25,17.841449858761,7289,483.5,509.0
523.25,17.843138160324,7290,508.5,538.0
554.75,17.844996490097,7291,537.5,572.0
590.75,17.848241243776,7292,571.5,610.0
632.75,17.850104826705,7293,609.5,656.0
685.25,17.851968890444,7294,655.5,715.0
750.25,17.853835358238,7295,714.5,786.0
833.0,17.857714158312,7296,785.5,880.5
384.25,17.86451524299,7298,379.5,389.0
394.25,17.866203723367,7299,388.5,400.0
406.25,17.868061643855,7300,399.5,413.0
419.25,17.869974591351,7301,412.5,426.0
433.75,17.873126039918,7302,425.5,442.0
450.75,17.874807824707,7303,441.5,460.0
471.75,17.876490241305,7304,459.5,484.0
496.25,17.878394307709,7305,483.5,509.0
523.25,17.88023734293,7306,508.5,538.0
554.75,17.88214859368,7307,537.5,572.0
590.75,17.884702656682,7308,571.5,610.0
632.75,17.886566160138,7309,609.5,656.0
685.25,17.888424493885,7310,655.5,715.0
750.25,17.890334393597,7311,714.5,786.0
833.0,17.894212875779,7312,785.5,880.5
384.25,17.899364076074,7314,379.5,389.0
394.25,17.901046508567,7315,388.5,400.0
406.25,17.902970709419,7316,399.5,413.0
419.25,17.904829007403,7317,412.5,426.0
433.75,17.907870326455,7318,425.5,442.0
450.75,17.909552758948,7319,441.5,460.0
471.75,17.911240826066,7320,459.5,484.0
496.25,17.912929075972,7321,483.5,509.0
523.25,17.914611091232,7322,508.5,538.0
554.75,17.916521507517,7323,537.5,572.0
590.75,17.918871408717,7324,571.5,610.0
632.75,17.920736092345,7325,609.5,656.0
685.25,17.922594342645,7326,655.5,715.0
750.25,17.924504743036,7327,714.5,786.0
833.0,17.928378142929,7328,785.5,880.5
384.25,17.934445959345,7330,379.5,389.0
394.25,17.936128125604,7331,388.5,400.0
406.25,17.937809910393,7332,399.5,413.0
419.25,17.939722090975,7333,412.5,426.0
433.75,17.942419423676,7334,425.5,442.0
450.75,17.944101442909,7335,441.5,460.0
471.75,17.94578440787,7336,459.5,484.0
496.25,17.947526059564,7337,483.5,509.0
523.25,17.949209906673,7338,508.5,538.0
554.75,17.951119993146,7339,537.5,572.0
590.75,17.953775757567,7340,571.5,610.0
632.75,17.955639090157,7341,609.5,656.0
685.25,17.95749750735,7342,655.5,715.0
750.25,17.959409123675,7343,714.5,786.0
833.0,17.963293407377,7344,785.5,880.5
384.25,17.967935576057,7346,379.5,389.0
394.25,17.96961825889,7347,388.5,400.0
406.25,17.971534508483,7348,399.5,413.0
419.25,17.973392858124,7349,412.5,426.0
433.75,17.976598610497,7350,425.5,442.0
450.75,17.978280725098,7351,441.5,460.0
471.75,17.979962875462,7352,459.5,484.0
496.25,17.981644807275,7353,483.5,509.0
523.25,17.983332842604,7354,508.5,538.0
554.75,17.985196524874,7355,537.5,572.0
590.75,17.988900591946,7356,571.5,610.0
632.75,17.990764190769,7357,609.5,656.0
685.25,17.9926280598,7358,655.5,715.0
750.25,17.994486508783,7359,714.5,786.0
833.0,17.998359042422,7360,785.5,880.5
384.25,18.00354027551,7362,379.5,389.0
394.25,18.005404160436,7363,388.5,400.0
406.25,18.007268375174,7364,399.5,413.0
419.25,18.009127090391,7365,412.5,426.0
433.75,18.012245808061,7366,425.5,442.0
450.75,18.013927775637,7367,441.5,460.0
471.75,18.015609926001,7368,459.5,484.0
496.25,18.017291857815,7369,483.5,509.0
523.25,18.018980342166,7370,508.5,538.0
554.75,18.020838576571,7371,537.5,572.0
590.75,18.024515857315,7372,571.5,610.0
632.75,18.026379873371,7373,609.5,656.0
685.25,18.028238191223,7374,655.5,715.0
750.25,18.030147542572,7375,714.5,786.0
833.0,18.034023890909,7376,785.5,880.5
384.25,18.039210408942,7378,379.5,389.0
394.25,18.041068643347,7379,388.5,400.0
406.25,18.042756857491,7380,399.5,413.0
419.25,18.044615310446,7381,412.5,426.0
433.75,18.047715276496,7382,425.5,442.0
450.75,18.049397542095,7383,441.5,460.0
471.75,18.051079875247,7384,459.5,484.0
496.25,18.052762124952,7385,483.5,509.0
523.25,18.054444458103,7386,508.5,538.0
554.75,18.056354874388,7387,537.5,572.0
590.75,18.059818357245,7388,571.5,610.0
632.75,18.061681960042,7389,609.5,656.0
685.25,18.063540293789,7390,655.5,715.0
750.25,18.065451107438,7391,714.5,786.0
833.0,18.069338589923,7392,785.5,880.5
384.25,18.07418612442,7394,379.5,389.0
394.25,18.076044458167,7395,388.5,400.0
406.25,18.077732243156,7396,399.5,413.0
419.25,18.079590676244,7397,412.5,426.0
433.75,18.082919460551,7398,425.5,442.0
450.75,18.08460197649,7399,441.5,460.0
471.75,18.086284941451,7400,459.5,484.0
496.25,18.087980324046,7401,483.5,509.0
523.25,18.089667958037,7402,508.5,538.0
554.75,18.091526275889,7403,537.5,572.0
590.75,18.094948675251,7404,571.5,610.0
632.75,18.096812957541,7405,609.5,656.0
685.25,18.098670973396,7406,655.5,715.0
750.25,18.100581957912,7407,714.5,786.0
833.0,18.10445417366,7408,785.5,880.5
384.25,18.111210042254,7410,379.5,389.0
394.25,18.113068360106,7411,388.5,400.0
406.25,18.114750208473,7412,399.5,413.0
419.25,18.116663207626,7413,412.5,426.0
433.75,18.119643376287,7414,425.5,442.0
450.75,18.121325725333,7415,441.5,460.0
471.75,18.123008360481,7416,459.5,484.0
496.25,18.12469570837,7417,483.5,509.0
523.25,18.126384041723,7418,508.5,538.0
554.75,18.128242391364,7419,537.5,572.0
590.75,18.131877809779,7420,571.5,610.0
632.75,18.133741309261,7421,609.5,656.0
685.25,18.13560527366,7422,655.5,715.0
750.25,18.137463690853,7423,714.5,786.0
833.0,18.141313590622,7424,785.5,880.5
384.25,18.146012026087,7426,379.5,389.0
394.25,18.147869942602,7427,388.5,400.0
406.25,18.149552307542,7428,399.5,413.0
419.25,18.151462473488,7429,412.5,426.0
433.75,18.154072441673,7430,425.5,442.0
450.75,18.155754874166,7431,441.5,460.0
471.75,18.157437556998,7432,459.5,484.0
496.25,18.159119476891,7433,483.5,509.0
523.25,18.160801726596,7434,508.5,538.0
554.75,18.162711709754,7435,537.5,572.0
590.75,18.166590191936,7436,571.5,610.0
632.75,18.168453743076,7437,609.5,656.0
685.25,18.170313225206,7438,655.5,715.0
750.25,18.172224042829,7439,714.5,786.0
833.0,18.175586142159,7440,785.5,880.5
384.25,18.182358457661,7442,379.5,389.0
394.25,18.184216692066,7443,388.5,400.0
406.25,18.185973141607,7444,399.5,413.0
419.25,18.187831256803,7445,412.5,426.0
433.75,18.19066620868,7446,425.5,442.0
450.75,18.192348641173,7447,441.5,460.0
471.75,18.194030259069,7448,459.5,484.0
496.25,18.195712476985,7449,483.5,509.0
523.25,18.197400023556,7450,508.5,538.0
554.75,18.199258257961,7451,537.5,572.0
590.75,18.202806276099,7452,571.5,610.0
632.75,18.204669874922,7453,609.5,656.0
685.25,18.206534459209,7454,655.5,715.0
750.25,18.208392792956,7455,714.5,786.0
833.0,18.211536159134,7456,785.5,880.5
384.25,18.216858460522,7458,379.5,389.0
394.25,18.218717390315,7459,388.5,400.0
406.25,18.220399226761,7460,399.5,413.0
419.25,18.222309976832,7461,412.5,426.0
433.75,18.225348641491,7462,425.5,442.0
450.75,18.227030358728,7463,441.5,460.0
471.75,18.228713224347,7464,459.5,484.0
496.25,18.230395474052,7465,483.5,509.0
523.25,18.232077723757,7466,508.5,538.0
554.75,18.233988223489,7467,537.5,572.0
590.75,18.237443393485,7468,571.5,610.0
632.75,18.239306976414,7469,609.5,656.0
685.25,18.241165341949,7470,655.5,715.0
750.25,18.24307574234,7471,714.5,786.0
833.0,18.246387173748,7472,785.5,880.5
384.25,18.252179906782,7474,379.5,389.0
394.25,18.25403950812,7475,388.5,400.0
406.25,18.255955491479,7476,399.5,413.0
419.25,18.257813725885,7477,412.5,426.0
433.75,18.260537542915,7478,425.5,442.0
450.75,18.262219876067,7479,441.5,460.0
471.75,18.263907541847,7480,459.5,484.0
496.25,18.265641691303,7481,483.5,509.0
523.25,18.267370059109,7482,508.5,538.0
554.75,18.269280376053,7483,537.5,572.0
590.75,18.273046491559,7484,571.5,610.0
632.75,18.274910074488,7485,609.5,656.0
685.25,18.276774642881,7486,655.5,715.0
750.25,18.278632893181,7487,714.5,786.0
833.0,18.281741259511,7488,785.5,880.5
384.25,18.288820876694,7490,379.5,389.0
394.25,18.290684976196,7491,388.5,400.0
406.25,18.292543007946,7492,399.5,413.0
419.25,18.294455907758,7493,412.5,426.0
433.75,18.297084476566,7494,425.5,442.0
450.75,18.298766324933,7495,441.5,460.0
471.75,18.300454209264,7496,459.5,484.0
496.25,18.302142407513,7497,483.5,509.0
523.25,18.303909593836,7498,508.5,538.0
554.75,18.305820876376,7499,537.5,572.0
590.75,18.309236174838,7500,571.5,610.0
632.75,18.31109967432,7501,609.5,656.0
685.25,18.312964242713,7502,655.5,715.0
750.25,18.314822659906,7503,714.5,786.0
833.0,18.318009458001,7504,785.5,880.5
384.25,18.323516609287,7506,379.5,389.0
394.25,18.325381324704,7507,388.5,400.0
406.25,18.327240039921,7508,399.5,413.0
419.25,18.329149574057,7509,412.5,426.0
433.75,18.331936174647,7510,425.5,442.0
450.75,18.333618325011,7511,441.5,460.0
471.75,18.335301941649,7512,459.5,484.0
496.25,18.336989543851,7513,483.5,509.0
523.25,18.338848759747,7514,508.5,538.0
554.75,18.340758440908,7515,537.5,572.0
590.75,18.344265343761,7516,571.5,610.0
632.75,18.345952743308,7517,609.5,656.0
685.25,18.347811077054,7518,655.5,715.0
750.25,18.349720809873,7519,714.5,786.0
833.0,18.352920526282,7520,785.5,880.5
384.25,18.358048059559,7522,379.5,389.0
394.25,18.359906325754,7523,388.5,400.0
406.25,18.361822241561,7524,399.5,413.0
419.25,18.363680841541,7525,412.5,426.0
433.75,18.366561557865,7526,425.5,442.0
450.75,18.368243843333,7527,441.5,460.0
471.75,18.369925759252,7528,459.5,484.0
496.25,18.371608076509,7529,483.5,509.0
523.25,18.373337060229,7530,508.5,538.0
554.75,18.375195107873,7531,537.5,572.0
590.75,18.378511573887,7532,571.5,610.0
632.75,18.38019905688,7533,609.5,656.0
685.25,18.382057025051,7534,655.5,715.0
750.25,18.383968724823,7535,714.5,786.0
833.0,18.387184093412,7536,785.5,880.5
384.25,18.392407407379,7538,379.5,389.0
394.25,18.394265741126,7539,388.5,400.0
406.25,18.39618135891,7540,399.5,413.0
419.25,18.398039275424,7541,412.5,426.0
433.75,18.401092825349,7542,425.5,442.0
450.75,18.402775075054,7543,441.5,460.0
471.75,18.404456907527,7544,459.5,484.0
496.25,18.406144891198,7545,483.5,509.0
523.25,18.408009125805,7546,508.5,538.0
554.75,18.409866958872,7547,537.5,572.0
590.75,18.412627842045,7548,571.5,610.0
632.75,18.414315356827,7549,609.5,656.0
685.25,18.416179257647,7550,655.5,715.0
750.25,18.418037090715,7551,714.5,786.0
833.0,18.421416256841,7552,785.5,880.5
384.25,18.428296993192,7554,379.5,389.0
394.25,18.430161223825,7555,388.5,400.0
406.25,18.432019525782,7556,399.5,413.0
419.25,18.433932926273,7557,412.5,426.0
433.75,18.436907043076,7558,425.5,442.0
450.75,18.438594541963,7559,441.5,460.0
471.75,18.440310492134,7560,459.5,484.0
496.25,18.441998690383,7561,483.5,509.0
523.25,18.443862440205,7562,508.5,538.0
554.75,18.445720523612,7563,537.5,572.0
590.75,18.448988276736,7564,571.5,610.0
632.75,18.450852157688,7565,609.5,656.0
685.25,18.452716277059,7566,655.5,715.0
750.25,18.454574606832,7567,714.5,786.0
833.0,18.457872627195,7568,785.5,880.5
384.25,18.463457506911,7570,379.5,389.0
394.25,18.465315757211,7571,388.5,400.0
406.25,18.46700392367,7572,399.5,413.0
419.25,18.468862956778,7573,412.5,426.0
433.75,18.471800758457,7574,425.5,442.0
450.75,18.473482408142,7575,441.5,460.0
471.75,18.475164657847,7576,459.5,484.0
496.25,18.476852875964,7577,483.5,509.0
523.25,18.478711273289,7578,508.5,538.0
554.75,18.480620926634,7579,537.5,572.0
590.75,18.484511107222,7580,571.5,610.0
632.75,18.486374690151,7581,609.5,656.0
685.25,18.488239290333,7582,655.5,715.0
750.25,18.490097107506,7583,714.5,786.0
833.0,18.493491643683,7584,785.5,880.5
384.25,18.499322507795,7586,379.5,389.0
394.25,18.501187227186,7587,388.5,400.0
406.25,18.503045592721,7588,399.5,413.0
419.25,18.50496990881,7589,412.5,426.0
433.75,18.508191273626,7590,425.5,442.0
450.75,18.509878792381,7591,441.5,460.0
471.75,18.511560593065,7592,459.5,484.0
496.25,18.513477224127,7593,483.5,509.0
523.25,18.515341442839,7594,508.5,538.0
554.75,18.517199625587,7595,537.5,572.0
590.75,18.520516274389,7596,571.5,610.0
632.75,18.522203757381,7597,609.5,656.0
685.25,18.524062560018,7598,655.5,715.0
750.25,18.525972193495,7599,714.5,786.0
833.0,18.529769943174,7600,785.5,880.5
384.25,18.534959973907,7602,379.5,389.0
394.25,18.536817743397,7603,388.5,400.0
406.25,18.538735590394,7604,399.5,413.0
419.25,18.540417840099,7605,412.5,426.0
433.75,18.543599090989,7606,425.5,442.0
450.75,18.545280959225,7607,441.5,460.0
471.75,18.546969340261,7608,459.5,484.0
496.25,18.548833423869,7609,483.5,509.0
523.25,18.550691793378,7610,508.5,538.0
554.75,18.552601291752,7611,537.5,572.0
590.75,18.555195560074,7612,571.5,610.0
632.75,18.556883376853,7613,609.5,656.0
685.25,18.558747273699,7614,655.5,715.0
750.25,18.560605357107,7615,714.5,786.0
833.0,18.564286241945,7616,785.5,880.5
384.25,18.570184125519,7618,379.5,389.0
394.25,18.572051193333,7619,388.5,400.0
406.25,18.573915241178,7620,399.5,413.0
419.25,18.575772927221,7621,412.5,426.0
433.75,18.578686223443,7622,425.5,442.0
450.75,18.580368059889,7623,441.5,460.0
471.75,18.58205089372,7624,459.5,484.0
496.25,18.583967874463,7625,483.5,509.0
523.25,18.585832073307,7626,508.5,538.0
554.75,18.587690291818,7627,537.5,572.0
590.75,18.590491960462,7628,571.5,610.0
632.75,18.592355440076,7629,609.5,656.0
685.25,18.594214508947,7630,655.5,715.0
750.25,18.596125807381,7631,714.5,786.0
833.0,18.599720841662,7632,785.5,880.5
384.25,18.605957057095,7634,379.5,389.0
394.25,18.607815474288,7635,388.5,400.0
406.25,18.609733376916,7636,399.5,413.0
419.25,18.611591309325,7637,412.5,426.0
433.75,18.614613308525,7638,425.5,442.0
450.75,18.616300306733,7639,441.5,460.0
471.75,18.618097291406,7640,459.5,484.0
496.25,18.619962277031,7641,483.5,509.0
523.25,18.621820141888,7642,508.5,538.0
554.75,18.623731340981,7643,537.5,572.0
590.75,18.626959043757,7644,571.5,610.0
632.75,18.628763777033,7645,609.5,656.0
685.25,18.630621792889,7646,655.5,715.0
750.25,18.63254807593,7647,714.5,786.0
833.0,18.636431457615,7648,785.5,880.5
384.25,18.641239609337,7650,379.5,389.0
394.25,18.642927259223,7651,388.5,400.0
406.25,18.644792507108,7652,399.5,413.0
419.25,18.64665082496,7653,412.5,426.0
433.75,18.649329990164,7654,425.5,442.0
450.75,18.651012140528,7655,441.5,460.0
471.75,18.652694576995,7656,459.5,484.0
496.25,18.654376290258,7657,483.5,509.0
523.25,18.656059223429,7658,508.5,538.0
554.75,18.657969560242,7659,537.5,572.0
590.75,18.661260439968,7660,571.5,610.0
632.75,18.663124142106,7661,609.5,656.0
685.25,18.664982491748,7662,655.5,715.0
750.25,18.6668924908,7663,714.5,786.0
833.0,18.670763907846,7664,785.5,880.5
384.25,18.675494593398,7666,379.5,389.0
394.25,18.67718245786,7667,388.5,400.0
406.25,18.679046775913,7668,399.5,413.0
419.25,18.680904990451,7669,412.5,426.0
433.75,18.683867774423,7670,425.5,442.0
450.75,18.685550123469,7671,441.5,460.0
471.75,18.687238325691,7672,459.5,484.0
496.25,18.688921008523,7673,483.5,509.0
523.25,18.690836809095,7674,508.5,538.0
554.75,18.692695476627,7675,537.5,572.0
590.75,18.695949623998,7676,571.5,610.0
632.75,18.697813342031,7677,609.5,656.0
685.25,18.699671659883,7678,655.5,715.0
750.25,18.701582457638,7679,714.5,786.0
833.0,18.705463343875,7680,785.5,880.5
384.25,18.710011257744,7682,379.5,389.0
394.25,18.711875309563,7683,388.5,400.0
406.25,18.71373977464,7684,399.5,413.0
419.25,18.715598160044,7685,412.5,426.0
433.75,18.71902792654,7686,425.5,442.0
450.75,18.720710076904,7687,441.5,460.0
471.75,18.722392410056,7688,459.5,484.0
496.25,18.724080874538,7689,483.5,509.0
523.25,18.725945140934,7690,508.5,538.0
554.75,18.727803391234,7691,537.5,572.0
590.75,18.730856992817,7692,571.5,610.0
632.75,18.732591726398,7693,609.5,656.0
685.25,18.734450143592,7694,655.5,715.0
750.25,18.736360174433,7695,714.5,786.0
833.0,18.740244076665,7696,785.5,880.5
384.25,18.744953825092,7698,379.5,389.0
394.25,18.746818441168,7699,388.5,400.0
406.25,18.748676890151,7700,399.5,413.0
419.25,18.750586642838,7701,412.5,426.0
433.75,18.75431057415,7702,425.5,442.0
450.75,18.755992891407,7703,441.5,460.0
471.75,18.757675308005,7704,459.5,484.0
496.25,18.759363323466,7705,483.5,509.0
523.25,18.761221677081,7706,508.5,538.0
554.75,18.763132093366,7707,537.5,572.0
590.75,18.765934175269,7708,571.5,610.0
632.75,18.767621407922,7709,609.5,656.0
685.25,18.769479475435,7710,655.5,715.0
750.25,18.771389259911,7711,714.5,786.0
833.0,18.775275860246,7712,785.5,880.5
384.25,18.78072502416,7714,379.5,389.0
394.25,18.782589290555,7715,388.5,400.0
406.25,18.784453358269,7716,399.5,413.0
419.25,18.786311660226,7717,412.5,426.0
433.75,18.790192991511,7718,425.5,442.0
450.75,18.791875042534,7719,441.5,460.0
471.75,18.793557459132,7720,459.5,484.0
496.25,18.795239239947,7721,483.5,509.0
523.25,18.79692741038,7722,508.5,538.0
554.75,18.798785458024,7723,537.5,572.0
590.75,18.801782093461,7724,571.5,610.0
632.75,18.803469973818,7725,609.5,656.0
685.25,18.80532832346,7726,655.5,715.0
750.25,18.807239375528,7727,714.5,786.0
833.0,18.811124159908,7728,785.5,880.5
384.25,18.815690877056,7730,379.5,389.0
394.25,18.817555024242,7731,388.5,400.0
406.25,18.819243023809,7732,399.5,413.0
419.25,18.821101758893,7733,412.5,426.0
433.75,18.824975043551,7734,425.5,442.0
450.75,18.826657110469,7735,441.5,460.0
471.75,18.828339360174,7736,459.5,484.0
496.25,18.830026843166,7737,483.5,509.0
523.25,18.831709192212,7738,508.5,538.0
554.75,18.833620609856,7739,537.5,572.0
590.75,18.836930908775,7740,571.5,610.0
632.75,18.838794523493,7741,609.5,656.0
685.25,18.840652960555,7742,655.5,715.0
750.25,18.84256252648,7743,714.5,786.0
833.0,18.846109793599,7744,785.5,880.5
384.25,18.8515196105,7746,379.5,389.0
394.25,18.853377960142,7747,388.5,400.0
406.25,18.855078858153,7748,399.5,413.0
419.25,18.856937092559,7749,412.5,426.0
433.75,18.860400742308,7750,425.5,442.0
450.75,18.862082491334,7751,441.5,460.0
471.75,18.8637654404,7752,459.5,484.0
496.25,18.865447157637,7753,483.5,509.0
523.25,18.867129192766,7754,508.5,538.0
554.75,18.868811676915,7755,537.5,572.0
590.75,18.872183126227,7756,571.5,610.0
632.75,18.874047158178,7757,609.5,656.0
685.25,18.875905325031,7758,655.5,715.0
750.25,18.877815359847,7759,714.5,786.0
833.0,18.881689375655,7760,785.5,880.5
384.25,18.886257491525,7762,379.5,389.0
394.25,18.888121710237,7763,388.5,400.0
406.25,18.889985793845,7764,399.5,413.0
419.25,18.891843924936,7765,412.5,426.0
433.75,18.895073773479,7766,425.5,442.0
450.75,18.896755923843,7767,441.5,460.0
471.75,18.898438757674,7768,459.5,484.0
496.25,18.900126260535,7769,483.5,509.0
523.25,18.901990491168,7770,508.5,538.0
554.75,18.903848793125,7771,537.5,572.0
590.75,18.906908510145,7772,571.5,610.0
632.75,18.908766359107,7773,609.5,656.0
685.25,18.910449177043,7774,655.5,715.0
750.25,18.912370008246,7775,714.5,786.0
833.0,18.916253342247,7776,785.5,880.5
384.25,18.921100876745,7778,379.5,389.0
394.25,18.922965858396,7779,388.5,400.0
406.25,18.92483005724,7780,399.5,413.0
419.25,18.926688224093,7781,412.5,426.0
433.75,18.930516340351,7782,425.5,442.0
450.75,18.932217540359,7783,441.5,460.0
471.75,18.933905408796,7784,459.5,484.0
496.25,18.935770140107,7785,483.5,509.0
523.25,18.937628342724,7786,508.5,538.0
554.75,18.939539676921,7787,537.5,572.0
590.75,18.94215089283,7788,571.5,610.0
632.75,18.944014392312,7789,609.5,656.0
685.25,18.945878658708,7790,655.5,715.0
750.25,18.947736877219,7791,714.5,786.0
833.0,18.951618923759,7792,785.5,880.5
384.25,18.958169358985,7794,379.5,389.0
394.25,18.959869625187,7795,388.5,400.0
406.25,18.961734225368,7796,399.5,413.0
419.25,18.963592241224,7797,412.5,426.0
433.75,18.967313390986,7798,425.5,442.0
450.75,18.968995442009,7799,441.5,460.0
471.75,18.970682424323,7800,459.5,484.0
496.25,18.97254085741,7801,483.5,509.0
523.25,18.974457691129,7802,508.5,538.0
554.75,18.976315925535,7803,537.5,572.0
590.75,18.979680059369,7804,571.5,610.0
632.75,18.981543892638,7805,609.5,656.0
685.25,18.983409192181,7806,655.5,715.0
750.25,18.985266858355,7807,714.5,786.0
833.0,18.989150859928,7808,785.5,880.5
384.25,18.994389675077,7810,379.5,389.0
394.25,18.996077257411,7811,388.5,400.0
406.25,18.997936143494,7812,399.5,413.0
419.25,18.999845224635,7813,412.5,426.0
433.75,19.003493843492,7814,425.5,442.0
450.75,19.005175890541,7815,441.5,460.0
471.75,19.006863941765,7816,459.5,484.0
496.25,19.008728792286,7817,483.5,509.0
523.25,19.01058683993,7818,508.5,538.0
554.75,19.012497109191,7819,537.5,572.0
590.75,19.015929124769,7820,571.5,610.0
632.75,19.017792942142,7821,609.5,656.0
685.25,19.019480925814,7822,655.5,715.0
750.25,19.021340392049,7823,714.5,786.0
833.0,19.025215456899,7824,785.5,880.5
384.25,19.030348823484,7826,379.5,389.0
394.25,19.032031057294,7827,388.5,400.0
406.25,19.033947374439,7828,399.5,413.0
419.25,19.035805525398,7829,412.5,426.0
433.75,19.03876265885,7830,425.5,442.0
450.75,19.040445560233,7831,441.5,460.0
471.75,19.042127424494,7832,459.5,484.0
496.25,19.044043125725,7833,483.5,509.0
523.25,19.045907292779,7834,508.5,538.0
554.75,19.047765773551,7835,537.5,572.0
590.75,19.051588390287,7836,571.5,610.0
632.75,19.053451810296,7837,609.5,656.0
685.25,19.055315909799,7838,655.5,715.0
750.25,19.057174275335,7839,714.5,786.0
833.0,19.061047643439,7840,785.5,880.5
384.25,19.066420143859,7842,379.5,389.0
394.25,19.068102957821,7843,388.5,400.0
406.25,19.070019358412,7844,399.5,413.0
419.25,19.071877990182,7845,412.5,426.0
433.75,19.074725892162,7846,425.5,442.0
450.75,19.076407641188,7847,441.5,460.0
471.75,19.078095640755,7848,459.5,484.0
496.25,19.079960141595,7849,483.5,509.0
523.25,19.081818658129,7850,508.5,538.0
554.75,19.083728573736,7851,537.5,572.0
590.75,19.086687157567,7852,571.5,610.0
632.75,19.088413109398,7853,609.5,656.0
685.25,19.090271741168,7854,655.5,715.0
750.25,19.092181108411,7855,714.5,786.0
833.0,19.096063409265,7856,785.5,880.5
384.25,19.102412873522,7858,379.5,389.0
394.25,19.10409494044,7859,388.5,400.0
406.25,19.106014293448,7860,399.5,413.0
419.25,19.107872126516,7861,412.5,426.0
433.75,19.111058058357,7862,425.5,442.0
450.75,19.11274049085,7863,441.5,460.0
471.75,19.114428557968,7864,459.5,484.0
496.25,19.116286792374,7865,483.5,509.0
523.25,19.118203375753,7866,508.5,538.0
554.75,19.12006145916,7867,537.5,572.0
590.75,19.12297887605,7868,571.5,610.0
632.75,19.124666390832,7869,609.5,656.0
685.25,19.126524724579,7870,655.5,715.0
750.25,19.128435824331,7871,714.5,786.0
833.0,19.132311342176,7872,785.5,880.5
384.25,19.13720545969,7874,379.5,389.0
394.25,19.138893491046,7875,388.5,400.0
406.25,19.140758158779,7876,399.5,413.0
419.25,19.142616941547,7877,412.5,426.0
433.75,19.145680091794,7878,425.5,442.0
450.75,19.147362242158,7879,441.5,460.0
471.75,19.149049741046,7880,459.5,484.0
496.25,19.150914424674,7881,483.5,509.0
523.25,19.152772357082,7882,508.5,538.0
554.75,19.154683540281,7883,537.5,572.0
590.75,19.157332557456,7884,571.5,610.0
632.75,19.159195925808,7885,609.5,656.0
685.25,19.16106027565,7886,655.5,715.0
750.25,19.162918474293,7887,714.5,786.0
833.0,19.166795076942,7888,785.5,880.5
384.25,19.171984257317,7890,379.5,389.0
394.25,19.173711727079,7891,388.5,400.0
406.25,19.175631556924,7892,399.5,413.0
419.25,19.177489807224,7893,412.5,426.0
433.75,19.180399209277,7894,425.5,442.0
450.75,19.182081558323,7895,441.5,460.0
471.75,19.183763891474,7896,459.5,484.0
496.25,19.185451823489,7897,483.5,509.0
523.25,19.187315891202,7898,508.5,538.0
554.75,19.189173859374,7899,537.5,572.0
590.75,19.191497757053,7900,571.5,610.0
632.75,19.193362257894,7901,609.5,656.0
685.25,19.195226393159,7902,655.5,715.0
750.25,19.197084659354,7903,714.5,786.0
833.0,19.200974406815,7904,785.5,880.5
384.25,19.207164325333,7906,379.5,389.0
394.25,19.209033693886,7907,388.5,400.0
406.25,19.210901441193,7908,399.5,413.0
419.25,19.212759659704,7909,412.5,426.0
433.75,19.215473157183,7910,425.5,442.0
450.75,19.217155092971,7911,441.5,460.0
471.75,19.218837724145,7912,459.5,484.0
496.25,19.220525123692,7913,483.5,509.0
523.25,19.222383509096,7914,508.5,538.0
554.75,19.224065508461,7915,537.5,572.0
590.75,19.226360557493,7916,571.5,610.0
632.75,19.228224740442,7917,609.5,656.0
685.25,19.230084242439,7918,655.5,715.0
750.25,19.232015023645,7919,714.5,786.0
833.0,19.235890024916,7920,785.5,880.5
384.25,19.240696257369,7922,379.5,389.0
394.25,19.242560658868,7923,388.5,400.0
406.25,19.244424758371,7924,399.5,413.0
419.25,19.246283092117,7925,412.5,426.0
433.75,19.249103325621,7926,425.5,442.0
450.75,19.250785559432,7927,441.5,460.0
471.75,19.252473340448,7928,459.5,484.0
496.25,19.254155808703,7929,483.5,509.0
523.25,19.256065907097,7930,508.5,538.0
554.75,19.257748140907,7931,537.5,572.0
590.75,19.26038347683,7932,571.5,610.0
632.75,19.262247242546,7933,609.5,656.0
685.25,19.264105691528,7934,655.5,715.0
750.25,19.266015523688,7935,714.5,786.0
833.0,19.269071175671,7936,785.5,880.5
384.25,19.276344690736,7938,379.5,389.0
394.25,19.278208774344,7939,388.5,400.0
406.25,19.280067108091,7940,399.5,413.0
419.25,19.281976960119,7941,412.5,426.0
433.75,19.284425940132,7942,425.5,442.0
450.75,19.286108173943,7943,441.5,460.0
471.75,19.287790026283,7944,459.5,484.0
496.25,19.289700959142,7945,483.5,509.0
523.25,19.291382676379,7946,508.5,538.0
554.75,19.293293891366,7947,537.5,572.0
590.75,19.296425857162,7948,571.5,610.0
632.75,19.298289408302,7949,609.5,656.0
685.25,19.300153507805,7950,655.5,715.0
750.25,19.30201237402,7951,714.5,786.0
833.0,19.304686373488,7952,785.5,880.5
384.25,19.309923873361,7954,379.5,389.0
394.25,19.311787774181,7955,388.5,400.0
406.25,19.313646227137,7956,399.5,413.0
419.25,19.315328425185,7957,412.5,426.0
433.75,19.317912373956,7958,425.5,442.0
450.75,19.319594607766,7959,441.5,460.0
471.75,19.321276940918,7960,459.5,484.0
496.25,19.323193174616,7961,483.5,509.0
523.25,19.325057675457,7962,508.5,538.0
554.75,19.326915925757,7963,537.5,572.0
590.75,19.329884308592,7964,571.5,610.0
632.75,19.331747426605,7965,609.5,656.0
685.25,19.333605859693,7966,655.5,715.0
750.25,19.335517909145,7967,714.5,786.0
833.0,19.339403059101,7968,785.5,880.5
384.25,19.344574775314,7970,379.5,389.0
394.25,19.346438743687,7971,388.5,400.0
406.25,19.348296791331,7972,399.5,413.0
419.25,19.350221790886,7973,412.5,426.0
433.75,19.353241827106,7974,425.5,442.0
450.75,19.354924259599,7975,441.5,460.0
471.75,19.356611957169,7976,459.5,484.0
496.25,19.358470191574,7977,483.5,509.0
523.25,19.360158624268,7978,508.5,538.0
554.75,19.362017625586,7979,537.5,572.0
590.75,19.365045958773,7980,571.5,610.0
632.75,19.366909676806,7981,609.5,656.0
685.25,19.368773374971,7982,655.5,715.0
750.25,19.370632209396,7983,714.5,786.0
833.0,19.374517526245,7984,785.5,880.5
384.25,19.379396790282,7986,379.5,389.0
394.25,19.381255008793,7987,388.5,400.0
406.25,19.383172192192,7988,399.5,413.0
419.25,19.385030593491,7989,412.5,426.0
433.75,19.387674258169,7990,425.5,442.0
450.75,19.389356523768,7991,441.5,460.0
471.75,19.39104472599,7992,459.5,484.0
496.25,19.392902960396,7993,483.5,509.0
523.25,19.394584876315,7994,508.5,538.0
554.75,19.3964952926,7995,537.5,572.0
590.75,19.400014493879,7996,571.5,610.0
632.75,19.401878974851,7997,609.5,656.0
685.25,19.403737709936,7998,655.5,715.0
750.25,19.405647275861,7999,714.5,786.0
833.0,19.409532608604,8000,785.5,880.5
384.25,19.414456425126,8002,379.5,389.0
394.25,19.416314925766,8003,388.5,400.0
406.25,19.418231040255,8004,399.5,413.0
419.25,19.420089457448,8005,412.5,426.0
433.75,19.42269145848,8006,425.5,442.0
450.75,19.424373890972,8007,441.5,460.0
471.75,19.426061775303,8008,459.5,484.0
496.25,19.427743643538,8009,483.5,509.0
523.25,19.429425956821,8010,508.5,538.0
554.75,19.431336774445,8011,537.5,572.0
590.75,19.434617926693,8012,571.5,610.0
632.75,19.436481509622,8013,609.5,656.0
685.25,19.438340574519,8014,655.5,715.0
750.25,19.44025157493,8015,714.5,786.0
833.0,19.444131507492,8016,785.5,880.5
384.25,19.451022193845,8018,379.5,389.0
394.25,19.452880607065,8019,388.5,400.0
406.25,19.45479727389,8020,399.5,413.0
419.25,19.456655540085,8021,412.5,426.0
433.75,19.459096509234,8022,425.5,442.0
450.75,19.460778441048,8023,441.5,460.0
471.75,19.462466539955,8024,459.5,484.0
496.25,19.46423480711,8025,483.5,509.0
523.25,19.46609292628,8026,508.5,538.0
554.75,19.468004375712,8027,537.5,572.0
590.75,19.471232241408,8028,571.5,610.0
632.75,19.47309599123,8029,609.5,656.0
685.25,19.474960225836,8030,655.5,715.0
750.25,19.476818674819,8031,714.5,786.0
833.0,19.480696274853,8032,785.5,880.5
384.25,19.486183609581,8034,379.5,389.0
394.25,19.488047891871,8035,388.5,400.0
406.25,19.489911840375,8036,399.5,413.0
419.25,19.491770126438,8037,412.5,426.0
433.75,19.494643642521,8038,425.5,442.0
450.75,19.496325991567,8039,441.5,460.0
471.75,19.498013959344,8040,459.5,484.0
496.25,19.499780040995,8041,483.5,509.0
523.25,19.501637691275,8042,508.5,538.0
554.75,19.503548910236,8043,537.5,572.0
590.75,19.50673589112,8044,571.5,610.0
632.75,19.508599489943,8045,609.5,656.0
685.25,19.510458225028,8046,655.5,715.0
750.25,19.512368057187,8047,714.5,786.0
833.0,19.516245140648,8048,785.5,880.5
384.25,19.522473210112,8050,379.5,389.0
394.25,19.524336991723,8051,388.5,400.0
406.25,19.526201508458,8052,399.5,413.0
419.25,19.528059707101,8053,412.5,426.0
433.75,19.530738224602,8054,425.5,442.0
450.75,19.532420323308,8055,441.5,460.0
471.75,19.534102374331,8056,459.5,484.0
496.25,19.536020392195,8057,483.5,509.0
523.25,19.53787865839,8058,508.5,538.0
554.75,19.539788510418,8059,537.5,572.0
590.75,19.542821174876,8060,571.5,610.0
632.75,19.544684606806,8061,609.5,656.0
685.25,19.546549409644,8062,655.5,715.0
750.25,19.548408077176,8063,714.5,786.0
833.0,19.552293556945,8064,785.5,880.5
384.25,19.558276377137,8066,379.5,389.0
394.25,19.560140957451,8067,388.5,400.0
406.25,19.562005192057,8068,399.5,413.0
419.25,19.563863509909,8069,412.5,426.0
433.75,19.566620141284,8070,425.5,442.0
450.75,19.568302375094,8071,441.5,460.0
471.75,19.569984326776,8072,459.5,484.0
496.25,19.571666493034,8073,483.5,509.0
523.25,19.573582623418,8074,508.5,538.0
554.75,19.57544059159,8075,537.5,572.0
590.75,19.57872942489,8076,571.5,610.0
632.75,19.580417607244,8077,609.5,656.0
685.25,19.582281674957,8078,655.5,715.0
750.25,19.584139992809,8079,714.5,786.0
833.0,19.58802550834,8080,785.5,880.5
384.25,19.594243242359,8082,379.5,389.0
394.25,19.595931075033,8083,388.5,400.0
406.25,19.59779519043,8084,399.5,413.0
419.25,19.599653106944,8085,412.5,426.0
433.75,19.602818256632,8086,425.5,442.0
450.75,19.604506176726,8087,441.5,460.0
471.75,19.606232541815,8088,459.5,484.0
496.25,19.607920124149,8089,483.5,509.0
523.25,19.60977847379,8090,508.5,538.0
554.75,19.611687992032,8091,537.5,572.0
590.75,19.615196841971,8092,571.5,610.0
632.75,19.616884257412,8093,609.5,656.0
685.25,19.618742173926,8094,655.5,715.0
750.25,19.620652407424,8095,714.5,786.0
833.0,19.624541173395,8096,785.5,880.5
384.25,19.629135340468,8098,379.5,389.0
394.25,19.630817693488,8099,388.5,400.0
406.25,19.632733656979,8100,399.5,413.0
419.25,19.634591490046,8101,412.5,426.0
433.75,19.638095559692,8102,425.5,442.0
450.75,19.639777292824,8103,441.5,460.0
471.75,19.64146024189,8104,459.5,484.0
496.25,19.643142157809,8105,483.5,509.0
523.25,19.644824840641,8106,508.5,538.0
554.75,19.646735741711,8107,537.5,572.0
590.75,19.650290892537,8108,571.5,610.0
632.75,19.651978474871,8109,609.5,656.0
685.25,19.653836443043,8110,655.5,715.0
750.25,19.655759825325,8111,714.5,786.0
833.0,19.659638891633,8112,785.5,880.5
384.25,19.664472740904,8114,379.5,389.0
394.25,19.666155089951,8115,388.5,400.0
406.25,19.668077307955,8116,399.5,413.0
419.25,19.669935943699,8117,412.5,426.0
433.75,19.673169058577,8118,425.5,442.0
450.75,19.674851407623,8119,441.5,460.0
471.75,19.676533275859,8120,459.5,484.0
496.25,19.67821560901,8121,483.5,509.0
523.25,19.679898323631,8122,508.5,538.0
554.75,19.681809741275,8123,537.5,572.0
590.75,19.68568850956,8124,571.5,610.0
632.75,19.68737639389,8125,609.5,656.0
685.25,19.689058643595,8126,655.5,715.0
750.25,19.69096896054,8127,714.5,786.0
833.0,19.694854690647,8128,785.5,880.5
384.25,19.69995787344,8130,379.5,389.0
394.25,19.701816890653,8131,388.5,400.0
406.25,19.703733676688,8132,399.5,413.0
419.25,19.705591493861,8133,412.5,426.0
433.75,19.708541526413,8134,425.5,442.0
450.75,19.710223927116,8135,441.5,460.0
471.75,19.711905576801,8136,459.5,484.0
496.25,19.713592976348,8137,483.5,509.0
523.25,19.715379943466,8138,508.5,538.0
554.75,19.717289008713,8139,537.5,572.0
590.75,19.720128124968,8140,571.5,610.0
632.75,19.721815623856,8141,609.5,656.0
685.25,19.723679476992,8142,655.5,715.0
750.25,19.725537842528,8143,714.5,786.0
833.0,19.72941947581,8144,785.5,880.5
384.25,19.734869056956,8146,379.5,389.0
394.25,19.736726925786,8147,388.5,400.0
406.25,19.738642710463,8148,399.5,413.0
419.25,19.740501024342,8149,412.5,426.0
433.75,19.743358276304,8150,425.5,442.0
450.75,19.745040510114,8151,441.5,460.0
471.75,19.746722358481,8152,459.5,484.0
496.25,19.748410274601,8153,483.5,509.0
523.25,19.750274990018,8154,508.5,538.0
554.75,19.752133109188,8155,537.5,572.0
590.75,19.75468704106,8156,571.5,610.0
632.75,19.756374476369,8157,609.5,656.0
685.25,19.758232675012,8158,655.5,715.0
750.25,19.760161457475,8159,714.5,786.0
833.0,19.764034758027,8160,785.5,880.5
384.25,19.770609376844,8162,379.5,389.0
394.25,19.772467376804,8163,388.5,400.0
406.25,19.774155590947,8164,399.5,413.0
419.25,19.776014008141,8165,412.5,426.0
433.75,19.778533659395,8166,425.5,442.0
450.75,19.780215543524,8167,441.5,460.0
471.75,19.781897773361,8168,459.5,484.0
496.25,19.783585375563,8169,483.5,509.0
523.25,19.78544384044,8170,508.5,538.0
554.75,19.787367707507,8171,537.5,572.0
590.75,19.789639010048,8172,571.5,610.0
632.75,19.791327041403,8173,609.5,656.0
685.25,19.793186491744,8174,655.5,715.0
750.25,19.795095692094,8175,714.5,786.0
833.0,19.798983309682,8176,785.5,880.5
384.25,19.803554723676,8178,379.5,389.0
394.25,19.805419808642,8179,388.5,400.0
406.25,19.807107824103,8180,399.5,413.0
419.25,19.808966642634,8181,412.5,426.0
433.75,19.811576424058,8182,425.5,442.0
450.75,19.813258574422,8183,441.5,460.0
471.75,19.81494064134,8184,459.5,484.0
496.25,19.816628124332,8185,483.5,509.0
523.25,19.818361459192,8186,508.5,538.0
554.75,19.82027179203,8187,537.5,572.0
590.75,19.822527625179,8188,571.5,610.0
632.75,19.824391541894,8189,609.5,656.0
685.25,19.826255224164,8190,655.5,715.0
750.25,19.828113009548,8191,714.5,786.0
833.0,19.831999276098,8192,785.5,880.5
384.25,19.836666025734,8194,379.5,389.0
394.25,19.838530208683,8195,388.5,400.0
406.25,19.840394808865,8196,399.5,413.0
419.25,19.842253142611,8197,412.5,426.0
433.75,19.844991209126,8198,425.5,442.0
450.75,19.846678525225,8199,441.5,460.0
471.75,19.848536858972,8200,459.5,484.0
496.25,19.850225124772,8201,483.5,509.0
523.25,19.852089426931,8202,508.5,538.0
554.75,19.853947792466,8203,537.5,572.0
590.75,19.856347360229,8204,571.5,610.0
632.75,19.858210692819,8205,609.5,656.0
685.25,19.860074975109,8206,655.5,715.0
750.25,19.861933308856,8207,714.5,786.0
833.0,19.865814576562,8208,785.5,880.5
384.25,19.873054426924,8210,379.5,389.0
394.25,19.874918307877,8211,388.5,400.0
406.25,19.876776442941,8212,399.5,413.0
419.25,19.878458708541,8213,412.5,426.0
433.75,19.880902642028,8214,425.5,442.0
450.75,19.882584776497,8215,441.5,460.0
471.75,19.884267741458,8216,459.5,484.0
496.25,19.885955625788,8217,483.5,509.0
523.25,19.887819308058,8218,508.5,538.0
554.75,19.889682791646,8219,537.5,572.0
590.75,19.892605608718,8220,571.5,610.0
632.75,19.894469124095,8221,609.5,656.0
685.25,19.896333223597,8222,655.5,715.0
750.25,19.898191175874,8223,714.5,786.0
833.0,19.902079393482,8224,785.5,880.5
384.25,19.907422190921,8226,379.5,389.0
394.25,19.909286524868,8227,388.5,400.0
406.25,19.911144826825,8228,399.5,413.0
419.25,19.912826977189,8229,412.5,426.0
433.75,19.915677458064,8230,425.5,442.0
450.75,19.917359409746,8231,441.5,460.0
471.75,19.919042740281,8232,459.5,484.0
496.25,19.920730243142,8233,483.5,509.0
523.25,19.922594541327,8234,508.5,538.0
554.75,19.924452457841,8235,537.5,572.0
590.75,19.927347375965,8236,571.5,610.0
632.75,19.929210875448,8237,609.5,656.0
685.25,19.931075006739,8238,655.5,715.0
750.25,19.932933241145,8239,714.5,786.0
833.0,19.936811242517,8240,785.5,880.5
384.25,19.943901457405,8242,379.5,389.0
394.25,19.945765660222,8243,388.5,400.0
406.25,19.947630240536,8244,399.5,413.0
419.25,19.949488490836,8245,412.5,426.0
433.75,19.952174009895,8246,425.5,442.0
450.75,19.953856243706,8247,441.5,460.0
471.75,19.955538576857,8248,459.5,484.0
496.25,19.957226576424,8249,483.5,509.0
523.25,19.959084973749,8250,508.5,538.0
554.75,19.960994841671,8251,537.5,572.0
590.75,19.964121208604,8252,571.5,610.0
632.75,19.965984807428,8253,609.5,656.0
685.25,19.967848990377,8254,655.5,715.0
750.25,19.969707340018,8255,714.5,786.0
833.0,19.973593658225,8256,785.5,880.5
384.25,19.980408340708,8258,379.5,389.0
394.25,19.982272293186,8259,388.5,400.0
406.25,19.984130257384,8260,399.5,413.0
419.25,19.986054160213,8261,412.5,426.0
433.75,19.989042224503,8262,425.5,442.0
450.75,19.990724390761,8263,441.5,460.0
471.75,19.992407224592,8264,459.5,484.0
496.25,19.994094842688,8265,483.5,509.0
523.25,19.995953208224,8266,508.5,538.0
554.75,19.997864041742,8267,537.5,572.0
590.75,20.00079067351,8268,571.5,610.0
632.75,20.002509810543,8269,609.5,656.0
685.25,20.004368259525,8270,655.5,715.0
750.25,20.006277674452,8271,714.5,786.0
833.0,20.010157726224,8272,785.5,880.5
384.25,20.017897393322,8274,379.5,389.0
394.25,20.019761508719,8275,388.5,400.0
406.25,20.02163444163,8276,399.5,413.0
419.25,20.023493140952,8277,412.5,426.0
433.75,20.026560324446,8278,425.5,442.0
450.75,20.028242756939,8279,441.5,460.0
471.75,20.029924927171,8280,459.5,484.0
496.25,20.031612890975,8281,483.5,509.0
523.25,20.033470823383,8282,508.5,538.0
554.75,20.035381740348,8283,537.5,572.0
590.75,20.038405273374,8284,571.5,610.0
632.75,20.040221923606,8285,609.5,656.0
685.25,20.042086027082,8286,655.5,715.0
750.25,20.043944543616,8287,714.5,786.0
833.0,20.047822942352,8288,785.5,880.5
384.25,20.053722308095,8290,379.5,389.0
394.25,20.055586506939,8291,388.5,400.0
406.25,20.057450610415,8292,399.5,413.0
419.25,20.059308741506,8293,412.5,426.0
433.75,20.062430642064,8294,425.5,442.0
450.75,20.064112426853,8295,441.5,460.0
471.75,20.065794859346,8296,459.5,484.0
496.25,20.067482743676,8297,483.5,509.0
523.25,20.069346958415,8298,508.5,538.0
554.75,20.071205276267,8299,537.5,572.0
590.75,20.074144858138,8300,571.5,610.0
632.75,20.075832357025,8301,609.5,656.0
685.25,20.077690690772,8302,655.5,715.0
750.25,20.079602493858,8303,714.5,786.0
833.0,20.083487973626,8304,785.5,880.5
384.25,20.089186507479,8306,379.5,389.0
394.25,20.091051159318,8307,388.5,400.0
406.25,20.092908642705,8308,399.5,413.0
419.25,20.09482075971,8309,412.5,426.0
433.75,20.097232260323,8310,425.5,442.0
450.75,20.098914092795,8311,441.5,460.0
471.75,20.100596926626,8312,459.5,484.0
496.25,20.102284826851,8313,483.5,509.0
523.25,20.104149041589,8314,508.5,538.0
554.75,20.106007375336,8315,537.5,572.0
590.75,20.109076108551,8316,571.5,610.0
632.75,20.11076414388,8317,609.5,656.0
685.25,20.112628791746,8318,655.5,715.0
750.25,20.114486990388,8319,714.5,786.0
833.0,20.118369859473,8320,785.5,880.5
384.25,20.124943341827,8322,379.5,389.0
394.25,20.126807290332,8323,388.5,400.0
406.25,20.128671242809,8324,399.5,413.0
419.25,20.130529576556,8325,412.5,426.0
433.75,20.132855659739,8326,425.5,442.0
450.75,20.134537810103,8327,441.5,460.0
471.75,20.136220159149,8328,459.5,484.0
496.25,20.137902706877,8329,483.5,509.0
523.25,20.139819775041,8330,508.5,538.0
554.75,20.141677608109,8331,537.5,572.0
590.75,20.144524023946,8332,571.5,610.0
632.75,20.146211526807,8333,609.5,656.0
685.25,20.148075642204,8334,655.5,715.0
750.25,20.149933658059,8335,714.5,786.0
833.0,20.153818792121,8336,785.5,880.5
384.25,20.15855149231,8338,379.5,389.0
394.25,20.160409826056,8339,388.5,400.0
406.25,20.162091992315,8340,399.5,413.0
419.25,20.164002106603,8341,412.5,426.0
433.75,20.166302508132,8342,425.5,442.0
450.75,20.167984459813,8343,441.5,460.0
471.75,20.169667790349,8344,459.5,484.0
496.25,20.17135529321,8345,483.5,509.0
523.25,20.173219392713,8346,508.5,538.0
554.75,20.175077507909,8347,537.5,572.0
590.75,20.177568691985,8348,571.5,610.0
632.75,20.179256325976,8349,609.5,656.0
685.25,20.181114643828,8350,655.5,715.0
750.25,20.183026041603,8351,714.5,786.0
833.0,20.186900526301,8352,785.5,880.5
384.25,20.193302025414,8354,379.5,389.0
394.25,20.194984457906,8355,388.5,400.0
406.25,20.196672242896,8356,399.5,413.0
419.25,20.198530660089,8357,412.5,426.0
433.75,20.20108077329,8358,425.5,442.0
450.75,20.202762923654,8359,441.5,460.0
471.75,20.204444875336,8360,459.5,484.0
496.25,20.206132390118,8361,483.5,509.0
523.25,20.207991009967,8362,508.5,538.0
554.75,20.209902042166,8363,537.5,572.0
590.75,20.212572358068,8364,571.5,610.0
632.75,20.214259876823,8365,609.5,656.0
685.25,20.216124008115,8366,655.5,715.0
750.25,20.217982393519,8367,714.5,786.0
833.0,20.221866208331,8368,785.5,880.5
384.25,20.22735727431,8370,379.5,389.0
394.25,20.229220773792,8371,388.5,400.0
406.25,20.231079560534,8372,399.5,413.0
419.25,20.232989543692,8373,412.5,426.0
433.75,20.236179123338,8374,425.5,442.0
450.75,20.237861559804,8375,441.5,460.0
471.75,20.239543392277,8376,459.5,484.0
496.25,20.241231892522,8377,483.5,509.0
523.25,20.243096973515,8378,508.5,538.0
554.75,20.244955307261,8379,537.5,572.0
590.75,20.247773359235,8380,571.5,610.0
632.75,20.249460842228,8381,609.5,656.0
685.25,20.25131989123,8382,655.5,715.0
750.25,20.253229226685,8383,714.5,786.0
833.0,20.257114658769,8384,785.5,880.5
384.25,20.264086924012,8386,379.5,389.0
394.25,20.265951142724,8387,388.5,400.0
406.25,20.267815142886,8388,399.5,413.0
419.25,20.269673273977,8389,412.5,426.0
433.75,20.272690723356,8390,425.5,442.0
450.75,20.27437287372,8391,441.5,460.0
471.75,20.276055290318,8392,459.5,484.0
496.25,20.277737842019,8393,483.5,509.0
523.25,20.279654226716,8394,508.5,538.0
554.75,20.281512826697,8395,537.5,572.0
590.75,20.284538040574,8396,571.5,610.0
632.75,20.286225475883,8397,609.5,656.0
685.25,20.288083674526,8398,655.5,715.0
750.25,20.289994893487,8399,714.5,786.0
833.0,20.2938948095,8400,785.5,880.5
384.25,20.299246976789,8402,379.5,389.0
394.25,20.301110873636,8403,388.5,400.0
406.25,20.302975457923,8404,399.5,413.0
419.25,20.30483389101,8405,412.5,426.0
433.75,20.307942873255,8406,425.5,442.0
450.75,20.309624856726,8407,441.5,460.0
471.75,20.311306593831,8408,459.5,484.0
496.25,20.312994259612,8409,483.5,509.0
523.25,20.314852426465,8410,508.5,538.0
554.75,20.316763657347,8411,537.5,572.0
590.75,20.319789109643,8412,571.5,610.0
632.75,20.321476525084,8413,609.5,656.0
685.25,20.323340743796,8414,655.5,715.0
750.25,20.325199141121,8415,714.5,786.0
833.0,20.329077976958,8416,785.5,880.5
384.25,20.334243275738,8418,379.5,389.0
394.25,20.336102157847,8419,388.5,400.0
406.25,20.338019190248,8420,399.5,413.0
419.25,20.339877225971,8421,412.5,426.0
433.75,20.342889108276,8422,425.5,442.0
450.75,20.344571290429,8423,441.5,460.0
471.75,20.346253607686,8424,459.5,484.0
496.25,20.347935543474,8425,483.5,509.0
523.25,20.349618091202,8426,508.5,538.0
554.75,20.351532791074,8427,537.5,572.0
590.75,20.354578342056,8428,571.5,610.0
632.75,20.35626579326,8429,609.5,656.0
685.25,20.358124075349,8430,655.5,715.0
750.25,20.360033839957,8431,714.5,786.0
833.0,20.36391014061,8432,785.5,880.5
384.25,20.368721991793,8434,379.5,389.0
394.25,20.370585892614,8435,388.5,400.0
406.25,20.372288658237,8436,399.5,413.0
419.25,20.374147007879,8437,412.5,426.0
433.75,20.377139725304,8438,425.5,442.0
450.75,20.378821990903,8439,441.5,460.0
471.75,20.380504240608,8440,459.5,484.0
496.25,20.382186426735,8441,483.5,509.0
523.25,20.383868724124,8442,508.5,538.0
554.75,20.385779140409,8443,537.5,572.0
590.75,20.389664206918,8444,571.5,610.0
632.75,20.391528258737,8445,609.5,656.0
685.25,20.393392843024,8446,655.5,715.0
750.25,20.395251176771,8447,714.5,786.0
833.0,20.399124989923,8448,785.5,880.5
384.25,20.404158792909,8450,379.5,389.0
394.25,20.406023007647,8451,388.5,400.0
406.25,20.407887440936,8452,399.5,413.0
419.25,20.409745325661,8453,412.5,426.0
433.75,20.412807792441,8454,425.5,442.0
450.75,20.414490757402,8455,441.5,460.0
471.75,20.416172442849,8456,459.5,484.0
496.25,20.417859973526,8457,483.5,509.0
523.25,20.419542843119,8458,508.5,538.0
554.75,20.421454240894,8459,537.5,572.0
590.75,20.424210407352,8460,571.5,610.0
632.75,20.425898041344,8461,609.5,656.0
685.25,20.427767175452,8462,655.5,715.0
750.25,20.429625493304,8463,714.5,786.0
833.0,20.433507424609,8464,785.5,880.5
384.25,20.440074660397,8466,379.5,389.0
394.25,20.44176249307,8467,388.5,400.0
406.25,20.443620826817,8468,399.5,413.0
419.25,20.445303275204,8469,412.5,426.0
433.75,20.448820306873,8470,425.5,442.0
450.75,20.450502075768,8471,441.5,460.0
471.75,20.45218497715,8472,459.5,484.0
496.25,20.4538730244,8473,483.5,509.0
523.25,20.455737509346,8474,508.5,538.0
554.75,20.457595509307,8475,537.5,572.0
590.75,20.460199091848,8476,571.5,610.0
632.75,20.461881691233,8477,609.5,656.0
685.25,20.463569925245,8478,655.5,715.0
750.25,20.465427543736,8479,714.5,786.0
833.0,20.469305259005,8480,785.5,880.5
384.25,20.473935490863,8482,379.5,389.0
394.25,20.475617859777,8483,388.5,400.0
406.25,20.477528276062,8484,399.5,413.0
419.25,20.479210426426,8485,412.5,426.0
433.75,20.482166276391,8486,425.5,442.0
450.75,20.483848375098,8487,441.5,460.0
471.75,20.485530791696,8488,459.5,484.0
496.25,20.4872182429,8489,483.5,509.0
523.25,20.489076556778,8490,508.5,538.0
554.75,20.490987191614,8491,537.5,572.0
590.75,20.494162509855,8492,571.5,610.0
632.75,20.495844942347,8493,609.5,656.0
685.25,20.497532826678,8494,655.5,715.0
750.25,20.499390774981,8495,714.5,786.0
833.0,20.503270842648,8496,785.5,880.5
384.25,20.508168226496,8498,379.5,389.0
394.25,20.509850392755,8499,388.5,400.0
406.25,20.511766058222,8500,399.5,413.0
419.25,20.513624407864,8501,412.5,426.0
433.75,20.51669324042,8502,425.5,442.0
450.75,20.51837547423,8503,441.5,460.0
471.75,20.520057441807,8504,459.5,484.0
496.25,20.521739592171,8505,483.5,509.0
523.25,20.523655356979,8506,508.5,538.0
554.75,20.525513690726,8507,537.5,572.0
590.75,20.528499108569,8508,571.5,610.0
632.75,20.530181358274,8509,609.5,656.0
685.25,20.53186370732,8510,655.5,715.0
750.25,20.533785543855,8511,714.5,786.0
833.0,20.537297024345,8512,785.5,880.5
384.25,20.542641176796,8514,379.5,389.0
394.25,20.544499140994,8515,388.5,400.0
406.25,20.546415791925,8516,399.5,413.0
419.25,20.548184909439,8517,412.5,426.0
433.75,20.551156359927,8518,425.5,442.0
450.75,20.552838708973,8519,441.5,460.0
471.75,20.554520859337,8520,459.5,484.0
496.25,20.556202473259,8521,483.5,509.0
523.25,20.558120526886,8522,508.5,538.0
554.75,20.559978856659,8523,537.5,572.0
590.75,20.562925110277,8524,571.5,610.0
632.75,20.564612525717,8525,609.5,656.0
685.25,20.566470843569,8526,655.5,715.0
750.25,20.56838137509,8527,714.5,786.0
833.0,20.571016691144,8528,785.5,880.5
384.25,20.575618257141,8530,379.5,389.0
394.25,20.577476523336,8531,388.5,400.0
406.25,20.579159508165,8532,399.5,413.0
419.25,20.580842206891,8533,412.5,426.0
433.75,20.583161626275,8534,425.5,442.0
450.75,20.584849125163,8535,441.5,460.0
471.75,20.586707359568,8536,459.5,484.0
496.25,20.588389609273,8537,483.5,509.0
523.25,20.590305958207,8538,508.5,538.0
554.75,20.592164609845,8539,537.5,572.0
590.75,20.595423426247,8540,571.5,610.0
632.75,20.59728702507,8541,609.5,656.0
685.25,20.599151223914,8542,655.5,715.0
750.25,20.60100955766,8543,714.5,786.0
833.0,20.604042075094,8544,785.5,880.5
384.25,20.610089610036,8546,379.5,389.0
394.25,20.611947943783,8547,388.5,400.0
406.25,20.613630110041,8548,399.5,413.0
419.25,20.615312109407,8549,412.5,426.0
433.75,20.617556291835,8550,425.5,442.0
450.75,20.619243925826,8551,441.5,460.0
471.75,20.621102593358,8552,459.5,484.0
496.25,20.622790791607,8553,483.5,509.0
523.25,20.624649141248,8554,508.5,538.0
554.75,20.626561643696,8555,537.5,572.0
590.75,20.629297039922,8556,571.5,610.0
632.75,20.631160440063,8557,609.5,656.0
685.25,20.633018793678,8558,655.5,715.0
750.25,20.63492869339,8559,714.5,786.0
833.0,20.638464091237,8560,785.5,880.5
384.25,20.643009577211,8562,379.5,389.0
394.25,20.644873676713,8563,388.5,400.0
406.25,20.646655374781,8564,399.5,413.0
419.25,20.648337624486,8565,412.5,426.0
433.75,20.650592893378,8566,425.5,442.0
450.75,20.652280292924,8567,441.5,460.0
471.75,20.654139206823,8568,459.5,484.0
496.25,20.655827126916,8569,483.5,509.0
523.25,20.657554191367,8570,508.5,538.0
554.75,20.659412525113,8571,537.5,572.0
590.75,20.662717892742,8572,571.5,610.0
632.75,20.664581475671,8573,609.5,656.0
685.25,20.666446326192,8574,655.5,715.0
750.25,20.668304723517,8575,714.5,786.0
833.0,20.67218029302,8576,785.5,880.5
384.25,20.677010025597,8578,379.5,389.0
394.25,20.678868260002,8579,388.5,400.0
406.25,20.680778692182,8580,399.5,413.0
419.25,20.682460560417,8581,412.5,426.0
433.75,20.684866791979,8582,425.5,442.0
450.75,20.686549141026,8583,441.5,460.0
471.75,20.688231390731,8584,459.5,484.0
496.25,20.689920359866,8585,483.5,509.0
523.25,20.691784975942,8586,508.5,538.0
554.75,20.693643273926,8587,537.5,572.0
590.75,20.696835460281,8588,571.5,610.0
632.75,20.698522959169,8589,609.5,656.0
685.25,20.700380859788,8590,655.5,715.0
750.25,20.70229220988,8591,714.5,786.0
833.0,20.70617930692,8592,785.5,880.5
384.25,20.711329656855,8594,379.5,389.0
394.25,20.71301202577,8595,388.5,400.0
406.25,20.714933874226,8596,399.5,413.0
419.25,20.716792907333,8597,412.5,426.0
433.75,20.719491193708,8598,425.5,442.0
450.75,20.721173340098,8599,441.5,460.0
471.75,20.722855792459,8600,459.5,484.0
496.25,20.724543374793,8601,483.5,509.0
523.25,20.72640749019,8602,508.5,538.0
554.75,20.728265843805,8603,537.5,572.0
590.75,20.73120124143,8604,571.5,610.0
632.75,20.732883292452,8605,609.5,656.0
685.25,20.734565808392,8606,655.5,715.0
750.25,20.736476240571,8607,714.5,786.0
833.0,20.7403609574,8608,785.5,880.5
384.25,20.745180390294,8610,379.5,389.0
394.25,20.746868473307,8611,388.5,400.0
406.25,20.748732493337,8612,399.5,413.0
419.25,20.75059091053,8613,412.5,426.0
433.75,20.753239125029,8614,425.5,442.0
450.75,20.75492135884,8615,441.5,460.0
471.75,20.756603676097,8616,459.5,484.0
496.25,20.758286140378,8617,483.5,509.0
523.25,20.760202827072,8618,508.5,538.0
554.75,20.76206100982,8619,537.5,572.0
590.75,20.764958490944,8620,571.5,610.0
632.75,20.766640808201,8621,609.5,656.0
685.25,20.768328708426,8622,655.5,715.0
750.25,20.770186656729,8623,714.5,786.0
833.0,20.774059591707,8624,785.5,880.5
384.25,20.780632509804,8626,379.5,389.0
394.25,20.782320374266,8627,388.5,400.0
406.25,20.784184608873,8628,399.5,413.0
419.25,20.786042926725,8629,412.5,426.0
433.75,20.788608409977,8630,425.5,442.0
450.75,20.790290826575,8631,441.5,460.0
471.75,20.791974176979,8632,459.5,484.0
496.25,20.793661942101,8633,483.5,509.0
523.25,20.795526291943,8634,508.5,538.0
554.75,20.797384609795,8635,537.5,572.0
590.75,20.800143808142,8636,571.5,610.0
632.75,20.80182622474,8637,609.5,656.0
685.25,20.803512992477,8638,655.5,715.0
750.25,20.805371373908,8639,714.5,786.0
833.0,20.808676626301,8640,785.5,880.5
384.25,20.813904243724,8642,379.5,389.0
394.25,20.81576839091,8643,388.5,400.0
406.25,20.817633006986,8644,399.5,413.0
419.25,20.819491324838,8645,412.5,426.0
433.75,20.82206475935,8646,425.5,442.0
450.75,20.823747092501,8647,441.5,460.0
471.75,20.825429242865,8648,459.5,484.0
496.25,20.827117127196,8649,483.5,509.0
523.25,20.82897624375,8650,508.5,538.0
554.75,20.830904243406,8651,537.5,572.0
590.75,20.833905440585,8652,571.5,610.0
632.75,20.835592923578,8653,609.5,656.0
685.25,20.837451726214,8654,655.5,715.0
750.25,20.839361673609,8655,714.5,786.0
833.0,20.842494108295,8656,785.5,880.5
384.25,20.84760891002,8658,379.5,389.0
394.25,20.84946792326,8659,388.5,400.0
406.25,20.851378343519,8660,399.5,413.0
419.25,20.853060493882,8661,412.5,426.0
433.75,20.855678357697,8662,425.5,442.0
450.75,20.857360607402,8663,441.5,460.0
471.75,20.859042924658,8664,459.5,484.0
496.25,20.860730793095,8665,483.5,509.0
523.25,20.862589142736,8666,508.5,538.0
554.75,20.864499173578,8667,537.5,572.0
590.75,20.86715752484,8668,571.5,610.0
632.75,20.86884544096,8669,609.5,656.0
685.25,20.870709608014,8670,655.5,715.0
750.25,20.872567909972,8671,714.5,786.0
833.0,20.875607007758,8672,785.5,880.5
384.25,20.880712256845,8674,379.5,389.0
394.25,20.882576710002,8675,388.5,400.0
406.25,20.88443464241,8676,399.5,413.0
419.25,20.886116840458,8677,412.5,426.0
433.75,20.889009608841,8678,425.5,442.0
450.75,20.890697107728,8679,441.5,460.0
471.75,20.89255542558,8680,459.5,484.0
496.25,20.894243226465,8681,483.5,509.0
523.25,20.896107508755,8682,508.5,538.0
554.75,20.897965858396,8683,537.5,572.0
590.75,20.900759508228,8684,571.5,610.0
632.75,20.902447559452,8685,609.5,656.0
685.25,20.904311376826,8686,655.5,715.0
750.25,20.906170040385,8687,714.5,786.0
833.0,20.909672107315,8688,785.5,880.5
384.25,20.915182524935,8690,379.5,389.0
394.25,20.917040842787,8691,388.5,400.0
406.25,20.918956357257,8692,399.5,413.0
419.25,20.920815859254,8693,412.5,426.0
433.75,20.923303741233,8694,425.5,442.0
450.75,20.92499124012,8695,441.5,460.0
471.75,20.926849573867,8696,459.5,484.0
496.25,20.928538074112,8697,483.5,509.0
523.25,20.93031117719,8698,508.5,538.0
554.75,20.932222392178,8699,537.5,572.0
590.75,20.935270510133,8700,571.5,610.0
632.75,20.9369585097,8701,609.5,656.0
685.25,20.938822593307,8702,655.5,715.0
750.25,20.940680927054,8703,714.5,786.0
833.0,20.944568842665,8704,785.5,880.5
384.25,20.951126275476,8706,379.5,389.0
394.25,20.952990275637,8707,388.5,400.0
406.25,20.95484847428,8708,399.5,413.0
419.25,20.956759609795,8709,412.5,426.0
433.75,20.959149191793,8710,425.5,442.0
450.75,20.960831024265,8711,441.5,460.0
471.75,20.962513774649,8712,459.5,484.0
496.25,20.964201559639,8713,483.5,509.0
523.25,20.966059627151,8714,508.5,538.0
554.75,20.967741741753,8715,537.5,572.0
590.75,20.971062709904,8716,571.5,610.0
632.75,20.972750574366,8717,609.5,656.0
685.25,20.974614375846,8718,655.5,715.0
750.25,20.976472924169,8719,714.5,786.0
833.0,20.980351656691,8720,785.5,880.5
384.25,20.984974207497,8722,379.5,389.0
394.25,20.986832525349,8723,388.5,400.0
406.25,20.988749192174,8724,399.5,413.0
419.25,20.990606743113,8725,412.5,426.0
433.75,20.993097124513,8726,425.5,442.0
450.75,20.994778941091,8727,441.5,460.0
471.75,20.996461707369,8728,459.5,484.0
496.25,20.998149210231,8729,483.5,509.0
523.25,21.000007925447,8730,508.5,538.0
554.75,21.001690159257,8731,537.5,572.0
590.75,21.005572126325,8732,571.5,610.0
632.75,21.007435641702,8733,609.5,656.0
685.25,21.009299224631,8734,655.5,715.0
750.25,21.011157526588,8735,714.5,786.0
833.0,21.014611826356,8736,785.5,880.5
384.25,21.019319242255,8738,379.5,389.0
394.25,21.021177560107,8739,388.5,400.0
406.25,21.023093356705,8740,399.5,413.0
419.25,21.024956740952,8741,412.5,426.0
433.75,21.027732906755,8742,425.5,442.0
450.75,21.029414790885,8743,441.5,460.0
471.75,21.031102858003,8744,459.5,484.0
496.25,21.032967176056,8745,483.5,509.0
523.25,21.034825108465,8746,508.5,538.0
554.75,21.036507457511,8747,537.5,572.0
590.75,21.039948040263,8748,571.5,610.0
632.75,21.041636043803,8749,609.5,656.0
685.25,21.043499793625,8750,655.5,715.0
750.25,21.045358457184,8751,714.5,786.0
833.0,21.049231841183,8752,785.5,880.5
384.25,21.054601675288,8754,379.5,389.0
394.25,21.056465909894,8755,388.5,400.0
406.25,21.058329774952,8756,399.5,413.0
419.25,21.06013255717,8757,412.5,426.0
433.75,21.062926858679,8758,425.5,442.0
450.75,21.064609640853,8759,441.5,460.0
471.75,21.066298192755,8760,459.5,484.0
496.25,21.067985639985,8761,483.5,509.0
523.25,21.069843858496,8762,508.5,538.0
554.75,21.071753408527,8763,537.5,572.0
590.75,21.074815275288,8764,571.5,610.0
632.75,21.076502575493,8765,609.5,656.0
685.25,21.078360909239,8766,655.5,715.0
750.25,21.080272140121,8767,714.5,786.0
833.0,21.08414659303,8768,785.5,880.5
384.25,21.091036007818,8770,379.5,389.0
394.25,21.092900226529,8771,388.5,400.0
406.25,21.094765259838,8772,399.5,413.0
419.25,21.096447577095,8773,412.5,426.0
433.75,21.099200608349,8774,425.5,442.0
450.75,21.100882925606,8775,441.5,460.0
471.75,21.102564710395,8776,459.5,484.0
496.25,21.104247126993,8777,483.5,509.0
523.25,21.106162975248,8778,508.5,538.0
554.75,21.108021110312,8779,537.5,572.0
590.75,21.111610041078,8780,571.5,610.0
632.75,21.113297607517,8781,609.5,656.0
685.25,21.115161726888,8782,655.5,715.0
750.25,21.117019559956,8783,714.5,786.0
833.0,21.120772157129,8784,785.5,880.5
384.25,21.125390241559,8786,379.5,389.0
394.25,21.127248559411,8787,388.5,400.0
406.25,21.129158475018,8788,399.5,413.0
419.25,21.130840990957,8789,412.5,426.0
433.75,21.133808459854,8790,425.5,442.0
450.75,21.135490892347,8791,441.5,460.0
471.75,21.137178792572,8792,459.5,484.0
496.25,21.139042343712,8793,483.5,509.0
523.25,21.140900625801,8794,508.5,538.0
554.75,21.142582458274,8795,537.5,572.0
590.75,21.146460543092,8796,571.5,610.0
632.75,21.148148041979,8797,609.5,656.0
685.25,21.150006375726,8798,655.5,715.0
750.25,21.151915909863,8799,714.5,786.0
833.0,21.15579427681,8800,785.5,880.5
384.25,21.16059500974,8802,379.5,389.0
394.25,21.162459041691,8803,388.5,400.0
406.25,21.16432357432,8804,399.5,413.0
419.25,21.166181506729,8805,412.5,426.0
433.75,21.16989762586,8806,425.5,442.0
450.75,21.171579657014,8807,441.5,460.0
471.75,21.173267990367,8808,459.5,484.0
496.25,21.175126324113,8809,483.5,509.0
523.25,21.177043809509,8810,508.5,538.0
554.75,21.178901793575,8811,537.5,572.0
590.75,21.181750625388,8812,571.5,610.0
632.75,21.183438024934,8813,609.5,656.0
685.25,21.185302609221,8814,655.5,715.0
750.25,21.187160958862,8815,714.5,786.0
833.0,21.191057576752,8816,785.5,880.5
384.25,21.195718691762,8818,379.5,389.0
394.25,21.197585060215,8819,388.5,400.0
406.25,21.199448690828,8820,399.5,413.0
419.25,21.20130735836,8821,412.5,426.0
433.75,21.204419277128,8822,425.5,442.0
450.75,21.20610170962,8823,441.5,460.0
471.75,21.207784158007,8824,459.5,484.0
496.25,21.209476242479,8825,483.5,509.0
523.25,21.211340310192,8826,508.5,538.0
554.75,21.213198540624,8827,537.5,572.0
590.75,21.216037243621,8828,571.5,610.0
632.75,21.217724623299,8829,609.5,656.0
685.25,21.219589207586,8830,655.5,715.0
750.25,21.221447891013,8831,714.5,786.0
833.0,21.225323659197,8832,785.5,880.5
384.25,21.230144391473,8834,379.5,389.0
394.25,21.232002609984,8835,388.5,400.0
406.25,21.233919324493,8836,399.5,413.0
419.25,21.235777241007,8837,412.5,426.0
433.75,21.238875641441,8838,425.5,442.0
450.75,21.240557593123,8839,441.5,460.0
471.75,21.242239826934,8840,459.5,484.0
496.25,21.243922259426,8841,483.5,509.0
523.25,21.245847175535,8842,508.5,538.0
554.75,21.247709693527,8843,537.5,572.0
590.75,21.250765925662,8844,571.5,610.0
632.75,21.252453424549,8845,609.5,656.0
685.25,21.25431224308,8846,655.5,715.0
750.25,21.256222174581,8847,714.5,786.0
833.0,21.260105890052,8848,785.5,880.5
384.25,21.266216307894,8850,379.5,389.0
394.25,21.268080506738,8851,388.5,400.0
406.25,21.269944959895,8852,399.5,413.0
419.25,21.271803341325,8853,412.5,426.0
433.75,21.274827724711,8854,425.5,442.0
450.75,21.276510073757,8855,441.5,460.0
471.75,21.278192510223,8856,459.5,484.0
496.25,21.279874656614,8857,483.5,509.0
523.25,21.281557291762,8858,508.5,538.0
554.75,21.283468010044,8859,537.5,572.0
590.75,21.286745907879,8860,571.5,610.0
632.75,21.288433092848,8861,609.5,656.0
685.25,21.290297657267,8862,655.5,715.0
750.25,21.292155526098,8863,714.5,786.0
833.0,21.296037660058,8864,785.5,880.5
384.25,21.30088597339,8866,379.5,389.0
394.25,21.302744390583,8867,388.5,400.0
406.25,21.304654091612,8868,399.5,413.0
419.25,21.306336059189,8869,412.5,426.0
433.75,21.309263092295,8870,425.5,442.0
450.75,21.310945477104,8871,441.5,460.0
471.75,21.312627408918,8872,459.5,484.0
496.25,21.314309690412,8873,483.5,509.0
523.25,21.315997173405,8874,508.5,538.0
554.75,21.317855527019,8875,537.5,572.0
590.75,21.321445109463,8876,571.5,610.0
632.75,21.32313260835,8877,609.5,656.0
685.25,21.324990942097,8878,655.5,715.0
750.25,21.326901906745,8879,714.5,786.0
833.0,21.330786742783,8880,785.5,880.5
384.25,21.335584741847,8882,379.5,389.0
394.25,21.337448690351,8883,388.5,400.0
406.25,21.339306809521,8884,399.5,413.0
419.25,21.340988959885,8885,412.5,426.0
433.75,21.343822608407,8886,425.5,442.0
450.75,21.345504726982,8887,441.5,460.0
471.75,21.347187159475,8888,459.5,484.0
496.25,21.348869023736,8889,483.5,509.0
523.25,21.350551809883,8890,508.5,538.0
554.75,21.352463108317,8891,537.5,572.0
590.75,21.356355907536,8892,571.5,610.0
632.75,21.358125656859,8893,609.5,656.0
685.25,21.35998507541,8894,655.5,715.0
750.25,21.361895690378,8895,714.5,786.0
833.0,21.365768025335,8896,785.5,880.5
384.25,21.372108076032,8898,379.5,389.0
394.25,21.373972143745,8899,388.5,400.0
406.25,21.375835790253,8900,399.5,413.0
419.25,21.377693925317,8901,412.5,426.0
433.75,21.380601459757,8902,425.5,442.0
450.75,21.382283526675,8903,441.5,460.0
471.75,21.383966026719,8904,459.5,484.0
496.25,21.385649126784,8905,483.5,509.0
523.25,21.387330991046,8906,508.5,538.0
554.75,21.389241506672,8907,537.5,572.0
590.75,21.392001058674,8908,571.5,610.0
632.75,21.393688390668,8909,609.5,656.0
685.25,21.395546974754,8910,655.5,715.0
750.25,21.397456973807,8911,714.5,786.0
833.0,21.399925774352,8912,785.5,880.5
384.25,21.404790375646,8914,379.5,389.0
394.25,21.406654642042,8915,388.5,400.0
406.25,21.408512793001,8916,399.5,413.0
419.25,21.410423256969,8917,412.5,426.0
433.75,21.413356973743,8918,425.5,442.0
450.75,21.415039259211,8919,441.5,460.0
471.75,21.416721342023,8920,459.5,484.0
496.25,21.418403559939,8921,483.5,509.0
523.25,21.420087792492,8922,508.5,538.0
554.75,21.421998542563,8923,537.5,572.0
590.75,21.425078827159,8924,571.5,610.0
632.75,21.426942775663,8925,609.5,656.0
685.25,21.428806990401,8926,655.5,715.0
750.25,21.430664775785,8927,714.5,786.0
833.0,21.43303925794,8928,785.5,880.5
384.25,21.437815342363,8930,379.5,389.0
394.25,21.439674057579,8931,388.5,400.0
406.25,21.441589774704,8932,399.5,413.0
419.25,21.443447810427,8933,412.5,426.0
433.75,21.446218623734,8934,425.5,442.0
450.75,21.447900726414,8935,441.5,460.0
471.75,21.449582992013,8936,459.5,484.0
496.25,21.451270506795,8937,483.5,509.0
523.25,21.453089259084,8938,508.5,538.0
554.75,21.455000740306,8939,537.5,572.0
590.75,21.457791473484,8940,571.5,610.0
632.75,21.45947934192,8941,609.5,656.0
685.25,21.461245157337,8942,655.5,715.0
750.25,21.463102859275,8943,714.5,786.0
833.0,21.465833026187,8944,785.5,880.5
384.25,21.471080257511,8946,379.5,389.0
394.25,21.47294405899,8947,388.5,400.0
406.25,21.474807709471,8948,399.5,413.0
419.25,21.476665975666,8949,412.5,426.0
433.75,21.479696474489,8950,425.5,442.0
450.75,21.481378541406,8951,441.5,460.0
471.75,21.483061792469,8952,459.5,484.0
496.25,21.484749875482,8953,483.5,509.0
523.25,21.486614543215,8954,508.5,538.0
554.75,21.488472523308,8955,537.5,572.0
590.75,21.491241075611,8956,571.5,610.0
632.75,21.492928840733,8957,609.5,656.0
685.25,21.494787174479,8958,655.5,715.0
750.25,21.496697292741,8959,714.5,786.0
833.0,21.500579192257,8960,785.5,880.5
384.25,21.507785107708,8962,379.5,389.0
394.25,21.50964992644,8963,388.5,400.0
406.25,21.511508343633,8964,399.5,413.0
419.25,21.51343354187,8965,412.5,426.0
433.75,21.516605657355,8966,425.5,442.0
450.75,21.518288193162,8967,441.5,460.0
471.75,21.51997014087,8968,459.5,484.0
496.25,21.521657743073,8969,483.5,509.0
523.25,21.523516358948,8970,508.5,538.0
554.75,21.525426290449,8971,537.5,572.0
590.75,21.528168159739,8972,571.5,610.0
632.75,21.529855940755,8973,609.5,656.0
685.25,21.531720091915,8974,655.5,715.0
750.25,21.533578910446,8975,714.5,786.0
833.0,21.537461024539,8976,785.5,880.5
384.25,21.54265337588,8978,379.5,389.0
394.25,21.544517360147,8979,388.5,400.0
406.25,21.546381924566,8980,399.5,413.0
419.25,21.548240492757,8981,412.5,426.0
433.75,21.551179840183,8982,425.5,442.0
450.75,21.55286180776,8983,441.5,460.0
471.75,21.554543958124,8984,459.5,484.0
496.25,21.556232025242,8985,483.5,509.0
523.25,21.557914374288,8986,508.5,538.0
554.75,21.559597243881,8987,537.5,572.0
590.75,21.562588193035,8988,571.5,610.0
632.75,21.564276407178,8989,609.5,656.0
685.25,21.566140240447,8990,655.5,715.0
750.25,21.56799865764,8991,714.5,786.0
833.0,21.571876408672,8992,785.5,880.5
384.25,21.577031892554,8994,379.5,389.0
394.25,21.578896091398,8995,388.5,400.0
406.25,21.580760123348,8996,399.5,413.0
419.25,21.582618492858,8997,412.5,426.0
433.75,21.585620540396,8998,425.5,442.0
450.75,21.587302309291,8999,441.5,460.0
471.75,21.588985023912,9000,459.5,484.0
496.25,21.590672808901,9001,483.5,509.0
523.25,21.592531440671,9002,508.5,538.0
554.75,21.594437307135,9003,537.5,572.0
590.75,21.596990976747,9004,571.5,610.0
632.75,21.5986782094,9005,609.5,656.0
685.25,21.600552409903,9006,655.5,715.0
750.25,21.602410640335,9007,714.5,786.0
833.0,21.606048291938,9008,785.5,880.5
384.25,21.612630591806,9010,379.5,389.0
394.25,21.614495176093,9011,388.5,400.0
406.25,21.616359108702,9012,399.5,413.0
419.25,21.618216909981,9013,412.5,426.0
433.75,21.621214443461,9014,425.5,442.0
450.75,21.622896510379,9015,441.5,460.0
471.75,21.624579491234,9016,459.5,484.0
496.25,21.626267057673,9017,483.5,509.0
523.25,21.628132706896,9018,508.5,538.0
554.75,21.629990508175,9019,537.5,572.0
590.75,21.632536925888,9020,571.5,610.0
632.75,21.634220157083,9021,609.5,656.0
685.25,21.635908041414,9022,655.5,715.0
750.25,21.637766458607,9023,714.5,786.0
833.0,21.641639973736,9024,785.5,880.5
384.25,21.646391993777,9026,379.5,389.0
394.25,21.648079874134,9027,388.5,400.0
406.25,21.649870175139,9028,399.5,413.0
419.25,21.651727892971,9029,412.5,426.0
433.75,21.654532676951,9030,425.5,442.0
450.75,21.656214890893,9031,441.5,460.0
471.75,21.657897259808,9032,459.5,484.0
496.25,21.6595847428,9033,483.5,509.0
523.25,21.661442575868,9034,508.5,538.0
554.75,21.663353890196,9035,537.5,572.0
590.75,21.665982009983,9036,571.5,610.0
632.75,21.667663925902,9037,609.5,656.0
685.25,21.669347240543,9038,655.5,715.0
750.25,21.671029760456,9039,714.5,786.0
833.0,21.67490509154,9040,785.5,880.5
384.25,21.679520577208,9042,379.5,389.0
394.25,21.681378875192,9043,388.5,400.0
406.25,21.683066389974,9044,399.5,413.0
419.25,21.684925240294,9045,412.5,426.0
433.75,21.68774190944,9046,425.5,442.0
450.75,21.689424341933,9047,441.5,460.0
471.75,21.691106090959,9048,459.5,484.0
496.25,21.692788110193,9049,483.5,509.0
523.25,21.694705992953,9050,508.5,538.0
554.75,21.696564390278,9051,537.5,572.0
590.75,21.699782691415,9052,571.5,610.0
632.75,21.701647275702,9053,609.5,656.0
685.25,21.70351114076,9054,655.5,715.0
750.25,21.705369093037,9055,714.5,786.0
833.0,21.70925442578,9056,785.5,880.5
384.25,21.713977326965,9058,379.5,389.0
394.25,21.715839876747,9059,388.5,400.0
406.25,21.717527876314,9060,399.5,413.0
419.25,21.719391010221,9061,412.5,426.0
433.75,21.722224626954,9062,425.5,442.0
450.75,21.723906475321,9063,441.5,460.0
471.75,21.725589309152,9064,459.5,484.0
496.25,21.72727690738,9065,483.5,509.0
523.25,21.729140943305,9066,508.5,538.0
554.75,21.730999360498,9067,537.5,572.0
590.75,21.733869475142,9068,571.5,610.0
632.75,21.735558074729,9069,609.5,656.0
685.25,21.737421673552,9070,655.5,715.0
750.25,21.739281076209,9071,714.5,786.0
833.0,21.743152807172,9072,785.5,880.5
384.25,21.748201725896,9074,379.5,389.0
394.25,21.750059757646,9075,388.5,400.0
406.25,21.751742392794,9076,399.5,413.0
419.25,21.753653973357,9077,412.5,426.0
433.75,21.756734075165,9078,425.5,442.0
450.75,21.758416408316,9079,441.5,460.0
471.75,21.760104010518,9080,459.5,484.0
496.25,21.761962407843,9081,483.5,509.0
523.25,21.763644359525,9082,508.5,538.0
554.75,21.765555892404,9083,537.5,572.0
590.75,21.768516610082,9084,571.5,610.0
632.75,21.770204108969,9085,609.5,656.0
685.25,21.772062740739,9086,655.5,715.0
750.25,21.773972274876,9087,714.5,786.0
833.0,21.777851357079,9088,785.5,880.5
384.25,21.784273856894,9090,379.5,389.0
394.25,21.786138274288,9091,388.5,400.0
406.25,21.788002457237,9092,399.5,413.0
419.25,21.789860775089,9093,412.5,426.0
433.75,21.792680607255,9094,425.5,442.0
450.75,21.794362757619,9095,441.5,460.0
471.75,21.796044693406,9096,459.5,484.0
496.25,21.797732192294,9097,483.5,509.0
523.25,21.799590510146,9098,508.5,538.0
554.75,21.801500274754,9099,537.5,572.0
590.75,21.804840324338,9100,571.5,610.0
632.75,21.806527807331,9101,609.5,656.0
685.25,21.808386057631,9102,655.5,715.0
750.25,21.810295810318,9103,714.5,786.0
833.0,21.814182692782,9104,785.5,880.5
384.25,21.818803423659,9106,379.5,389.0
394.25,21.820667590714,9107,388.5,400.0
406.25,21.822532091554,9108,399.5,413.0
419.25,21.824389960384,9109,412.5,426.0
433.75,21.827265340106,9110,425.5,442.0
450.75,21.828947307682,9111,441.5,460.0
471.75,21.830629791832,9112,459.5,484.0
496.25,21.832317425823,9113,483.5,509.0
523.25,21.834181243197,9114,508.5,538.0
554.75,21.836039723969,9115,537.5,572.0
590.75,21.839634790039,9116,571.5,610.0
632.75,21.8413222929,9117,609.5,656.0
685.25,21.843180626647,9118,655.5,715.0
750.25,21.844863210138,9119,714.5,786.0
833.0,21.8487481932,9120,785.5,880.5
384.25,21.854788941161,9122,379.5,389.0
394.25,21.856647290802,9123,388.5,400.0
406.25,21.858329425271,9124,399.5,413.0
419.25,21.860241923745,9125,412.5,426.0
433.75,21.863374374326,9126,425.5,442.0
450.75,21.86505652469,9127,441.5,460.0
471.75,21.866738977051,9128,459.5,484.0
496.25,21.868426841513,9129,483.5,509.0
523.25,21.870284710344,9130,508.5,538.0
554.75,21.87196694018,9131,537.5,572.0
590.75,21.875852876918,9132,571.5,610.0
632.75,21.877540340042,9133,609.5,656.0
685.25,21.879398177083,9134,655.5,715.0
750.25,21.881081090387,9135,714.5,786.0
833.0,21.884963959471,9136,785.5,880.5
384.25,21.889512874699,9138,379.5,389.0
394.25,21.891370807107,9139,388.5,400.0
406.25,21.893059792137,9140,399.5,413.0
419.25,21.894917474206,9141,412.5,426.0
433.75,21.898335693296,9142,425.5,442.0
450.75,21.900030642764,9143,441.5,460.0
471.75,21.901712292449,9144,459.5,484.0
496.25,21.903394573943,9145,483.5,509.0
523.25,21.905306539949,9146,508.5,538.0
554.75,21.90698896052,9147,537.5,572.0
590.75,21.910862173653,9148,571.5,610.0
632.75,21.912550292428,9149,609.5,656.0
685.25,21.914414010461,9150,655.5,715.0
750.25,21.916272693888,9151,714.5,786.0
833.0,21.920145223554,9152,785.5,880.5
384.25,21.924949973838,9154,379.5,389.0
394.25,21.92680829169,9155,388.5,400.0
406.25,21.92849570713,9156,399.5,413.0
419.25,21.930353941536,9157,412.5,426.0
433.75,21.933578556792,9158,425.5,442.0
450.75,21.935260174688,9159,441.5,460.0
471.75,21.936942440287,9160,459.5,484.0
496.25,21.938630658404,9161,483.5,509.0
523.25,21.940489043808,9162,508.5,538.0
554.75,21.942171591536,9163,537.5,572.0
590.75,21.946049775696,9164,571.5,610.0
632.75,21.947753026104,9165,609.5,656.0
685.25,21.949611177063,9166,655.5,715.0
750.25,21.951528559144,9167,714.5,786.0
833.0,21.955410192426,9168,785.5,880.5
384.25,21.960730642096,9170,379.5,389.0
394.25,21.962594527022,9171,388.5,400.0
406.25,21.964459508673,9172,399.5,413.0
419.25,21.966317743079,9173,412.5,426.0
433.75,21.9689014733,9174,425.5,442.0
450.75,21.970583492533,9175,441.5,460.0
471.75,21.972266974068,9176,459.5,484.0
496.25,21.973954858398,9177,483.5,509.0
523.25,21.975819526132,9178,508.5,538.0
554.75,21.97767795922,9179,537.5,572.0
590.75,21.980888873355,9180,571.5,610.0
632.75,21.982576527214,9181,609.5,656.0
685.25,21.984434574858,9182,655.5,715.0
750.25,21.986344442781,9183,714.5,786.0
833.0,21.989339576181,9184,785.5,880.5
384.25,21.994087376213,9186,379.5,389.0
394.25,21.995945606645,9187,388.5,400.0
406.25,21.997633792973,9188,399.5,413.0
419.25,21.999491641935,9189,412.5,426.0
433.75,22.001957740402,9190,425.5,442.0
450.75,22.003645275052,9191,441.5,460.0
471.75,22.005333791192,9192,459.5,484.0
496.25,22.007172224935,9193,483.5,509.0
523.25,22.009030658023,9194,508.5,538.0
554.75,22.01076957585,9195,537.5,572.0
590.75,22.013440440114,9196,571.5,610.0
632.75,22.015127942975,9197,609.5,656.0
685.25,22.016986324406,9198,655.5,715.0
750.25,22.018896140671,9199,714.5,786.0
833.0,22.021346141911,9200,785.5,880.5
384.25,22.027482126172,9202,379.5,389.0
394.25,22.02934055926,9203,388.5,400.0
406.25,22.031028674062,9204,399.5,413.0
419.25,22.032886924362,9205,412.5,426.0
433.75,22.035651491102,9206,425.5,442.0
450.75,22.037338989989,9207,441.5,460.0
471.75,22.039203343805,9208,459.5,484.0
496.25,22.041066990312,9209,483.5,509.0
523.25,22.0429254234,9210,508.5,538.0
554.75,22.044834858195,9211,537.5,572.0
590.75,22.047513157145,9212,571.5,610.0
632.75,22.049200791136,9213,609.5,656.0
685.25,22.051059677219,9214,655.5,715.0
750.25,22.052824793275,9215,714.5,786.0
833.0,22.055506942685,9216,785.5,880.5
384.25,22.060074291643,9218,379.5,389.0
394.25,22.061932609495,9219,388.5,400.0
406.25,22.06362025938,9220,399.5,413.0
419.25,22.065478593127,9221,412.5,426.0
433.75,22.067892092482,9222,425.5,442.0
450.75,22.069579643027,9223,441.5,460.0
471.75,22.071269458548,9224,459.5,484.0
496.25,22.073186125374,9225,483.5,509.0
523.25,22.075044057782,9226,508.5,538.0
554.75,22.076726573722,9227,537.5,572.0
590.75,22.07936647536,9228,571.5,610.0
632.75,22.081230773544,9229,609.5,656.0
685.25,22.08309525849,9230,655.5,715.0
750.25,22.084915008163,9231,714.5,786.0
833.0,22.088789008077,9232,785.5,880.5
384.25,22.094977559662,9234,379.5,389.0
394.25,22.096841460482,9235,388.5,400.0
406.25,22.098705559985,9236,399.5,413.0
419.25,22.100564473883,9237,412.5,426.0
433.75,22.103142009195,9238,425.5,442.0
450.75,22.104823774115,9239,441.5,460.0
471.75,22.106505960242,9240,459.5,484.0
496.25,22.108231673654,9241,483.5,509.0
523.25,22.110091207441,9242,508.5,538.0
554.75,22.11177334191,9243,537.5,572.0
590.75,22.11484509112,9244,571.5,610.0
632.75,22.116708376026,9245,609.5,656.0
685.25,22.118567007796,9246,655.5,715.0
750.25,22.120476573722,9247,714.5,786.0
833.0,22.124353657182,9248,785.5,880.5
384.25,22.129700340843,9250,379.5,389.0
394.25,22.131564476109,9251,388.5,400.0
406.25,22.133428591506,9252,399.5,413.0
419.25,22.135286941147,9253,412.5,426.0
433.75,22.137969273345,9254,425.5,442.0
450.75,22.139652007834,9255,441.5,460.0
471.75,22.141334841665,9256,459.5,484.0
496.25,22.143022423999,9257,483.5,509.0
523.25,22.144880690193,9258,508.5,538.0
554.75,22.14656240743,9259,537.5,572.0
590.75,22.149556726233,9260,571.5,610.0
632.75,22.151251806831,9261,609.5,656.0
685.25,22.153115409629,9262,655.5,715.0
750.25,22.15497364006,9263,714.5,786.0
833.0,22.158851907667,9264,785.5,880.5
384.25,22.164222890155,9266,379.5,389.0
394.25,22.166086973763,9267,388.5,400.0
406.25,22.167950358009,9268,399.5,413.0
419.25,22.169809156672,9269,412.5,426.0
433.75,22.17260399065,9270,425.5,442.0
450.75,22.174286240355,9271,441.5,460.0
471.75,22.175974824047,9272,459.5,484.0
496.25,22.177662823613,9273,483.5,509.0
523.25,22.179521193123,9274,508.5,538.0
554.75,22.181202807045,9275,537.5,572.0
590.75,22.18397155803,9276,571.5,610.0
632.75,22.185659041023,9277,609.5,656.0
685.25,22.187526009496,9278,655.5,715.0
750.25,22.189384160455,9279,714.5,786.0
833.0,22.193267009672,9280,785.5,880.5
384.25,22.198574827131,9282,379.5,389.0
394.25,22.200433141009,9283,388.5,400.0
406.25,22.202369775391,9284,399.5,413.0
419.25,22.204228609816,9285,412.5,426.0
433.75,22.207308675861,9286,425.5,442.0
450.75,22.208991108354,9287,441.5,460.0
471.75,22.210678607241,9288,459.5,484.0
496.25,22.212366491572,9289,483.5,509.0
523.25,22.214224841213,9290,508.5,538.0
554.75,22.215926426665,9291,537.5,572.0
590.75,22.218659859912,9292,571.5,610.0
632.75,22.220347374694,9293,609.5,656.0
685.25,22.222211374855,9294,655.5,715.0
750.25,22.224069573498,9295,714.5,786.0
833.0,22.227948826567,9296,785.5,880.5
384.25,22.233003991858,9298,379.5,389.0
394.25,22.234868206596,9299,388.5,400.0
406.25,22.236732806778,9300,399.5,413.0
419.25,22.23859112463,9301,412.5,426.0
433.75,22.242093207455,9302,425.5,442.0
450.75,22.243789607302,9303,441.5,460.0
471.75,22.245472373581,9304,459.5,484.0
496.25,22.247159876442,9305,483.5,509.0
523.25,22.249018575764,9306,508.5,538.0
554.75,22.250928626474,9307,537.5,572.0
590.75,22.253372377173,9308,571.5,610.0
632.75,22.255059943612,9309,609.5,656.0
685.25,22.256917943573,9310,655.5,715.0
750.25,22.258839625136,9311,714.5,786.0
833.0,22.262714042282,9312,785.5,880.5
384.25,22.268882173316,9314,379.5,389.0
394.25,22.270746276792,9315,388.5,400.0
406.25,22.272610876973,9316,399.5,413.0
419.25,22.274468793488,9317,412.5,426.0
433.75,22.27738534015,9318,425.5,442.0
450.75,22.279067573961,9319,441.5,460.0
471.75,22.280749843534,9320,459.5,484.0
496.25,22.282436956978,9321,483.5,509.0
523.25,22.284295676168,9322,508.5,538.0
554.75,22.286214127159,9323,537.5,572.0
590.75,22.288911459859,9324,571.5,610.0
632.75,22.290599340216,9325,609.5,656.0
685.25,22.292462859567,9326,655.5,715.0
750.25,22.294321209208,9327,714.5,786.0
833.0,22.298196675396,9328,785.5,880.5
384.25,22.303196690496,9330,379.5,389.0
394.25,22.305054909007,9331,388.5,400.0
406.25,22.306971774515,9332,399.5,413.0
419.25,22.308830724176,9333,412.5,426.0
433.75,22.311729190763,9334,425.5,442.0
450.75,22.31341125768,9335,441.5,460.0
471.75,22.315094226615,9336,459.5,484.0
496.25,22.316781725502,9337,483.5,509.0
523.25,22.318639610227,9338,508.5,538.0
554.75,22.320321693039,9339,537.5,572.0
590.75,22.323210877196,9340,571.5,610.0
632.75,22.324898960209,9341,609.5,656.0
685.25,22.326757774766,9342,655.5,715.0
750.25,22.328667026774,9343,714.5,786.0
833.0,22.332544126129,9344,785.5,880.5
384.25,22.337185873604,9346,379.5,389.0
394.25,22.339044227219,9347,388.5,400.0
406.25,22.340732091681,9348,399.5,413.0
419.25,22.342589960512,9349,412.5,426.0
433.75,22.345659873899,9350,425.5,442.0
450.75,22.347341523584,9351,441.5,460.0
471.75,22.349024456755,9352,459.5,484.0
496.25,22.350836207485,9353,483.5,509.0
523.25,22.352694207446,9354,508.5,538.0
554.75,22.354376560465,9355,537.5,572.0
590.75,22.357681208865,9356,571.5,610.0
632.75,22.359545324262,9357,609.5,656.0
685.25,22.361409225082,9358,655.5,715.0
750.25,22.363273960368,9359,714.5,786.0
833.0,22.366580742613,9360,785.5,880.5
384.25,22.372717024899,9362,379.5,389.0
394.25,22.374575243409,9363,388.5,400.0
406.25,22.376262873427,9364,399.5,413.0
419.25,22.378121207174,9365,412.5,426.0
433.75,22.381354540602,9366,425.5,442.0
450.75,22.383036977069,9367,441.5,460.0
471.75,22.384718809541,9368,459.5,484.0
496.25,22.386634892241,9369,483.5,509.0
523.25,22.388493225988,9370,508.5,538.0
554.75,22.390174975014,9371,537.5,572.0
590.75,22.393334092712,9372,571.5,610.0
632.75,22.395198307451,9373,609.5,656.0
685.25,22.397062891738,9374,655.5,715.0
750.25,22.398921324825,9375,714.5,786.0
833.0,22.402101558463,9376,785.5,880.5
384.25,22.406814509646,9378,379.5,389.0
394.25,22.408672775841,9379,388.5,400.0
406.25,22.410355057335,9380,399.5,413.0
419.25,22.412265640513,9381,412.5,426.0
433.75,22.415251960373,9382,425.5,442.0
450.75,22.416934241867,9383,441.5,460.0
471.75,22.418617059803,9384,459.5,484.0
496.25,22.420532824612,9385,483.5,509.0
523.25,22.422391158358,9386,508.5,538.0
554.75,22.424072875595,9387,537.5,572.0
590.75,22.427121609465,9388,571.5,610.0
632.75,22.428985291735,9389,609.5,656.0
685.25,22.430843625482,9390,655.5,715.0
750.25,22.432753676192,9391,714.5,786.0
833.0,22.435792158063,9392,785.5,880.5
384.25,22.442214542643,9394,379.5,389.0
394.25,22.444072808838,9395,388.5,400.0
406.25,22.445761309083,9396,399.5,413.0
419.25,22.447619158045,9397,412.5,426.0
433.75,22.450993241882,9398,425.5,442.0
450.75,22.452674776332,9399,441.5,460.0
471.75,22.454357292271,9400,459.5,484.0
496.25,22.456275492922,9401,483.5,509.0
523.25,22.458139373875,9402,508.5,538.0
554.75,22.459997890409,9403,537.5,572.0
590.75,22.463530590153,9404,571.5,610.0
632.75,22.465212374942,9405,609.5,656.0
685.25,22.466899993038,9406,655.5,715.0
750.25,22.468758207575,9407,714.5,786.0
833.0,22.472638573265,9408,785.5,880.5
384.25,22.477755759176,9410,379.5,389.0
394.25,22.479614593601,9411,388.5,400.0
406.25,22.481301973279,9412,399.5,413.0
419.25,22.483160390472,9413,412.5,426.0
433.75,22.485727574444,9414,425.5,442.0
450.75,22.487409907595,9415,441.5,460.0
471.75,22.489091740068,9416,459.5,484.0
496.25,22.490774474557,9417,483.5,509.0
523.25,22.492689957237,9418,508.5,538.0
554.75,22.494548326747,9419,537.5,572.0
590.75,22.497838391876,9420,571.5,610.0
632.75,22.499526590125,9421,609.5,656.0
685.25,22.501397424952,9422,655.5,715.0
750.25,22.50325525802,9423,714.5,786.0
833.0,22.50713739198,9424,785.5,880.5
384.25,22.513443257427,9426,379.5,389.0
394.25,22.51530675691,9427,388.5,400.0
406.25,22.517165559546,9428,399.5,413.0
419.25,22.519076591746,9429,412.5,426.0
433.75,22.522009223715,9430,425.5,442.0
450.75,22.523691540972,9431,441.5,460.0
471.75,22.525373309867,9432,459.5,484.0
496.25,22.527055758254,9433,483.5,509.0
523.25,22.528973327096,9434,508.5,538.0
554.75,22.530831342951,9435,537.5,572.0
590.75,22.533707859135,9436,571.5,610.0
632.75,22.535395358022,9437,609.5,656.0
685.25,22.537259326394,9438,655.5,715.0
750.25,22.53911747338,9439,714.5,786.0
833.0,22.54300297699,9440,785.5,880.5
384.25,22.548200891431,9442,379.5,389.0
394.25,22.550064677016,9443,388.5,400.0
406.25,22.551923006789,9444,399.5,413.0
419.25,22.553605057812,9445,412.5,426.0
433.75,22.556558225568,9446,425.5,442.0
450.75,22.558240475273,9447,441.5,460.0
471.75,22.559922709084,9448,459.5,484.0
496.25,22.561610406653,9449,483.5,509.0
523.25,22.563474541918,9450,508.5,538.0
554.75,22.565332875665,9451,537.5,572.0
590.75,22.567989991124,9452,571.5,610.0
632.75,22.569677541669,9453,609.5,656.0
685.25,22.571535942968,9454,655.5,715.0
750.25,22.573446708934,9455,714.5,786.0
833.0,22.577334143734,9456,785.5,880.5
384.25,22.582649892584,9458,379.5,389.0
394.25,22.584514143085,9459,388.5,400.0
406.25,22.586372826513,9460,399.5,413.0
419.25,22.588283759371,9461,412.5,426.0
433.75,22.591265008863,9462,425.5,442.0
450.75,22.592947441355,9463,441.5,460.0
471.75,22.594630040741,9464,459.5,484.0
496.25,22.59631747605,9465,483.5,509.0
523.25,22.59818140866,9466,508.5,538.0
554.75,22.600039591408,9467,537.5,572.0
590.75,22.602706656869,9468,571.5,610.0
632.75,22.604394525305,9469,609.5,656.0
685.25,22.606253025945,9470,655.5,715.0
750.25,22.608162424978,9471,714.5,786.0
833.0,22.611934143321,9472,785.5,880.5
384.25,22.617533340073,9474,379.5,389.0
394.25,22.619397443549,9475,388.5,400.0
406.25,22.62126207552,9476,399.5,413.0
419.25,22.623119574801,9477,412.5,426.0
433.75,22.62593212328,9478,425.5,442.0
450.75,22.62761457564,9479,441.5,460.0
471.75,22.629297341919,9480,459.5,484.0
496.25,22.630985524273,9481,483.5,509.0
523.25,22.632843691126,9482,508.5,538.0
554.75,22.634754091517,9483,537.5,572.0
590.75,22.63751327397,9484,571.5,610.0
632.75,22.639200907962,9485,609.5,656.0
685.25,22.641059643046,9486,655.5,715.0
750.25,22.642969673888,9487,714.5,786.0
833.0,22.645607843018,9488,785.5,880.5
384.25,22.650768274085,9490,379.5,389.0
394.25,22.65262650849,9491,388.5,400.0
406.25,22.654308440304,9492,399.5,413.0
419.25,22.656218642012,9493,412.5,426.0
433.75,22.659116774813,9494,425.5,442.0
450.75,22.660799541092,9495,441.5,460.0
471.75,22.662487039979,9496,459.5,484.0
496.25,22.664350841459,9497,483.5,509.0
523.25,22.666209326204,9498,508.5,538.0
554.75,22.668119293467,9499,537.5,572.0
590.75,22.670624540265,9500,571.5,610.0
632.75,22.672312142468,9501,609.5,656.0
685.25,22.674169876194,9502,655.5,715.0
750.25,22.676082160091,9503,714.5,786.0
833.0,22.679381241417,9504,785.5,880.5
384.25,22.686170476691,9506,379.5,389.0
394.25,22.688034973558,9507,388.5,400.0
406.25,22.68989954195,9508,399.5,413.0
419.25,22.691757875697,9509,412.5,426.0
433.75,22.694464490827,9510,425.5,442.0
450.75,22.696146776295,9511,441.5,460.0
471.75,22.697829093552,9512,459.5,484.0
496.25,22.699516592439,9513,483.5,509.0
523.25,22.701374926186,9514,508.5,538.0
554.75,22.703286057727,9515,537.5,572.0
590.75,22.705953623867,9516,571.5,610.0
632.75,22.707641059176,9517,609.5,656.0
685.25,22.709504709657,9518,655.5,715.0
750.25,22.711362959957,9519,714.5,786.0
833.0,22.715194191551,9520,785.5,880.5
384.25,22.720816657956,9522,379.5,389.0
394.25,22.722674459235,9523,388.5,400.0
406.25,22.724592206891,9524,399.5,413.0
419.25,22.726450441297,9525,412.5,426.0
433.75,22.729252606646,9526,425.5,442.0
450.75,22.730934641774,9527,441.5,460.0
471.75,22.732617590841,9528,459.5,484.0
496.25,22.734533260282,9529,483.5,509.0
523.25,22.736391609923,9530,508.5,538.0
554.75,22.73830209376,9531,537.5,572.0
590.75,22.740870390352,9532,571.5,610.0
632.75,22.742557940896,9533,609.5,656.0
685.25,22.744416226959,9534,655.5,715.0
750.25,22.74632590812,9535,714.5,786.0
833.0,22.750210358715,9536,785.5,880.5
384.25,22.755687123553,9538,379.5,389.0
394.25,22.757553408559,9539,388.5,400.0
406.25,22.759417126592,9540,399.5,413.0
419.25,22.761275142447,9541,412.5,426.0
433.75,22.764120243009,9542,425.5,442.0
450.75,22.765802023824,9543,441.5,460.0
471.75,22.767490424728,9544,459.5,484.0
496.25,22.769193408902,9545,483.5,509.0
523.25,22.770875459925,9546,508.5,538.0
554.75,22.772785959657,9547,537.5,572.0
590.75,22.775344357904,9548,571.5,610.0
632.75,22.777207893149,9549,609.5,656.0
685.25,22.779072858906,9550,655.5,715.0
750.25,22.780930890656,9551,714.5,786.0
833.0,22.78482462368,9552,785.5,880.5
384.25,22.790473475075,9554,379.5,389.0
394.25,22.792337423579,9555,388.5,400.0
406.25,22.794201689974,9556,399.5,413.0
419.25,22.796059991932,9557,412.5,426.0
433.75,22.798894375579,9558,425.5,442.0
450.75,22.800576641178,9559,441.5,460.0
471.75,22.802264608955,9560,459.5,484.0
496.25,22.804123177147,9561,483.5,509.0
523.25,22.805805124855,9562,508.5,538.0
554.75,22.80771661005,9563,537.5,572.0
590.75,22.810653807735,9564,571.5,610.0
632.75,22.812516810513,9565,609.5,656.0
685.25,22.814381291485,9566,655.5,715.0
750.25,22.816240209357,9567,714.5,786.0
833.0,22.820124425507,9568,785.5,880.5
384.25,22.825203742599,9570,379.5,389.0
394.25,22.827062060452,9571,388.5,400.0
406.25,22.828979160404,9572,399.5,413.0
419.25,22.830837176259,9573,412.5,426.0
433.75,22.833741309261,9574,425.5,442.0
450.75,22.835422859605,9575,441.5,460.0
471.75,22.837106210009,9576,459.5,484.0
496.25,22.838788141823,9577,483.5,509.0
523.25,22.840470407422,9578,508.5,538.0
554.75,22.842380823708,9579,537.5,572.0
590.75,22.845356875674,9580,571.5,610.0
632.75,22.847096159077,9581,609.5,656.0
685.25,22.848954123274,9582,655.5,715.0
750.25,22.850865207132,9583,714.5,786.0
833.0,22.854739624278,9584,785.5,880.5
384.25,22.861028641478,9586,379.5,389.0
394.25,22.862887074566,9587,388.5,400.0
406.25,22.864818340556,9588,399.5,413.0
419.25,22.866676773643,9589,412.5,426.0
433.75,22.869736375427,9590,425.5,442.0
450.75,22.871418458239,9591,441.5,460.0
471.75,22.873100958284,9592,459.5,484.0
496.25,22.874782909966,9593,483.5,509.0
523.25,22.876465509351,9594,508.5,538.0
554.75,22.878376040872,9595,537.5,572.0
590.75,22.881341741498,9596,571.5,610.0
632.75,22.88302937549,9597,609.5,656.0
685.25,22.884896777089,9598,655.5,715.0
750.25,22.886762374655,9599,714.5,786.0
833.0,22.890637991842,9600,785.5,880.5
384.25,22.895553825315,9602,379.5,389.0
394.25,22.897418274498,9603,388.5,400.0
406.25,22.899275877094,9604,399.5,413.0
419.25,22.901204758898,9605,412.5,426.0
433.75,22.904142624156,9606,425.5,442.0
450.75,22.905824659284,9607,441.5,460.0
471.75,22.907506726201,9608,459.5,484.0
496.25,22.909189174589,9609,483.5,509.0
523.25,22.910876657581,9610,508.5,538.0
554.75,22.912735376771,9611,537.5,572.0
590.75,22.916618341223,9612,571.5,610.0
632.75,22.918481892363,9613,609.5,656.0
685.25,22.920346707122,9614,655.5,715.0
750.25,22.922204742845,9615,714.5,786.0
833.0,22.925931423918,9616,785.5,880.5
384.25,22.930954808013,9618,379.5,389.0
394.25,22.932818724728,9619,388.5,400.0
406.25,22.93467704258,9620,399.5,413.0
419.25,22.936586592611,9621,412.5,426.0
433.75,22.939512608465,9622,425.5,442.0
450.75,22.941194810486,9623,441.5,460.0
471.75,22.942877040323,9624,459.5,484.0
496.25,22.944559210555,9625,483.5,509.0
523.25,22.946241643047,9626,508.5,538.0
554.75,22.948152174568,9627,537.5,572.0
590.75,22.951099973933,9628,571.5,610.0
632.75,22.952787476794,9629,609.5,656.0
685.25,22.954650976276,9630,655.5,715.0
750.25,22.956509393469,9631,714.5,786.0
833.0,22.959494926548,9632,785.5,880.5
384.25,22.964495426432,9634,379.5,389.0
394.25,22.966353140291,9635,388.5,400.0
406.25,22.968268809732,9636,399.5,413.0
419.25,22.970126674589,9637,412.5,426.0
433.75,22.97312802674,9638,425.5,442.0
450.75,22.974809906896,9639,441.5,460.0
471.75,22.976492542044,9640,459.5,484.0
496.25,22.978409359868,9641,483.5,509.0
523.25,22.980091375128,9642,508.5,538.0
554.75,22.982002260303,9643,537.5,572.0
590.75,22.985117274539,9644,571.5,610.0
632.75,22.986804709848,9645,609.5,656.0
685.25,22.988500493781,9646,655.5,715.0
750.25,22.990359308338,9647,714.5,786.0
833.0,22.994233725484,9648,785.5,880.5
384.25,22.999365542348,9650,379.5,389.0
394.25,23.001229792849,9651,388.5,400.0
406.25,23.003088559723,9652,399.5,413.0
419.25,23.005016658719,9653,412.5,426.0
433.75,23.007995909468,9654,425.5,442.0
450.75,23.009678039964,9655,441.5,460.0
471.75,23.01136107645,9656,459.5,484.0
496.25,23.013048424339,9657,483.5,509.0
523.25,23.014912523842,9658,508.5,538.0
554.75,23.016770825799,9659,537.5,572.0
590.75,23.01978086036,9660,571.5,610.0
632.75,23.021468124803,9661,609.5,656.0
685.25,23.023202274259,9662,655.5,715.0
750.25,23.024884992854,9663,714.5,786.0
833.0,23.028765608883,9664,785.5,880.5
384.25,23.034971906757,9666,379.5,389.0
394.25,23.036830709394,9667,388.5,400.0
406.25,23.038749609407,9668,399.5,413.0
419.25,23.040607923285,9669,412.5,426.0
433.75,23.043355860329,9670,425.5,442.0
450.75,23.045038157717,9671,441.5,460.0
471.75,23.046719926612,9672,459.5,484.0
496.25,23.04840209287,9673,483.5,509.0
523.25,23.050319943841,9674,508.5,538.0
554.75,23.052178643163,9675,537.5,572.0
590.75,23.055078774707,9676,571.5,610.0
632.75,23.056766408698,9677,609.5,656.0
685.25,23.05862460734,9678,655.5,715.0
750.25,23.060306757704,9679,714.5,786.0
833.0,23.064180876827,9680,785.5,880.5
384.25,23.068905975437,9682,379.5,389.0
394.25,23.070764209843,9683,388.5,400.0
406.25,23.072485607878,9684,399.5,413.0
419.25,23.074167643007,9685,412.5,426.0
433.75,23.07726822497,9686,425.5,442.0
450.75,23.078949993865,9687,441.5,460.0
471.75,23.080632458146,9688,459.5,484.0
496.25,23.08232050937,9689,483.5,509.0
523.25,23.084178791459,9690,508.5,538.0
554.75,23.086089207745,9691,537.5,572.0
590.75,23.088931506888,9692,571.5,610.0
632.75,23.090619740899,9693,609.5,656.0
685.25,23.092483943717,9694,655.5,715.0
750.25,23.09434227349,9695,714.5,786.0
833.0,23.098229791737,9696,785.5,880.5
384.25,23.104836306985,9698,379.5,389.0
394.25,23.106694759941,9699,388.5,400.0
406.25,23.108376707649,9700,399.5,413.0
419.25,23.110059009012,9701,412.5,426.0
433.75,23.113480323569,9702,425.5,442.0
450.75,23.115162509696,9703,441.5,460.0
471.75,23.11684466006,9704,459.5,484.0
496.25,23.118532258288,9705,483.5,509.0
523.25,23.12039010725,9706,508.5,538.0
554.75,23.122302009678,9707,537.5,572.0
590.75,23.124882342434,9708,571.5,610.0
632.75,23.126569793638,9709,609.5,656.0
685.25,23.128453809039,9710,655.5,715.0
750.25,23.130312023576,9711,714.5,786.0
833.0,23.134210409737,9712,785.5,880.5
384.25,23.13926757377,9714,379.5,389.0
394.25,23.141125625388,9715,388.5,400.0
406.25,23.14281420908,9716,399.5,413.0
419.25,23.144671843465,9717,412.5,426.0
433.75,23.147808859762,9718,425.5,442.0
450.75,23.149491292254,9719,441.5,460.0
471.75,23.15117304128,9720,459.5,484.0
496.25,23.152855092303,9721,483.5,509.0
523.25,23.154772557831,9722,508.5,538.0
554.75,23.156630891577,9723,537.5,572.0
590.75,23.15907314024,9724,571.5,610.0
632.75,23.160761076228,9725,609.5,656.0
685.25,23.162625008837,9726,655.5,715.0
750.25,23.164482977009,9727,714.5,786.0
833.0,23.168358542538,9728,785.5,880.5
384.25,23.173227626101,9730,379.5,389.0
394.25,23.17508593998,9731,388.5,400.0
406.25,23.176774607118,9732,399.5,413.0
419.25,23.178632356739,9733,412.5,426.0
433.75,23.181549642499,9734,425.5,442.0
450.75,23.183231892204,9735,441.5,460.0
471.75,23.184913959122,9736,459.5,484.0
496.25,23.186601724243,9737,483.5,509.0
523.25,23.18846630853,9738,508.5,538.0
554.75,23.19032395881,9739,537.5,572.0
590.75,23.192755891895,9740,571.5,610.0
632.75,23.19444344244,9741,609.5,656.0
685.25,23.196307176367,9742,655.5,715.0
750.25,23.198172559357,9743,714.5,786.0
833.0,23.202058376884,9744,785.5,880.5
384.25,23.207198025799,9746,379.5,389.0
394.25,23.209056474781,9747,388.5,400.0
406.25,23.210972426351,9748,399.5,413.0
419.25,23.212831809139,9749,412.5,426.0
433.75,23.215879207865,9750,425.5,442.0
450.75,23.217561425781,9751,441.5,460.0
471.75,23.219243790722,9752,459.5,484.0
496.25,23.220930892245,9753,483.5,509.0
523.25,23.222789341227,9754,508.5,538.0
554.75,23.224700043615,9755,537.5,572.0
590.75,23.227364959335,9756,571.5,610.0
632.75,23.2290531099,9757,609.5,656.0
685.25,23.230917241192,9758,655.5,715.0
750.25,23.232775590833,9759,714.5,786.0
833.0,23.236656806882,9760,785.5,880.5
384.25,23.241816792901,9762,379.5,389.0
394.25,23.243675043201,9763,388.5,400.0
406.25,23.24559974076,9764,399.5,413.0
419.25,23.24745799106,9765,412.5,426.0
433.75,23.249962725258,9766,425.5,442.0
450.75,23.251644843833,9767,441.5,460.0
471.75,23.253327025986,9768,459.5,484.0
496.25,23.255015124893,9769,483.5,509.0
523.25,23.256873625533,9770,508.5,538.0
554.75,23.258783874925,9771,537.5,572.0
590.75,23.261510076141,9772,571.5,610.0
632.75,23.26330935758,9773,609.5,656.0
685.25,23.265167774773,9774,655.5,715.0
750.25,23.267077742036,9775,714.5,786.0
833.0,23.270955910301,9776,785.5,880.5
384.25,23.277329208469,9778,379.5,389.0
394.25,23.27919349076,9779,388.5,400.0
406.25,23.281057526684,9780,399.5,413.0
419.25,23.282915725327,9781,412.5,426.0
433.75,23.285262542979,9782,425.5,442.0
450.75,23.286944840368,9783,441.5,460.0
471.75,23.288626740392,9784,459.5,484.0
496.25,23.290308874861,9785,483.5,509.0
523.25,23.292019977188,9786,508.5,538.0
554.75,23.293878175831,9787,537.5,572.0
590.75,23.296805924193,9788,571.5,610.0
632.75,23.298493510501,9789,609.5,656.0
685.25,23.300351740932,9790,655.5,715.0
750.25,23.302262642002,9791,714.5,786.0
833.0,23.306137559827,9792,785.5,880.5
384.25,23.31108075978,9794,379.5,389.0
394.25,23.312938743846,9795,388.5,400.0
406.25,23.314854425208,9796,399.5,413.0
419.25,23.316712806638,9797,412.5,426.0
433.75,23.319213523483,9798,425.5,442.0
450.75,23.320895574506,9799,441.5,460.0
471.75,23.322577657318,9800,459.5,484.0
496.25,23.324265140311,9801,483.5,509.0
523.25,23.325948224481,9802,508.5,538.0
554.75,23.327869373576,9803,537.5,572.0
590.75,23.330659391499,9804,571.5,610.0
632.75,23.332341406759,9805,609.5,656.0
685.25,23.334029326852,9806,655.5,715.0
750.25,23.335887541389,9807,714.5,786.0
833.0,23.339769309775,9808,785.5,880.5
384.25,23.344666792965,9810,379.5,389.0
394.25,23.346525241947,9811,388.5,400.0
406.25,23.3484423419,9812,399.5,413.0
419.25,23.350300743198,9813,412.5,426.0
433.75,23.35318309269,9814,425.5,442.0
450.75,23.354865159607,9815,441.5,460.0
471.75,23.356547476864,9816,459.5,484.0
496.25,23.358235540009,9817,483.5,509.0
523.25,23.360099691168,9818,508.5,538.0
554.75,23.36195800902,9819,537.5,572.0
590.75,23.364722690996,9820,571.5,610.0
632.75,23.366410090542,9821,609.5,656.0
685.25,23.368268424288,9822,655.5,715.0
750.25,23.370165326214,9823,714.5,786.0
833.0,23.374051608658,9824,785.5,880.5
384.25,23.379359390354,9826,379.5,389.0
394.25,23.381223509725,9827,388.5,400.0
406.25,23.383088173485,9828,399.5,413.0
419.25,23.384946443653,9829,412.5,426.0
433.75,23.387819824632,9830,425.5,442.0
450.75,23.389501760419,9831,441.5,460.0
471.75,23.391185090955,9832,459.5,484.0
496.25,23.392872975286,9833,483.5,509.0
523.25,23.394731293138,9834,508.5,538.0
554.75,23.396641741212,9835,537.5,572.0
590.75,23.399452159818,9836,571.5,610.0
632.75,23.401139658705,9837,609.5,656.0
685.25,23.403003774103,9838,655.5,715.0
750.25,23.40486220719,9839,714.5,786.0
833.0,23.408749693648,9840,785.5,880.5
384.25,23.413944441096,9842,379.5,389.0
394.25,23.415632293638,9843,388.5,400.0
406.25,23.41732002697,9844,399.5,413.0
419.25,23.419178356743,9845,412.5,426.0
433.75,23.42206574084,9846,425.5,442.0
450.75,23.423747624969,9847,441.5,460.0
471.75,23.425429759439,9848,459.5,484.0
496.25,23.427112176037,9849,483.5,509.0
523.25,23.428800076262,9850,508.5,538.0
554.75,23.430658425903,9851,537.5,572.0
590.75,23.433521527068,9852,571.5,610.0
632.75,23.435327158388,9853,609.5,656.0
685.25,23.437191341337,9854,655.5,715.0
750.25,23.439049706872,9855,714.5,786.0
833.0,23.442931407706,9856,785.5,880.5
384.25,23.449671524779,9858,379.5,389.0
394.25,23.45153552494,9859,388.5,400.0
406.25,23.45339970789,9860,399.5,413.0
419.25,23.455258025742,9861,412.5,426.0
433.75,23.458424709256,9862,425.5,442.0
450.75,23.460106525834,9863,441.5,460.0
471.75,23.461789240456,9864,459.5,484.0
496.25,23.463477176444,9865,483.5,509.0
523.25,23.465335108852,9866,508.5,538.0
554.75,23.467245525138,9867,537.5,572.0
590.75,23.469767659918,9868,571.5,610.0
632.75,23.471552342192,9869,609.5,656.0
685.25,23.473416358248,9870,655.5,715.0
750.25,23.47527470789,9871,714.5,786.0
833.0,23.479146860059,9872,785.5,880.5
384.25,23.484537210083,9874,379.5,389.0
394.25,23.486405958748,9875,388.5,400.0
406.25,23.488264292494,9876,399.5,413.0
419.25,23.490173925972,9877,412.5,426.0
433.75,23.493431943671,9878,425.5,442.0
450.75,23.495114292717,9879,441.5,460.0
471.75,23.496796443081,9880,459.5,484.0
496.25,23.498483941968,9881,483.5,509.0
523.25,23.500347993787,9882,508.5,538.0
554.75,23.502205858644,9883,537.5,572.0
590.75,23.504923007902,9884,571.5,610.0
632.75,23.506611126677,9885,609.5,656.0
685.25,23.508475174522,9886,655.5,715.0
750.25,23.510333424822,9887,714.5,786.0
833.0,23.514212209002,9888,785.5,880.5
384.25,23.520519457277,9890,379.5,389.0
394.25,23.522383040206,9891,388.5,400.0
406.25,23.524247326469,9892,399.5,413.0
419.25,23.526105258878,9893,412.5,426.0
433.75,23.528958024597,9894,425.5,442.0
450.75,23.530639674282,9895,441.5,460.0
471.75,23.532321824646,9896,459.5,484.0
496.25,23.534003776328,9897,483.5,509.0
523.25,23.53591945769,9898,508.5,538.0
554.75,23.537777692095,9899,537.5,572.0
590.75,23.540448091443,9900,571.5,610.0
632.75,23.542129776891,9901,609.5,656.0
685.25,23.543812590853,9902,655.5,715.0
750.25,23.545723007139,9903,714.5,786.0
833.0,23.548994710064,9904,785.5,880.5
384.25,23.55354762675,9906,379.5,389.0
394.25,23.555411408361,9907,388.5,400.0
406.25,23.557269742107,9908,399.5,413.0
419.25,23.559179343796,9909,412.5,426.0
433.75,23.561960508442,9910,425.5,442.0
450.75,23.563642356809,9911,441.5,460.0
471.75,23.565324709829,9912,459.5,484.0
496.25,23.567012224611,9913,483.5,509.0
523.25,23.568870923932,9914,508.5,538.0
554.75,23.570780875301,9915,537.5,572.0
590.75,23.57352570893,9916,571.5,610.0
632.75,23.575208042081,9917,609.5,656.0
685.25,23.576896140989,9918,655.5,715.0
750.25,23.578754375394,9919,714.5,786.0
833.0,23.582244358476,9920,785.5,880.5
384.25,23.58678514363,9922,379.5,389.0
394.25,23.588473008092,9923,388.5,400.0
406.25,23.590331409391,9924,399.5,413.0
419.25,23.592240875975,9925,412.5,426.0
433.75,23.594947626209,9926,425.5,442.0
450.75,23.596629891809,9927,441.5,460.0
471.75,23.59831222496,9928,459.5,484.0
496.25,23.599999723848,9929,483.5,509.0
523.25,23.601864010111,9930,508.5,538.0
554.75,23.603721958415,9931,537.5,572.0
590.75,23.606418476518,9932,571.5,610.0
632.75,23.608100006994,9933,609.5,656.0
685.25,23.609782542801,9934,655.5,715.0
750.25,23.611693876998,9935,714.5,786.0
833.0,23.615574743366,9936,785.5,880.5
384.25,23.620097341156,9938,379.5,389.0
394.25,23.621779276943,9939,388.5,400.0
406.25,23.6236949742,9940,399.5,413.0
419.25,23.625418323294,9941,412.5,426.0
433.75,23.628097643471,9942,425.5,442.0
450.75,23.629785158253,9943,441.5,460.0
471.75,23.631466958936,9944,459.5,484.0
496.25,23.633155308183,9945,483.5,509.0
523.25,23.63501361014,9946,508.5,538.0
554.75,23.636925127125,9947,537.5,572.0
590.75,23.639894773579,9948,571.5,610.0
632.75,23.641576824601,9949,609.5,656.0
685.25,23.643259443855,9950,655.5,715.0
750.25,23.645169391251,9951,714.5,786.0
833.0,23.649056357161,9952,785.5,880.5
384.25,23.653566775735,9954,379.5,389.0
394.25,23.655249009546,9955,388.5,400.0
406.25,23.657161209997,9956,399.5,413.0
419.25,23.658843491491,9957,412.5,426.0
433.75,23.66150517664,9958,425.5,442.0
450.75,23.663187243557,9959,441.5,460.0
471.75,23.664869775391,9960,459.5,484.0
496.25,23.666557357725,9961,483.5,509.0
523.25,23.668416510042,9962,508.5,538.0
554.75,23.670338724073,9963,537.5,572.0
590.75,23.67308307689,9964,571.5,610.0
632.75,23.674765207386,9965,609.5,656.0
685.25,23.67645287714,9966,655.5,715.0
750.25,23.678311059888,9967,714.5,786.0
833.0,23.68218824269,9968,785.5,880.5
384.25,23.688239310201,9970,379.5,389.0
394.25,23.689927274005,9971,388.5,400.0
406.25,23.69178515873,9972,399.5,413.0
419.25,23.693467309093,9973,412.5,426.0
433.75,23.696397624429,9974,425.5,442.0
450.75,23.698085159079,9975,441.5,460.0
471.75,23.699820425129,9976,459.5,484.0
496.25,23.70150844059,9977,483.5,509.0
523.25,23.703366790231,9978,508.5,538.0
554.75,23.705276825047,9979,537.5,572.0
590.75,23.708019874509,9980,571.5,610.0
632.75,23.709702207661,9981,609.5,656.0
685.25,23.711390441672,9982,655.5,715.0
750.25,23.713248556868,9983,714.5,786.0
833.0,23.717120593802,9984,785.5,880.5
384.25,23.721687243398,9986,379.5,389.0
394.25,23.723551609135,9987,388.5,400.0
406.25,23.725409390545,9988,399.5,413.0
419.25,23.727091310438,9989,412.5,426.0
433.75,23.729973659929,9990,425.5,442.0
450.75,23.731656108316,9991,441.5,460.0
471.75,23.733337841447,9992,459.5,484.0
496.25,23.735019773261,9993,483.5,509.0
523.25,23.736702209727,9994,508.5,538.0
554.75,23.738614040629,9995,537.5,572.0
590.75,23.741234376049,9996,571.5,610.0
632.75,23.742916943645,9997,609.5,656.0
685.25,23.744599741713,9998,655.5,715.0
750.25,23.746509391085,9999,714.5,786.0
833.0,23.750199757036,10000,785.5,880.5
384.25,23.754739175256,10002,379.5,389.0
394.25,23.756597675896,10003,388.5,400.0
406.25,23.758514926847,10004,399.5,413.0
419.25,23.760197526232,10005,412.5,426.0
433.75,23.763049910482,10006,425.5,442.0
450.75,23.764731909847,10007,441.5,460.0
471.75,23.766414807256,10008,459.5,484.0
496.25,23.768102441247,10009,483.5,509.0
523.25,23.769816809909,10010,508.5,538.0
554.75,23.771674758212,10011,537.5,572.0
590.75,23.774390774981,10012,571.5,610.0
632.75,23.776110174274,10013,609.5,656.0
685.25,23.777792340533,10014,655.5,715.0
750.25,23.779704008516,10015,714.5,786.0
833.0,23.783584525204,10016,785.5,880.5
384.25,23.788229924456,10018,379.5,389.0
394.25,23.790095593548,10019,388.5,400.0
406.25,23.791953943189,10020,399.5,413.0
419.25,23.79386434358,10021,412.5,426.0
433.75,23.79701655906,10022,425.5,442.0
450.75,23.798698673662,10023,441.5,460.0
471.75,23.800381042576,10024,459.5,484.0
496.25,23.80206897459,10025,483.5,509.0
523.25,23.80392722489,10026,508.5,538.0
554.75,23.805837259706,10027,537.5,572.0
590.75,23.808628624694,10028,571.5,610.0
632.75,23.810315825558,10029,609.5,656.0
685.25,23.812179841614,10030,655.5,715.0
750.25,23.814038326359,10031,714.5,786.0
833.0,23.817916276073,10032,785.5,880.5
384.25,23.822523957507,10034,379.5,389.0
394.25,23.824382474041,10035,388.5,400.0
406.25,23.826298143482,10036,399.5,413.0
419.25,23.828156393782,10037,412.5,426.0
433.75,23.831568890826,10038,425.5,442.0
450.75,23.833256008244,10039,441.5,460.0
471.75,23.835114373779,10040,459.5,484.0
496.25,23.837031390285,10041,483.5,509.0
523.25,23.838895608997,10042,508.5,538.0
554.75,23.840753942744,10043,537.5,572.0
590.75,23.843363608932,10044,571.5,610.0
632.75,23.845051060136,10045,609.5,656.0
685.25,23.846909393883,10046,655.5,715.0
750.25,23.848819377041,10047,714.5,786.0
833.0,23.852697692331,10048,785.5,880.5
384.25,23.858887726084,10050,379.5,389.0
394.25,23.860751857376,10051,388.5,400.0
406.25,23.862616441663,10052,399.5,413.0
419.25,23.86447477541,10053,412.5,426.0
433.75,23.867486192799,10054,425.5,442.0
450.75,23.869173592345,10055,441.5,460.0
471.75,23.871031926092,10056,459.5,484.0
496.25,23.872760790602,10057,483.5,509.0
523.25,23.874625406679,10058,508.5,538.0
554.75,23.876483509954,10059,537.5,572.0
590.75,23.878916825867,10060,571.5,610.0
632.75,23.880604459858,10061,609.5,656.0
685.25,23.882468909041,10062,655.5,715.0
750.25,23.884326773898,10063,714.5,786.0
833.0,23.888213290787,10064,785.5,880.5
384.25,23.893021907425,10066,379.5,389.0
394.25,23.894880308723,10067,388.5,400.0
406.25,23.896795890745,10068,399.5,413.0
419.25,23.898654959615,10069,412.5,426.0
433.75,23.901122607803,10070,425.5,442.0
450.75,23.902810241795,10071,441.5,460.0
471.75,23.904668825881,10072,459.5,484.0
496.25,23.906585206604,10073,483.5,509.0
523.25,23.908443540351,10074,508.5,538.0
554.75,23.910353142039,10075,537.5,572.0
590.75,23.912926775233,10076,571.5,610.0
632.75,23.914614425119,10077,609.5,656.0
685.25,23.916478659725,10078,655.5,715.0
750.25,23.918337676938,10079,714.5,786.0
833.0,23.922211593405,10080,785.5,880.5
384.25,23.927115259584,10082,379.5,389.0
394.25,23.928973676777,10083,388.5,400.0
406.25,23.93088402551,10084,399.5,413.0
419.25,23.932566525555,10085,412.5,426.0
433.75,23.935003958162,10086,425.5,442.0
450.75,23.936686092631,10087,441.5,460.0
471.75,23.938368040339,10088,459.5,484.0
496.25,23.940056409454,10089,483.5,509.0
523.25,23.941920556641,10090,508.5,538.0
554.75,23.943778973834,10091,537.5,572.0
590.75,23.946529342747,10092,571.5,610.0
632.75,23.948392893887,10093,609.5,656.0
685.25,23.950081024583,10094,655.5,715.0
750.25,23.95194825929,10095,714.5,786.0
833.0,23.954723991966,10096,785.5,880.5
384.25,23.959294956938,10098,379.5,389.0
394.25,23.961152774111,10099,388.5,400.0
406.25,23.962835309919,10100,399.5,413.0
419.25,23.96451704305,10101,412.5,426.0
433.75,23.966860208925,10102,425.5,442.0
450.75,23.968541942056,10103,441.5,460.0
471.75,23.970223993079,10104,459.5,484.0
496.25,23.971907093143,10105,483.5,509.0
523.25,23.973594540373,10106,508.5,538.0
554.75,23.975452476756,10107,537.5,572.0
590.75,23.978327260431,10108,571.5,610.0
632.75,23.980194360034,10109,609.5,656.0
685.25,23.982052876568,10110,655.5,715.0
750.25,23.983962692833,10111,714.5,786.0
833.0,23.986386225637,10112,785.5,880.5
384.25,23.990897176679,10114,379.5,389.0
394.25,23.992762325223,10115,388.5,400.0
406.25,23.994444257037,10116,399.5,413.0
419.25,23.996126192824,10117,412.5,426.0
433.75,23.998391892529,10118,425.5,442.0
450.75,24.000079359627,10119,441.5,460.0
471.75,24.001762292798,10120,459.5,484.0
496.25,24.003444459057,10121,483.5,509.0
523.25,24.005127276993,10122,508.5,538.0
554.75,24.007037693278,10123,537.5,572.0
590.75,24.009741991774,10124,571.5,610.0
632.75,24.011429542319,10125,609.5,656.0
685.25,24.013287693278,10126,655.5,715.0
750.25,24.015208143012,10127,714.5,786.0
833.0,24.017834923681,10128,785.5,880.5
384.25,24.02393314244,10130,379.5,389.0
394.25,24.025790975507,10131,388.5,400.0
406.25,24.02747362655,10132,399.5,413.0
419.25,24.029156074937,10133,412.5,426.0
433.75,24.031470058378,10134,425.5,442.0
450.75,24.033152260399,10135,441.5,460.0
471.75,24.034834724681,10136,459.5,484.0
496.25,24.036522724247,10137,483.5,509.0
523.25,24.038232626534,10138,508.5,538.0
554.75,24.040090976175,10139,537.5,572.0
590.75,24.042906059837,10140,571.5,610.0
632.75,24.044593558725,10141,609.5,656.0
685.25,24.04645747544,10142,655.5,715.0
750.25,24.048315876738,10143,714.5,786.0
833.0,24.052190293884,10144,785.5,880.5
384.25,24.057383523401,10146,379.5,389.0
394.25,24.059241773701,10147,388.5,400.0
406.25,24.061152825769,10148,399.5,413.0
419.25,24.062835242367,10149,412.5,426.0
433.75,24.065591857847,10150,425.5,442.0
450.75,24.067274024105,10151,441.5,460.0
471.75,24.068961526966,10152,459.5,484.0
496.25,24.070649725215,10153,483.5,509.0
523.25,24.072508158302,10154,508.5,538.0
554.75,24.074417875226,10155,537.5,572.0
590.75,24.077370657539,10156,571.5,610.0
632.75,24.079058140532,10157,609.5,656.0
685.25,24.080916875617,10158,655.5,715.0
750.25,24.082826993879,10159,714.5,786.0
833.0,24.086705042934,10160,785.5,880.5
384.25,24.092074074364,10162,379.5,389.0
394.25,24.093938225524,10163,388.5,400.0
406.25,24.09580199124,10164,399.5,413.0
419.25,24.09766024154,10165,412.5,426.0
433.75,24.100652009265,10166,425.5,442.0
450.75,24.102334060287,10167,441.5,460.0
471.75,24.10402154328,10168,459.5,484.0
496.25,24.105886326249,10169,483.5,509.0
523.25,24.107744477208,10170,508.5,538.0
554.75,24.109653991477,10171,537.5,572.0
590.75,24.112458159542,10172,571.5,610.0
632.75,24.114145674324,10173,609.5,656.0
685.25,24.116004393514,10174,655.5,715.0
750.25,24.117919876194,10175,714.5,786.0
833.0,24.121803460534,10176,785.5,880.5
384.25,24.127116392072,10178,379.5,389.0
394.25,24.128975290076,10179,388.5,400.0
406.25,24.130891476091,10180,399.5,413.0
419.25,24.132749126371,10181,412.5,426.0
433.75,24.13528830808,10182,425.5,442.0
450.75,24.13697057368,10183,441.5,460.0
471.75,24.138652473704,10184,459.5,484.0
496.25,24.140339809672,10185,483.5,509.0
523.25,24.142198759333,10186,508.5,538.0
554.75,24.144109723981,10187,537.5,572.0
590.75,24.146835241731,10188,571.5,610.0
632.75,24.148522740618,10189,609.5,656.0
685.25,24.150386808332,10190,655.5,715.0
750.25,24.152244959291,10191,714.5,786.0
833.0,24.156119157887,10192,785.5,880.5
384.25,24.161110260105,10194,379.5,389.0
394.25,24.162974057611,10195,388.5,400.0
406.25,24.164838375664,10196,399.5,413.0
419.25,24.166520677026,10197,412.5,426.0
433.75,24.168957442061,10198,425.5,442.0
450.75,24.170639973895,10199,441.5,460.0
471.75,24.172327909883,10200,459.5,484.0
496.25,24.174010258929,10201,483.5,509.0
523.25,24.175927990691,10202,508.5,538.0
554.75,24.177785843627,10203,537.5,572.0
590.75,24.180399841086,10204,571.5,610.0
632.75,24.18208199145,10205,609.5,656.0
685.25,24.18377012612,10206,655.5,715.0
750.25,24.185628209527,10207,714.5,786.0
833.0,24.189501124636,10208,785.5,880.5
384.25,24.196324143823,10210,379.5,389.0
394.25,24.198188243326,10211,388.5,400.0
406.25,24.200046577072,10212,399.5,413.0
419.25,24.201728707568,10213,412.5,426.0
433.75,24.204481091118,10214,425.5,442.0
450.75,24.206163142141,10215,441.5,460.0
471.75,24.207844875272,10216,459.5,484.0
496.25,24.209533176835,10217,483.5,509.0
523.25,24.211391407267,10218,508.5,538.0
554.75,24.21330282491,10219,537.5,572.0
590.75,24.216060743745,10220,571.5,610.0
632.75,24.217748242633,10221,609.5,656.0
685.25,24.219612723605,10222,655.5,715.0
750.25,24.221470675882,10223,714.5,786.0
833.0,24.225349126275,10224,785.5,880.5
384.25,24.230010277049,10226,379.5,389.0
394.25,24.231874758021,10227,388.5,400.0
406.25,24.233732559299,10228,399.5,413.0
419.25,24.235414423561,10229,412.5,426.0
433.75,24.238210843023,10230,425.5,442.0
450.75,24.239892806625,10231,441.5,460.0
471.75,24.241575227197,10232,459.5,484.0
496.25,24.243262940661,10233,483.5,509.0
523.25,24.245121326065,10234,508.5,538.0
554.75,24.247048240916,10235,537.5,572.0
590.75,24.249657009061,10236,571.5,610.0
632.75,24.251344507949,10237,609.5,656.0
685.25,24.253203290717,10238,655.5,715.0
750.25,24.255114458021,10239,714.5,786.0
833.0,24.258997776127,10240,785.5,880.5
384.25,24.263550859706,10242,379.5,389.0
394.25,24.265409193452,10243,388.5,400.0
406.25,24.267320690568,10244,399.5,413.0
419.25,24.26900302372,10245,412.5,426.0
433.75,24.271917508062,10246,425.5,442.0
450.75,24.273599841213,10247,441.5,460.0
471.75,24.275282106813,10248,459.5,484.0
496.25,24.276964523411,10249,483.5,509.0
523.25,24.278881126658,10250,508.5,538.0
554.75,24.280739440537,10251,537.5,572.0
590.75,24.283469992892,10252,571.5,610.0
632.75,24.285334092395,10253,609.5,656.0
685.25,24.287198243554,10254,655.5,715.0
750.25,24.289056509749,10255,714.5,786.0
833.0,24.291605307674,10256,785.5,880.5
384.25,24.296304923312,10258,379.5,389.0
394.25,24.298168923473,10259,388.5,400.0
406.25,24.300027225431,10260,399.5,413.0
419.25,24.301709240691,10261,412.5,426.0
433.75,24.304742107805,10262,425.5,442.0
450.75,24.306424742953,10263,441.5,460.0
471.75,24.30810620985,10264,459.5,484.0
496.25,24.3097942571,10265,483.5,509.0
523.25,24.311652741845,10266,508.5,538.0
554.75,24.313562756793,10267,537.5,572.0
590.75,24.316245708879,10268,571.5,610.0
632.75,24.317933307107,10269,609.5,656.0
685.25,24.319797509925,10270,655.5,715.0
750.25,24.321656590716,10271,714.5,786.0
833.0,24.324051640447,10272,785.5,880.5
384.25,24.328849941508,10274,379.5,389.0
394.25,24.330708275255,10275,388.5,400.0
406.25,24.332617924627,10276,399.5,413.0
419.25,24.334300158437,10277,412.5,426.0
433.75,24.337232524172,10278,425.5,442.0
450.75,24.338914575195,10279,441.5,460.0
471.75,24.340596777217,10280,459.5,484.0
496.25,24.342284109211,10281,483.5,509.0
523.25,24.344142442958,10282,508.5,538.0
554.75,24.346053407605,10283,537.5,572.0
590.75,24.3487700085,10284,571.5,610.0
632.75,24.350457559045,10285,609.5,656.0
685.25,24.352321658548,10286,655.5,715.0
750.25,24.354180039978,10287,714.5,786.0
833.0,24.356719007111,10288,785.5,880.5
384.25,24.36313309075,10290,379.5,389.0
394.25,24.364997857825,10291,388.5,400.0
406.25,24.366857141272,10292,399.5,413.0
419.25,24.368539474424,10293,412.5,426.0
433.75,24.371122791386,10294,425.5,442.0
450.75,24.372804874198,10295,441.5,460.0
471.75,24.374486857669,10296,459.5,484.0
496.25,24.376174877103,10297,483.5,509.0
523.25,24.378033226744,10298,508.5,538.0
554.75,24.379943492031,10299,537.5,572.0
590.75,24.382650774733,10300,571.5,610.0
632.75,24.384338440514,10301,609.5,656.0
685.25,24.386202540016,10302,655.5,715.0
750.25,24.388060774422,10303,714.5,786.0
833.0,24.390648792203,10304,785.5,880.5
384.25,24.395516639964,10306,379.5,389.0
394.25,24.397381057358,10307,388.5,400.0
406.25,24.399239458656,10308,399.5,413.0
419.25,24.400921760019,10309,412.5,426.0
433.75,24.403498274104,10310,425.5,442.0
450.75,24.405180460231,10311,441.5,460.0
471.75,24.406863290087,10312,459.5,484.0
496.25,24.408550892289,10313,483.5,509.0
523.25,24.410414626217,10314,508.5,538.0
554.75,24.41227282486,10315,537.5,572.0
590.75,24.415214957809,10316,571.5,610.0
632.75,24.416902424908,10317,609.5,656.0
685.25,24.41876087389,10318,655.5,715.0
750.25,24.420672092851,10319,714.5,786.0
833.0,24.423857424672,10320,785.5,880.5
384.25,24.428580107307,10322,379.5,389.0
394.25,24.430444639937,10323,388.5,400.0
406.25,24.43230245711,10324,399.5,413.0
419.25,24.433984643237,10325,412.5,426.0
433.75,24.436760375913,10326,425.5,442.0
450.75,24.438442542171,10327,441.5,460.0
471.75,24.440130875524,10328,459.5,484.0
496.25,24.441989475505,10329,483.5,509.0
523.25,24.443905490653,10330,508.5,538.0
554.75,24.445763776716,10331,537.5,572.0
590.75,24.448457191404,10332,571.5,610.0
632.75,24.450145624097,10333,609.5,656.0
685.25,24.452009624259,10334,655.5,715.0
750.25,24.453868641472,10335,714.5,786.0
833.0,24.457460310078,10336,785.5,880.5
384.25,24.462274891154,10338,379.5,389.0
394.25,24.464133224901,10339,388.5,400.0
406.25,24.466050475852,10340,399.5,413.0
419.25,24.467909024175,10341,412.5,426.0
433.75,24.47094464105,10342,425.5,442.0
450.75,24.472626974201,10343,441.5,460.0
471.75,24.474309208012,10344,459.5,484.0
496.25,24.475991473611,10345,483.5,509.0
523.25,24.477908223883,10346,508.5,538.0
554.75,24.479766943073,10347,537.5,572.0
590.75,24.482496108627,10348,571.5,610.0
632.75,24.48421032629,10349,609.5,656.0
685.25,24.486068640169,10350,655.5,715.0
750.25,24.487977991517,10351,714.5,786.0
833.0,24.491854959742,10352,785.5,880.5
384.25,24.496924791749,10354,379.5,389.0
394.25,24.498788990593,10355,388.5,400.0
406.25,24.500652891413,10356,399.5,413.0
419.25,24.502511876837,10357,412.5,426.0
433.75,24.505650792535,10358,425.5,442.0
450.75,24.507333626366,10359,441.5,460.0
471.75,24.509016042964,10360,459.5,484.0
496.25,24.510698825137,10361,483.5,509.0
523.25,24.512614490604,10362,508.5,538.0
554.75,24.514472824351,10363,537.5,572.0
590.75,24.517022810396,10364,571.5,610.0
632.75,24.518710309283,10365,609.5,656.0
685.25,24.520574790255,10366,655.5,715.0
750.25,24.522433259106,10367,714.5,786.0
833.0,24.526320042229,10368,785.5,880.5
384.25,24.53299357694,10370,379.5,389.0
394.25,24.534857541339,10371,388.5,400.0
406.25,24.536723842239,10372,399.5,413.0
419.25,24.538582076645,10373,412.5,426.0
433.75,24.541766860104,10374,425.5,442.0
450.75,24.543448724365,10375,441.5,460.0
471.75,24.545131156858,10376,459.5,484.0
496.25,24.546818941847,10377,483.5,509.0
523.25,24.54867700936,10378,508.5,538.0
554.75,24.550588407135,10379,537.5,572.0
590.75,24.553044956938,10380,571.5,610.0
632.75,24.554732575035,10381,609.5,656.0
685.25,24.556590876993,10382,655.5,715.0
750.25,24.558500907834,10383,714.5,786.0
833.0,24.56238472662,10384,785.5,880.5
384.25,24.567489876366,10386,379.5,389.0
394.25,24.569354106998,10387,388.5,400.0
406.25,24.571217991924,10388,399.5,413.0
419.25,24.573076341565,10389,412.5,426.0
433.75,24.576334140714,10390,425.5,442.0
450.75,24.578016593075,10391,441.5,460.0
471.75,24.579704457537,10392,459.5,484.0
496.25,24.581501990573,10393,483.5,509.0
523.25,24.583360340214,10394,508.5,538.0
554.75,24.585270092901,10395,537.5,572.0
590.75,24.587763677057,10396,571.5,610.0
632.75,24.589451990541,10397,609.5,656.0
685.25,24.591315974808,10398,655.5,715.0
750.25,24.593174125767,10399,714.5,786.0
833.0,24.595564959462,10400,785.5,880.5
384.25,24.600333525753,10402,379.5,389.0
394.25,24.602200526015,10403,388.5,400.0
406.25,24.604065074539,10404,399.5,413.0
419.25,24.605923225498,10405,412.5,426.0
433.75,24.608899809933,10406,425.5,442.0
450.75,24.610582043743,10407,441.5,460.0
471.75,24.612270190334,10408,459.5,484.0
496.25,24.613952293015,10409,483.5,509.0
523.25,24.615684141731,10410,508.5,538.0
554.75,24.617542574819,10411,537.5,572.0
590.75,24.62021074098,10412,571.5,610.0
632.75,24.622074224567,10413,609.5,656.0
685.25,24.623938824749,10414,655.5,715.0
750.25,24.625797539965,10415,714.5,786.0
833.0,24.628150290267,10416,785.5,880.5
384.25,24.632883840815,10418,379.5,389.0
394.25,24.634748325761,10419,388.5,400.0
406.25,24.636612441158,10420,399.5,413.0
419.25,24.638471160348,10421,412.5,426.0
433.75,24.64166697464,10422,425.5,442.0
450.75,24.64334920845,10423,441.5,460.0
471.75,24.645037442462,10424,459.5,484.0
496.25,24.646725426133,10425,483.5,509.0
523.25,24.648583640671,10426,508.5,538.0
554.75,24.650495074209,10427,537.5,572.0
590.75,24.653044273472,10428,571.5,610.0
632.75,24.654731760438,10429,609.5,656.0
685.25,24.656596157964,10430,655.5,715.0
750.25,24.658454491711,10431,714.5,786.0
833.0,24.661370776113,10432,785.5,880.5
384.25,24.666008275763,10434,379.5,389.0
394.25,24.66787286005,10435,388.5,400.0
406.25,24.669736776765,10436,399.5,413.0
419.25,24.671596159554,10437,412.5,426.0
433.75,24.674515976524,10438,425.5,442.0
450.75,24.67619832557,10439,441.5,460.0
471.75,24.677881075954,10440,459.5,484.0
496.25,24.679568674183,10441,483.5,509.0
523.25,24.681427023824,10442,508.5,538.0
554.75,24.683336625512,10443,537.5,572.0
590.75,24.685968591785,10444,571.5,610.0
632.75,24.687656209882,10445,609.5,656.0
685.25,24.689519991493,10446,655.5,715.0
750.25,24.691377923902,10447,714.5,786.0
833.0,24.694695776717,10448,785.5,880.5
384.25,24.700753027217,10450,379.5,389.0
394.25,24.70261662604,10451,388.5,400.0
406.25,24.704482207712,10452,399.5,413.0
419.25,24.70634000899,10453,412.5,426.0
433.75,24.70890447499,10454,425.5,442.0
450.75,24.710586740589,10455,441.5,460.0
471.75,24.712268692271,10456,459.5,484.0
496.25,24.713957009729,10457,483.5,509.0
523.25,24.715821176783,10458,508.5,538.0
554.75,24.717679109192,10459,537.5,572.0
590.75,24.720435323334,10460,571.5,610.0
632.75,24.722116992887,10461,609.5,656.0
685.25,24.723805008348,10462,655.5,715.0
750.25,24.725663791116,10463,714.5,786.0
833.0,24.728466608143,10464,785.5,880.5
384.25,24.733093708769,10466,379.5,389.0
394.25,24.734958173847,10467,388.5,400.0
406.25,24.736822058773,10468,399.5,413.0
419.25,24.738681207116,10469,412.5,426.0
433.75,24.741295792675,10470,425.5,442.0
450.75,24.742977593358,10471,441.5,460.0
471.75,24.744659843063,10472,459.5,484.0
496.25,24.746347560501,10473,483.5,509.0
523.25,24.74820549291,10474,508.5,538.0
554.75,24.750116624451,10475,537.5,572.0
590.75,24.752942508475,10476,571.5,610.0
632.75,24.754631207403,10477,609.5,656.0
685.25,24.756313357766,10478,655.5,715.0
750.25,24.758223774052,10479,714.5,786.0
833.0,24.762109857814,10480,785.5,880.5
384.25,24.766839526113,10482,379.5,389.0
394.25,24.768697875754,10483,388.5,400.0
406.25,24.770615007496,10484,399.5,413.0
419.25,24.772473257796,10485,412.5,426.0
433.75,24.775370758788,10486,425.5,442.0
450.75,24.777052607155,10487,441.5,460.0
471.75,24.778735357539,10488,459.5,484.0
496.25,24.78042324187,10489,483.5,509.0
523.25,24.782242506758,10490,508.5,538.0
554.75,24.784152410444,10491,537.5,572.0
590.75,24.787011275705,10492,571.5,610.0
632.75,24.788698858039,10493,609.5,656.0
685.25,24.790563025093,10494,655.5,715.0
750.25,24.792421509838,10495,714.5,786.0
833.0,24.796308674431,10496,785.5,880.5
384.25,24.801225858943,10498,379.5,389.0
394.25,24.803089541213,10499,388.5,400.0
406.25,24.804953608926,10500,399.5,413.0
419.25,24.806811759885,10501,412.5,426.0
433.75,24.809760373847,10502,425.5,442.0
450.75,24.811442623552,10503,441.5,460.0
471.75,24.813124976571,10504,459.5,484.0
496.25,24.814806773281,10505,483.5,509.0
523.25,24.816489559428,10506,508.5,538.0
554.75,24.818399975713,10507,537.5,572.0
590.75,24.821322876231,10508,571.5,610.0
632.75,24.823010391013,10509,609.5,656.0
685.25,24.824874959405,10510,655.5,715.0
750.25,24.826733309046,10511,714.5,786.0
833.0,24.830607225513,10512,785.5,880.5
384.25,24.835680025832,10514,379.5,389.0
394.25,24.837544991589,10515,388.5,400.0
406.25,24.839402943865,10516,399.5,413.0
419.25,24.84132327439,10517,412.5,426.0
433.75,24.844283690071,10518,425.5,442.0
450.75,24.845965975539,10519,441.5,460.0
471.75,24.847647907352,10520,459.5,484.0
496.25,24.849330125268,10521,483.5,509.0
523.25,24.851017540709,10522,508.5,538.0
554.75,24.852876041349,10523,537.5,572.0
590.75,24.855808875974,10524,571.5,610.0
632.75,24.857496192074,10525,609.5,656.0
685.25,24.85935452582,10526,655.5,715.0
750.25,24.86126457653,10527,714.5,786.0
833.0,24.865139542039,10528,785.5,880.5
384.25,24.872129140313,10530,379.5,389.0
394.25,24.873810873445,10531,388.5,400.0
406.25,24.875745191193,10532,399.5,413.0
419.25,24.877603509045,10533,412.5,426.0
433.75,24.880639559046,10534,425.5,442.0
450.75,24.88232170941,10535,441.5,460.0
471.75,24.884004141903,10536,459.5,484.0
496.25,24.88569164079,10537,483.5,509.0
523.25,24.887549724197,10538,508.5,538.0
554.75,24.889460092799,10539,537.5,572.0
590.75,24.892383692678,10540,571.5,610.0
632.75,24.894071859137,10541,609.5,656.0
685.25,24.895930041885,10542,655.5,715.0
750.25,24.897839957492,10543,714.5,786.0
833.0,24.901721308645,10544,785.5,880.5
384.25,24.907095024999,10546,379.5,389.0
394.25,24.908953473981,10547,388.5,400.0
406.25,24.910869191106,10548,399.5,413.0
419.25,24.912727441406,10549,412.5,426.0
433.75,24.915720325724,10550,425.5,442.0
450.75,24.917402440325,10551,441.5,460.0
471.75,24.91908540926,10552,459.5,484.0
496.25,24.921012975788,10553,483.5,509.0
523.25,24.922871341324,10554,508.5,538.0
554.75,24.924781709925,10555,537.5,572.0
590.75,24.927568723774,10556,571.5,610.0
632.75,24.929250476774,10557,609.5,656.0
685.25,24.930933326499,10558,655.5,715.0
750.25,24.932844124254,10559,714.5,786.0
833.0,24.936719324207,10560,785.5,880.5
384.25,24.943443741417,10562,379.5,389.0
394.25,24.945307658132,10563,388.5,400.0
406.25,24.947179240004,10564,399.5,413.0
419.25,24.949037510173,10565,412.5,426.0
433.75,24.952050493177,10566,425.5,442.0
450.75,24.9537330568,10567,441.5,460.0
471.75,24.955420825895,10568,459.5,484.0
496.25,24.957279159641,10569,483.5,509.0
523.25,24.959197157637,10570,508.5,538.0
554.75,24.961055590725,10571,537.5,572.0
590.75,24.964155040201,10572,571.5,610.0
632.75,24.965842709955,10573,609.5,656.0
685.25,24.9676920434,10574,655.5,715.0
750.25,24.969602459685,10575,714.5,786.0
833.0,24.973295225716,10576,785.5,880.5
384.25,24.97855520846,10578,379.5,389.0
394.25,24.980237489955,10579,388.5,400.0
406.25,24.982162890848,10580,399.5,413.0
419.25,24.984021292146,10581,412.5,426.0
433.75,24.987202157593,10582,425.5,442.0
450.75,24.98888422451,10583,441.5,460.0
471.75,24.990571826712,10584,459.5,484.0
496.25,24.992436323579,10585,483.5,509.0
523.25,24.994294176515,10586,508.5,538.0
554.75,24.996204159673,10587,537.5,572.0
590.75,24.998942726866,10588,571.5,610.0
632.75,25.000630058861,10589,609.5,656.0
685.25,25.00249459149,10590,655.5,715.0
750.25,25.004352376874,10591,714.5,786.0
833.0,25.007798959827,10592,785.5,880.5
384.25,25.012697607295,10594,379.5,389.0
394.25,25.014379558976,10595,388.5,400.0
406.25,25.016289975262,10596,399.5,413.0
419.25,25.017972125626,10597,412.5,426.0
433.75,25.021463475641,10598,425.5,442.0
450.75,25.023145240561,10599,441.5,460.0
471.75,25.024833343442,10600,459.5,484.0
496.25,25.026698591328,10601,483.5,509.0
523.25,25.028556774076,10602,508.5,538.0
554.75,25.030485441303,10603,537.5,572.0
590.75,25.033124357478,10604,571.5,610.0
632.75,25.034811808681,10605,609.5,656.0
685.25,25.036670043087,10606,655.5,715.0
750.25,25.038581893857,10607,714.5,786.0
833.0,25.042465140438,10608,785.5,880.5
384.25,25.047743242995,10610,379.5,389.0
394.25,25.04943174324,10611,388.5,400.0
406.25,25.051296407,10612,399.5,413.0
419.25,25.053154474513,10613,412.5,426.0
433.75,25.056368257618,10614,425.5,442.0
450.75,25.058050392087,10615,441.5,460.0
471.75,25.059732625898,10616,459.5,484.0
496.25,25.061648509916,10617,483.5,509.0
523.25,25.063512525972,10618,508.5,538.0
554.75,25.065370859718,10619,537.5,572.0
590.75,25.067909723536,10620,571.5,610.0
632.75,25.069597190634,10621,609.5,656.0
685.25,25.071461707369,10622,655.5,715.0
750.25,25.073319774882,10623,714.5,786.0
833.0,25.077197192129,10624,785.5,880.5
384.25,25.082277109241,10626,379.5,389.0
394.25,25.084142957147,10627,388.5,400.0
406.25,25.086001306788,10628,399.5,413.0
419.25,25.087684824085,10629,412.5,426.0
433.75,25.090552490966,10630,425.5,442.0
450.75,25.092234724776,10631,441.5,460.0
471.75,25.093916676458,10632,459.5,484.0
496.25,25.095598826822,10633,483.5,509.0
523.25,25.097516693687,10634,508.5,538.0
554.75,25.09937502346,10635,537.5,572.0
590.75,25.101802108701,10636,571.5,610.0
632.75,25.103489643351,10637,609.5,656.0
685.25,25.105353540198,10638,655.5,715.0
750.25,25.107211826261,10639,714.5,786.0
833.0,25.110380540307,10640,785.5,880.5
384.25,25.116751307265,10642,379.5,389.0
394.25,25.118575026608,10643,388.5,400.0
406.25,25.120433360354,10644,399.5,413.0
419.25,25.122115073617,10645,412.5,426.0
433.75,25.124923942502,10646,425.5,442.0
450.75,25.126605774975,10647,441.5,460.0
471.75,25.128288807487,10648,459.5,484.0
496.25,25.129977109051,10649,483.5,509.0
523.25,25.131841741021,10650,508.5,538.0
554.75,25.133699407196,10651,537.5,572.0
590.75,25.13602087698,10652,571.5,610.0
632.75,25.137708359973,10653,609.5,656.0
685.25,25.139572960154,10654,655.5,715.0
750.25,25.141431174692,10655,714.5,786.0
833.0,25.145310825125,10656,785.5,880.5
384.25,25.150108375168,10658,379.5,389.0
394.25,25.15197234354,10659,388.5,400.0
406.25,25.153836725171,10660,399.5,413.0
419.25,25.155694693343,10661,412.5,426.0
433.75,25.158571773783,10662,425.5,442.0
450.75,25.160253391679,10663,441.5,460.0
471.75,25.161935824172,10664,459.5,484.0
496.25,25.163618793106,10665,483.5,509.0
523.25,25.165534176445,10666,508.5,538.0
554.75,25.167392092959,10667,537.5,572.0
590.75,25.169731758054,10668,571.5,610.0
632.75,25.171419793383,10669,609.5,656.0
685.25,25.173278492705,10670,655.5,715.0
750.25,25.175188940779,10671,714.5,786.0
833.0,25.178454659398,10672,785.5,880.5
384.25,25.184948541737,10674,379.5,389.0
394.25,25.186807193375,10675,388.5,400.0
406.25,25.188726458963,10676,399.5,413.0
419.25,25.19058429203,10677,412.5,426.0
433.75,25.193376443799,10678,425.5,442.0
450.75,25.195058375613,10679,441.5,460.0
471.75,25.196740907447,10680,459.5,484.0
496.25,25.19842920901,10681,483.5,509.0
523.25,25.200293809191,10682,508.5,538.0
554.75,25.202152127043,10683,537.5,572.0
590.75,25.204527125772,10684,571.5,610.0
632.75,25.206215093549,10685,609.5,656.0
685.25,25.208079224841,10686,655.5,715.0
750.25,25.209937542693,10687,714.5,786.0
833.0,25.213040608184,10688,785.5,880.5
384.25,25.217952491856,10690,379.5,389.0
394.25,25.219816726462,10691,388.5,400.0
406.25,25.221681223329,10692,399.5,413.0
419.25,25.22353884182,10693,412.5,426.0
433.75,25.226295175171,10694,425.5,442.0
450.75,25.227977126853,10695,441.5,460.0
471.75,25.229659293111,10696,459.5,484.0
496.25,25.231341725604,10697,483.5,509.0
523.25,25.233261841551,10698,508.5,538.0
554.75,25.235120091852,10699,537.5,572.0
590.75,25.237506673749,10700,571.5,610.0
632.75,25.239194275951,10701,609.5,656.0
685.25,25.241052510357,10702,655.5,715.0
750.25,25.24296345911,10703,714.5,786.0
833.0,25.246614640967,10704,785.5,880.5
384.25,25.25154587628,10706,379.5,389.0
394.25,25.253404690838,10707,388.5,400.0
406.25,25.255319807943,10708,399.5,413.0
419.25,25.257178042348,10709,412.5,426.0
433.75,25.260053426043,10710,425.5,442.0
450.75,25.261735858536,10711,441.5,460.0
471.75,25.263417607562,10712,459.5,484.0
496.25,25.265105607128,10713,483.5,509.0
523.25,25.266963909086,10714,508.5,538.0
554.75,25.268875060495,10715,537.5,572.0
590.75,25.271392109013,10716,571.5,610.0
632.75,25.2730796079,10717,609.5,656.0
685.25,25.274948475774,10718,655.5,715.0
750.25,25.276806006845,10719,714.5,786.0
833.0,25.279888957755,10720,785.5,880.5
384.25,25.28474172554,10722,379.5,389.0
394.25,25.286600059287,10723,388.5,400.0
406.25,25.288288392639,10724,399.5,413.0
419.25,25.290146658834,10725,412.5,426.0
433.75,25.292885492261,10726,425.5,442.0
450.75,25.294567308839,10727,441.5,460.0
471.75,25.296250059223,10728,459.5,484.0
496.25,25.297937041537,10729,483.5,509.0
523.25,25.299793110307,10730,508.5,538.0
554.75,25.301703041808,10731,537.5,572.0
590.75,25.304219307518,10732,571.5,610.0
632.75,25.305906941509,10733,609.5,656.0
685.25,25.307771275457,10734,655.5,715.0
750.25,25.309629609203,10735,714.5,786.0
833.0,25.312898975627,10736,785.5,880.5
384.25,25.317910474555,10738,379.5,389.0
394.25,25.319768808301,10739,388.5,400.0
406.25,25.321457125759,10740,399.5,413.0
419.25,25.323315089957,10741,412.5,426.0
433.75,25.326090123272,10742,425.5,442.0
450.75,25.327772873656,10743,441.5,460.0
471.75,25.329454606787,10744,459.5,484.0
496.25,25.331136757151,10745,483.5,509.0
523.25,25.333035391585,10746,508.5,538.0
554.75,25.334893792884,10747,537.5,572.0
590.75,25.33756674331,10748,571.5,610.0
632.75,25.339254158751,10749,609.5,656.0
685.25,25.341112575944,10750,655.5,715.0
750.25,25.343023373699,10751,714.5,786.0
833.0,25.346902523454,10752,785.5,880.5
384.25,25.353280140972,10754,379.5,389.0
394.25,25.355139110502,10755,388.5,400.0
406.25,25.357056727028,10756,399.5,413.0
419.25,25.358914774672,10757,412.5,426.0
433.75,25.361772992229,10758,425.5,442.0
450.75,25.363455241934,10759,441.5,460.0
471.75,25.365137960529,10760,459.5,484.0
496.25,25.36697752676,10761,483.5,509.0
523.25,25.368659474468,10762,508.5,538.0
554.75,25.370571376896,10763,537.5,572.0
590.75,25.373304810143,10764,571.5,610.0
632.75,25.37499230903,10765,609.5,656.0
685.25,25.376856873449,10766,655.5,715.0
750.25,25.378715290642,10767,714.5,786.0
833.0,25.382239657656,10768,785.5,880.5
384.25,25.387385875003,10770,379.5,389.0
394.25,25.389244407431,10771,388.5,400.0
406.25,25.391161940511,10772,399.5,413.0
419.25,25.39301974179,10773,412.5,426.0
433.75,25.395886073526,10774,425.5,442.0
450.75,25.397568041102,10775,441.5,460.0
471.75,25.3992504577,10776,459.5,484.0
496.25,25.401167760309,10777,483.5,509.0
523.25,25.403015575822,10778,508.5,538.0
554.75,25.404873909569,10779,537.5,572.0
590.75,25.407557024574,10780,571.5,610.0
632.75,25.409244360542,10781,609.5,656.0
685.25,25.411102459844,10782,655.5,715.0
750.25,25.412909326967,10783,714.5,786.0
833.0,25.416782706992,10784,785.5,880.5
384.25,25.421835492071,10786,379.5,389.0
394.25,25.423699325339,10787,388.5,400.0
406.25,25.425564024862,10788,399.5,413.0
419.25,25.427421790377,10789,412.5,426.0
433.75,25.430437992032,10790,425.5,442.0
450.75,25.432120126502,10791,441.5,460.0
471.75,25.433808157857,10792,459.5,484.0
496.25,25.435666757838,10793,483.5,509.0
523.25,25.437348475075,10794,508.5,538.0
554.75,25.439258724467,10795,537.5,572.0
590.75,25.442018840726,10796,571.5,610.0
632.75,25.443706725057,10797,609.5,656.0
685.25,25.44557104311,10798,655.5,715.0
750.25,25.447429257647,10799,714.5,786.0
833.0,25.451314673837,10800,785.5,880.5
384.25,25.456288876152,10802,379.5,389.0
394.25,25.458152824656,10803,388.5,400.0
406.25,25.460017257945,10804,399.5,413.0
419.25,25.461876008924,10805,412.5,426.0
433.75,25.464869827048,10806,425.5,442.0
450.75,25.46655190986,10807,441.5,460.0
471.75,25.468234807269,10808,459.5,484.0
496.25,25.46992231013,10809,483.5,509.0
523.25,25.471786942101,10810,508.5,538.0
554.75,25.473645240084,10811,537.5,572.0
590.75,25.476430175718,10812,571.5,610.0
632.75,25.478117825603,10813,609.5,656.0
685.25,25.47997555933,10814,655.5,715.0
750.25,25.481885526594,10815,714.5,786.0
833.0,25.485764692243,10816,785.5,880.5
384.25,25.491020991421,10818,379.5,389.0
394.25,25.49287927351,10819,388.5,400.0
406.25,25.494796325779,10820,399.5,413.0
419.25,25.496655327098,10821,412.5,426.0
433.75,25.499813960012,10822,425.5,442.0
450.75,25.501496007061,10823,441.5,460.0
471.75,25.503184340413,10824,459.5,484.0
496.25,25.505048590914,10825,483.5,509.0
523.25,25.506906741873,10826,508.5,538.0
554.75,25.508816860135,10827,537.5,572.0
590.75,25.511705642955,10828,571.5,610.0
632.75,25.513393225288,10829,609.5,656.0
685.25,25.515257360554,10830,655.5,715.0
750.25,25.5171152572,10831,714.5,786.0
833.0,25.520995241419,10832,785.5,880.5
384.25,25.527447356796,10834,379.5,389.0
394.25,25.529305173969,10835,388.5,400.0
406.25,25.531223926957,10836,399.5,413.0
419.25,25.533082010365,10837,412.5,426.0
433.75,25.536283892409,10838,425.5,442.0
450.75,25.537966058668,10839,441.5,460.0
471.75,25.539654276784,10840,459.5,484.0
496.25,25.541512674109,10841,483.5,509.0
523.25,25.54343355697,10842,508.5,538.0
554.75,25.545291775481,10843,537.5,572.0
590.75,25.548020992692,10844,571.5,610.0
632.75,25.549708439922,10845,609.5,656.0
685.25,25.551571824169,10846,655.5,715.0
750.25,25.553430726147,10847,714.5,786.0
833.0,25.557310607052,10848,785.5,880.5
384.25,25.562641773637,10850,379.5,389.0
394.25,25.564505893008,10851,388.5,400.0
406.25,25.566364393648,10852,399.5,413.0
419.25,25.568275509294,10853,412.5,426.0
433.75,25.57143434089,10854,425.5,442.0
450.75,25.573116689936,10855,441.5,460.0
471.75,25.574798625724,10856,459.5,484.0
496.25,25.57648602527,10857,483.5,509.0
523.25,25.578350510216,10858,508.5,538.0
554.75,25.580208824094,10859,537.5,572.0
590.75,25.582836423333,10860,571.5,610.0
632.75,25.584524025536,10861,609.5,656.0
685.25,25.586383293088,10862,655.5,715.0
750.25,25.588292791462,10863,714.5,786.0
833.0,25.592175509548,10864,785.5,880.5
384.25,25.597727674262,10866,379.5,389.0
394.25,25.599586174901,10867,388.5,400.0
406.25,25.601514424896,10868,399.5,413.0
419.25,25.603372242069,10869,412.5,426.0
433.75,25.60667720836,10870,425.5,442.0
450.75,25.608359509722,10871,441.5,460.0
471.75,25.610047207292,10872,459.5,484.0
496.25,25.61190564038,10873,483.5,509.0
523.25,25.613823423799,10874,508.5,538.0
554.75,25.615681507206,10875,537.5,572.0
590.75,25.618370960172,10876,571.5,610.0
632.75,25.620059090869,10877,609.5,656.0
685.25,25.621923043346,10878,655.5,715.0
750.25,25.623781392988,10879,714.5,786.0
833.0,25.627657276408,10880,785.5,880.5
384.25,25.633095691617,10882,379.5,389.0
394.25,25.63495979112,10883,388.5,400.0
406.25,25.636818077183,10884,399.5,413.0
419.25,25.638727857685,10885,412.5,426.0
433.75,25.641952226575,10886,425.5,442.0
450.75,25.643634106731,10887,441.5,460.0
471.75,25.645321859932,10888,459.5,484.0
496.25,25.647191709296,10889,483.5,509.0
523.25,25.649050142384,10890,508.5,538.0
554.75,25.65093452336,10891,537.5,572.0
590.75,25.653684840616,10892,571.5,610.0
632.75,25.655372407055,10893,609.5,656.0
685.25,25.657236840343,10894,655.5,715.0
750.25,25.659096958256,10895,714.5,786.0
833.0,25.662972440338,10896,785.5,880.5
384.25,25.667718658861,10898,379.5,389.0
394.25,25.669582957045,10899,388.5,400.0
406.25,25.67144734265,10900,399.5,413.0
419.25,25.673305739975,10901,412.5,426.0
433.75,25.675934074338,10902,425.5,442.0
450.75,25.677616177018,10903,441.5,460.0
471.75,25.67929851017,10904,459.5,484.0
496.25,25.680986009057,10905,483.5,509.0
523.25,25.682843873914,10906,508.5,538.0
554.75,25.684526024278,10907,537.5,572.0
590.75,25.687321041044,10908,571.5,610.0
632.75,25.689184373633,10909,609.5,656.0
685.25,25.69104270738,10910,655.5,715.0
750.25,25.692953660107,10911,714.5,786.0
833.0,25.696837741152,10912,785.5,880.5
384.25,25.702929308033,10914,379.5,389.0
394.25,25.70479389232,10915,388.5,400.0
406.25,25.706652126726,10916,399.5,413.0
419.25,25.708563456949,10917,412.5,426.0
433.75,25.711300160503,10918,425.5,442.0
450.75,25.712982275105,10919,441.5,460.0
471.75,25.714664409574,10920,459.5,484.0
496.25,25.716346357282,10921,483.5,509.0
523.25,25.718234390036,10922,508.5,538.0
554.75,25.719916091379,10923,537.5,572.0
590.75,25.722987657801,10924,571.5,610.0
632.75,25.724675192451,10925,609.5,656.0
685.25,25.726533490435,10926,655.5,715.0
750.25,25.728443076229,10927,714.5,786.0
833.0,25.732099058247,10928,785.5,880.5
384.25,25.737107692178,10930,379.5,389.0
394.25,25.738965743796,10931,388.5,400.0
406.25,25.74088187418,10932,399.5,413.0
419.25,25.742740641054,10933,412.5,426.0
433.75,25.745568106588,10934,425.5,442.0
450.75,25.747250527159,10935,441.5,460.0
471.75,25.748932307974,10936,459.5,484.0
496.25,25.750614740467,10937,483.5,509.0
523.25,25.752296274916,10938,508.5,538.0
554.75,25.754207791901,10939,537.5,572.0
590.75,25.75749952596,10940,571.5,610.0
632.75,25.759186857955,10941,609.5,656.0
685.25,25.761045191701,10942,655.5,715.0
750.25,25.762956426557,10943,714.5,786.0
833.0,25.765509774303,10944,785.5,880.5
384.25,25.77001675965,10946,379.5,389.0
394.25,25.771881157176,10947,388.5,400.0
406.25,25.773745308336,10948,399.5,413.0
419.25,25.775603526847,10949,412.5,426.0
433.75,25.778366841888,10950,425.5,442.0
450.75,25.780049075699,10951,441.5,460.0
471.75,25.78173140885,10952,459.5,484.0
496.25,25.78341367445,10953,483.5,509.0
523.25,25.785095991707,10954,508.5,538.0
554.75,25.786778225517,10955,537.5,572.0
590.75,25.790656425571,10956,571.5,610.0
632.75,25.79252098999,10957,609.5,656.0
685.25,25.794379323737,10958,655.5,715.0
750.25,25.796306409454,10959,714.5,786.0
833.0,25.799536559995,10960,785.5,880.5
384.25,25.8040510595,10962,379.5,389.0
394.25,25.805909492588,10963,388.5,400.0
406.25,25.807826556778,10964,399.5,413.0
419.25,25.809685057418,10965,412.5,426.0
433.75,25.812679606692,10966,425.5,442.0
450.75,25.814361590163,10967,441.5,460.0
471.75,25.816044825331,10968,459.5,484.0
496.25,25.817727241929,10969,483.5,509.0
523.25,25.819409392293,10970,508.5,538.0
554.75,25.821225176271,10971,537.5,572.0
590.75,25.82510532341,10972,571.5,610.0
632.75,25.826969307677,10973,609.5,656.0
685.25,25.828833542283,10974,655.5,715.0
750.25,25.830691860135,10975,714.5,786.0
833.0,25.834565224266,10976,785.5,880.5
384.25,25.840770993646,10978,379.5,389.0
394.25,25.842641840394,10979,388.5,400.0
406.25,25.844505641874,10980,399.5,413.0
419.25,25.846363590177,10981,412.5,426.0
433.75,25.849313058472,10982,425.5,442.0
450.75,25.850994906839,10983,441.5,460.0
471.75,25.852677259858,10984,459.5,484.0
496.25,25.854588590082,10985,483.5,509.0
523.25,25.85627100668,10986,508.5,538.0
554.75,25.858181792514,10987,537.5,572.0
590.75,25.86170117658,10988,571.5,610.0
632.75,25.863388925807,10989,609.5,656.0
685.25,25.865252759075,10990,655.5,715.0
750.25,25.867110993481,10991,714.5,786.0
833.0,25.871012590345,10992,785.5,880.5
384.25,25.876087576167,10994,379.5,389.0
394.25,25.877952239927,10995,388.5,400.0
406.25,25.879816224194,10996,399.5,413.0
419.25,25.881674510256,10997,412.5,426.0
433.75,25.884198206679,10998,425.5,442.0
450.75,25.885880341148,10999,441.5,460.0
471.75,25.8875626743,11000,459.5,484.0
496.25,25.889245377,11001,483.5,509.0
523.25,25.890927841282,11002,508.5,538.0
554.75,25.89261047643,11003,537.5,572.0
590.75,25.895324542141,11004,571.5,610.0
632.75,25.8970127086,11005,609.5,656.0
685.25,25.898877276993,11006,655.5,715.0
750.25,25.90073571008,11007,714.5,786.0
833.0,25.903434576607,11008,785.5,880.5
384.25,25.908381893253,11010,379.5,389.0
394.25,25.91024604044,11011,388.5,400.0
406.25,25.912104358292,11012,399.5,413.0
419.25,25.914014774577,11013,412.5,426.0
433.75,25.916581974443,11014,425.5,442.0
450.75,25.918263942019,11015,441.5,460.0
471.75,25.919947026189,11016,459.5,484.0
496.25,25.921634743627,11017,483.5,509.0
523.25,25.923504859225,11018,508.5,538.0
554.75,25.925187140719,11019,537.5,572.0
590.75,25.927529424445,11020,571.5,610.0
632.75,25.929393273608,11021,609.5,656.0
685.25,25.931257341321,11022,655.5,715.0
750.25,25.933115357176,11023,714.5,786.0
833.0,25.93590534331,11024,785.5,880.5
384.25,25.940611924744,11026,379.5,389.0
394.25,25.942475809669,11027,388.5,400.0
406.25,25.944340358194,11028,399.5,413.0
419.25,25.94619847339,11029,412.5,426.0
433.75,25.949002573903,11030,425.5,442.0
450.75,25.950684907055,11031,441.5,460.0
471.75,25.95236677529,11032,459.5,484.0
496.25,25.95405494175,11033,483.5,509.0
523.25,25.955913525836,11034,508.5,538.0
554.75,25.957595326519,11035,537.5,572.0
590.75,25.959961058712,11036,571.5,610.0
632.75,25.961824657536,11037,609.5,656.0
685.25,25.963683543619,11038,655.5,715.0
750.25,25.965594857947,11039,714.5,786.0
833.0,25.969163590686,11040,785.5,880.5
384.25,25.974189792093,11042,379.5,389.0
394.25,25.976053692913,11043,388.5,400.0
406.25,25.977918257332,11044,399.5,413.0
419.25,25.979776491737,11045,412.5,426.0
433.75,25.982686009026,11046,425.5,442.0
450.75,25.984367873287,11047,441.5,460.0
471.75,25.986055809275,11048,459.5,484.0
496.25,25.987920393562,11049,483.5,509.0
523.25,25.989778190867,11050,508.5,538.0
554.75,25.991527273273,11051,537.5,572.0
590.75,25.994298126316,11052,571.5,610.0
632.75,25.995985676861,11053,609.5,656.0
685.25,25.997851592318,11054,655.5,715.0
750.25,25.999709540621,11055,714.5,786.0
833.0,26.00345535876,11056,785.5,880.5
384.25,26.009481340663,11058,379.5,389.0
394.25,26.011339793619,11059,388.5,400.0
406.25,26.013021975772,11060,399.5,413.0
419.25,26.014704241371,11061,412.5,426.0
433.75,26.017792457358,11062,425.5,442.0
450.75,26.019474508381,11063,441.5,460.0
471.75,26.021158407148,11064,459.5,484.0
496.25,26.02307442627,11065,483.5,509.0
523.25,26.024932907041,11066,508.5,538.0
554.75,26.026614775276,11067,537.5,572.0
590.75,26.029243256664,11068,571.5,610.0
632.75,26.030930691973,11069,609.5,656.0
685.25,26.032794958369,11070,655.5,715.0
750.25,26.034653192774,11071,714.5,786.0
833.0,26.037679376221,11072,785.5,880.5
384.25,26.042176208909,11074,379.5,389.0
394.25,26.044034443315,11075,388.5,400.0
406.25,26.045716343339,11076,399.5,413.0
419.25,26.047398493703,11077,412.5,426.0
433.75,26.051273506896,11078,425.5,442.0
450.75,26.052961009757,11079,441.5,460.0
471.75,26.054819343503,11080,459.5,484.0
496.25,26.056507374859,11081,483.5,509.0
523.25,26.0581892272,11082,508.5,538.0
554.75,26.059871425247,11083,537.5,572.0
590.75,26.0631323596,11084,571.5,610.0
632.75,26.064948592599,11085,609.5,656.0
685.25,26.066806759453,11086,655.5,715.0
750.25,26.068717791653,11087,714.5,786.0
833.0,26.072605774816,11088,785.5,880.5
384.25,26.077200609461,11090,379.5,389.0
394.25,26.07905892334,11091,388.5,400.0
406.25,26.080740708129,11092,399.5,413.0
419.25,26.082423426723,11093,412.5,426.0
433.75,26.085886540031,11094,425.5,442.0
450.75,26.087568976498,11095,441.5,460.0
471.75,26.089250693734,11096,459.5,484.0
496.25,26.090932923571,11097,483.5,509.0
523.25,26.092615809059,11098,508.5,538.0
554.75,26.09450755717,11099,537.5,572.0
590.75,26.097928724702,11100,571.5,610.0
632.75,26.099791775163,11101,609.5,656.0
685.25,26.101655958112,11102,655.5,715.0
750.25,26.103514641539,11103,714.5,786.0
833.0,26.107147290325,11104,785.5,880.5
384.25,26.11349329354,11106,379.5,389.0
394.25,26.115351126607,11107,388.5,400.0
406.25,26.117263108508,11108,399.5,413.0
419.25,26.118945242977,11109,412.5,426.0
433.75,26.122132374859,11110,425.5,442.0
450.75,26.123814807351,11111,441.5,460.0
471.75,26.125496560351,11112,459.5,484.0
496.25,26.127178591506,11113,483.5,509.0
523.25,26.128861643887,11114,508.5,538.0
554.75,26.130772441641,11115,537.5,572.0
590.75,26.134072659429,11116,571.5,610.0
632.75,26.135936925824,11117,609.5,656.0
685.25,26.137795390701,11118,655.5,715.0
750.25,26.139704877154,11119,714.5,786.0
833.0,26.142165273444,11120,785.5,880.5
384.25,26.146947310384,11122,379.5,389.0
394.25,26.148805290476,11123,388.5,400.0
406.25,26.150721659279,11124,399.5,413.0
419.25,26.152579873816,11125,412.5,426.0
433.75,26.155536443011,11126,425.5,442.0
450.75,26.157218927161,11127,441.5,460.0
471.75,26.158900525188,11128,459.5,484.0
496.25,26.160588624096,11129,483.5,509.0
523.25,26.162446691608,11130,508.5,538.0
554.75,26.164356392638,11131,537.5,572.0
590.75,26.167693990485,11132,571.5,610.0
632.75,26.169557390626,11133,609.5,656.0
685.25,26.171422459698,11134,655.5,715.0
750.25,26.173280459658,11135,714.5,786.0
833.0,26.175951141135,11136,785.5,880.5
384.25,26.182676623281,11138,379.5,389.0
394.25,26.184540909545,11139,388.5,400.0
406.25,26.186228774007,11140,399.5,413.0
419.25,26.188087723668,11141,412.5,426.0
433.75,26.191275725778,11142,425.5,442.0
450.75,26.192957756933,11143,441.5,460.0
471.75,26.194639907297,11144,459.5,484.0
496.25,26.19632205766,11145,483.5,509.0
523.25,26.198239825185,11146,508.5,538.0
554.75,26.200098043696,11147,537.5,572.0
590.75,26.20320440731,11148,571.5,610.0
632.75,26.204891910172,11149,609.5,656.0
685.25,26.206756609694,11150,655.5,715.0
750.25,26.208614840126,11151,714.5,786.0
833.0,26.212500240421,11152,785.5,880.5
384.25,26.218191907819,11154,379.5,389.0
394.25,26.220058323956,11155,388.5,400.0
406.25,26.221916192786,11156,399.5,413.0
419.25,26.223826160049,11157,412.5,426.0
433.75,26.22713150781,11158,425.5,442.0
450.75,26.228813642279,11159,441.5,460.0
471.75,26.230502174314,11160,459.5,484.0
496.25,26.232366341368,11161,483.5,509.0
523.25,26.234224460538,11162,508.5,538.0
554.75,26.236134090042,11163,537.5,572.0
590.75,26.239308975156,11164,571.5,610.0
632.75,26.240996458149,11165,609.5,656.0
685.25,26.242860776202,11166,655.5,715.0
750.25,26.244719006634,11167,714.5,786.0
833.0,26.248598076916,11168,785.5,880.5
384.25,26.254039826012,11170,379.5,389.0
394.25,26.255904191748,11171,388.5,400.0
406.25,26.257762593047,11172,399.5,413.0
419.25,26.259672476864,11173,412.5,426.0
433.75,26.26282770834,11174,425.5,442.0
450.75,26.264510526276,11175,441.5,460.0
471.75,26.266192358748,11176,459.5,484.0
496.25,26.267879809952,11177,483.5,509.0
523.25,26.269744092242,11178,508.5,538.0
554.75,26.271602724012,11179,537.5,572.0
590.75,26.274341275311,11180,571.5,610.0
632.75,26.276028809961,11181,609.5,656.0
685.25,26.277892893569,11182,655.5,715.0
750.25,26.279751159763,11183,714.5,786.0
833.0,26.283629808839,11184,785.5,880.5
384.25,26.288338842011,11186,379.5,389.0
394.25,26.29020299317,11187,388.5,400.0
406.25,26.2920675258,11188,399.5,413.0
419.25,26.293925708548,11189,412.5,426.0
433.75,26.297238757229,11190,425.5,442.0
450.75,26.298921742058,11191,441.5,460.0
471.75,26.300603777186,11192,459.5,484.0
496.25,26.302291125075,11193,483.5,509.0
523.25,26.304149756845,11194,508.5,538.0
554.75,26.30607462527,11195,537.5,572.0
590.75,26.308592842038,11196,571.5,610.0
632.75,26.31028047603,11197,609.5,656.0
685.25,26.312145076211,11198,655.5,715.0
750.25,26.314003743744,11199,714.5,786.0
833.0,26.317879325167,11200,785.5,880.5
384.25,26.322628408686,11202,379.5,389.0
394.25,26.324492023404,11203,388.5,400.0
406.25,26.326350623385,11204,399.5,413.0
419.25,26.328261325773,11205,412.5,426.0
433.75,26.331660558796,11206,425.5,442.0
450.75,26.333342391268,11207,441.5,460.0
471.75,26.335024958865,11208,459.5,484.0
496.25,26.336712759749,11209,483.5,509.0
523.25,26.3385767917,11210,508.5,538.0
554.75,26.340434608873,11211,537.5,572.0
590.75,26.342940308666,11212,571.5,610.0
632.75,26.344628407574,11213,609.5,656.0
685.25,26.346492324289,11214,655.5,715.0
750.25,26.348350558694,11215,714.5,786.0
833.0,26.352227459367,11216,785.5,880.5
384.25,26.358784176922,11218,379.5,389.0
394.25,26.360642427222,11219,388.5,400.0
406.25,26.36256002388,11220,399.5,413.0
419.25,26.364417841053,11221,412.5,426.0
433.75,26.3676159084,11222,425.5,442.0
450.75,26.369297657426,11223,441.5,460.0
471.75,26.370980340258,11224,459.5,484.0
496.25,26.372662860171,11225,483.5,509.0
523.25,26.374344927088,11226,508.5,538.0
554.75,26.376255442715,11227,537.5,572.0
590.75,26.37899830939,11228,571.5,610.0
632.75,26.380685724831,11229,609.5,656.0
685.25,26.382544042683,11230,655.5,715.0
750.25,26.384454991436,11231,714.5,786.0
833.0,26.388342593129,11232,785.5,880.5
384.25,26.393408626334,11234,379.5,389.0
394.25,26.39526699187,11235,388.5,400.0
406.25,26.397182406998,11236,399.5,413.0
419.25,26.399040458616,11237,412.5,426.0
433.75,26.40223160785,11238,425.5,442.0
450.75,26.403913774109,11239,441.5,460.0
471.75,26.40559550724,11240,459.5,484.0
496.25,26.407277756945,11241,483.5,509.0
523.25,26.409054189936,11242,508.5,538.0
554.75,26.410912690576,11243,537.5,572.0
590.75,26.413588327185,11244,571.5,610.0
632.75,26.415275690969,11245,609.5,656.0
685.25,26.417134608841,11246,655.5,715.0
750.25,26.419046193377,11247,714.5,786.0
833.0,26.422924274222,11248,785.5,880.5
384.25,26.427864875412,11250,379.5,389.0
394.25,26.429723574734,11251,388.5,400.0
406.25,26.431643257554,11252,399.5,413.0
419.25,26.433326190726,11253,412.5,426.0
433.75,26.436583624299,11254,425.5,442.0
450.75,26.438265874004,11255,441.5,460.0
471.75,26.439948207156,11256,459.5,484.0
496.25,26.441635992146,11257,483.5,509.0
523.25,26.44350029033,11258,508.5,538.0
554.75,26.445358624077,11259,537.5,572.0
590.75,26.447621709124,11260,571.5,610.0
632.75,26.449310026582,11261,609.5,656.0
685.25,26.451168940481,11262,655.5,715.0
750.25,26.452850673612,11263,714.5,786.0
833.0,26.45665782493,11264,785.5,880.5
384.25,26.461228356775,11266,379.5,389.0
394.25,26.463098977025,11267,388.5,400.0
406.25,26.464957060432,11268,399.5,413.0
419.25,26.466639059798,11269,412.5,426.0
433.75,26.470326290544,11270,425.5,442.0
450.75,26.47200812699,11271,441.5,460.0
471.75,26.473690857506,11272,459.5,484.0
496.25,26.475378257052,11273,483.5,509.0
523.25,26.477236276881,11274,508.5,538.0
554.75,26.479146526273,11275,537.5,572.0
590.75,26.481409543769,11276,571.5,610.0
632.75,26.483097042656,11277,609.5,656.0
685.25,26.484955841319,11278,655.5,715.0
750.25,26.48663817447,11279,714.5,786.0
833.0,26.489861092981,11280,785.5,880.5
384.25,26.494423490779,11282,379.5,389.0
394.25,26.496282007313,11283,388.5,400.0
406.25,26.498191974576,11284,399.5,413.0
419.25,26.499873791154,11285,412.5,426.0
433.75,26.503046141084,11286,425.5,442.0
450.75,26.504728390789,11287,441.5,460.0
471.75,26.506410723941,11288,459.5,484.0
496.25,26.50809790891,11289,483.5,509.0
523.25,26.509956040001,11290,508.5,538.0
554.75,26.5118732234,11291,537.5,572.0
590.75,26.51417252423,11292,571.5,610.0
632.75,26.515944041824,11293,609.5,656.0
685.25,26.517802757041,11294,655.5,715.0
750.25,26.519712823645,11295,714.5,786.0
833.0,26.523586624877,11296,785.5,880.5
384.25,26.529609960334,11298,379.5,389.0
394.25,26.531468373553,11299,388.5,400.0
406.25,26.533381559467,11300,399.5,413.0
419.25,26.53506339194,11301,412.5,426.0
433.75,26.538185693836,11302,425.5,442.0
450.75,26.539867343521,11303,441.5,460.0
471.75,26.541550308482,11304,459.5,484.0
496.25,26.543237791475,11305,483.5,509.0
523.25,26.544938709354,11306,508.5,538.0
554.75,26.546849109745,11307,537.5,572.0
590.75,26.549317973868,11308,571.5,610.0
632.75,26.551182208474,11309,609.5,656.0
685.25,26.553039890544,11310,655.5,715.0
750.25,26.554949810123,11311,714.5,786.0
833.0,26.557784007009,11312,785.5,880.5
384.25,26.562322626527,11314,379.5,389.0
394.25,26.564181290086,11315,388.5,400.0
406.25,26.565940807279,11316,399.5,413.0
419.25,26.567623243745,11317,412.5,426.0
433.75,26.570696057892,11318,425.5,442.0
450.75,26.572377942022,11319,441.5,460.0
471.75,26.574060024834,11320,459.5,484.0
496.25,26.575742357985,11321,483.5,509.0
523.25,26.577429856873,11322,508.5,538.0
554.75,26.579287825044,11323,537.5,572.0
590.75,26.581970073795,11324,571.5,610.0
632.75,26.583833692487,11325,609.5,656.0
685.25,26.585692276573,11326,655.5,715.0
750.25,26.58760339222,11327,714.5,786.0
833.0,26.590712708251,11328,785.5,880.5
384.25,26.595433058357,11330,379.5,389.0
394.25,26.597297209517,11331,388.5,400.0
406.25,26.599155543264,11332,399.5,413.0
419.25,26.600837808863,11333,412.5,426.0
433.75,26.603956558323,11334,425.5,442.0
450.75,26.605638724581,11335,441.5,460.0
471.75,26.607320660369,11336,459.5,484.0
496.25,26.609002910074,11337,483.5,509.0
523.25,26.610684941228,11338,508.5,538.0
554.75,26.612367373721,11339,537.5,572.0
590.75,26.615112843132,11340,571.5,610.0
632.75,26.61685549221,11341,609.5,656.0
685.25,26.618713424619,11342,655.5,715.0
750.25,26.620624142901,11343,714.5,786.0
833.0,26.624499243514,11344,785.5,880.5
384.25,26.629398240662,11346,379.5,389.0
394.25,26.631262209034,11347,388.5,400.0
406.25,26.633126626428,11348,399.5,413.0
419.25,26.634826324399,11349,412.5,426.0
433.75,26.637629507001,11350,425.5,442.0
450.75,26.639311224238,11351,441.5,460.0
471.75,26.640994058069,11352,459.5,484.0
496.25,26.642680925147,11353,483.5,509.0
523.25,26.644464208698,11354,508.5,538.0
554.75,26.64614616038,11355,537.5,572.0
590.75,26.648796759065,11356,571.5,610.0
632.75,26.650484126822,11357,609.5,656.0
685.25,26.652342476463,11358,655.5,715.0
750.25,26.654252825197,11359,714.5,786.0
833.0,26.658131573613,11360,785.5,880.5
384.25,26.663538108285,11362,379.5,389.0
394.25,26.665402859465,11363,388.5,400.0
406.25,26.667267006652,11364,399.5,413.0
419.25,26.669125725842,11365,412.5,426.0
433.75,26.672249243673,11366,425.5,442.0
450.75,26.673931576824,11367,441.5,460.0
471.75,26.675613890107,11368,459.5,484.0
496.25,26.677302410221,11369,483.5,509.0
523.25,26.679165826257,11370,508.5,538.0
554.75,26.680919077015,11371,537.5,572.0
590.75,26.683464608606,11372,571.5,610.0
632.75,26.685152290281,11373,609.5,656.0
685.25,26.687009960429,11374,655.5,715.0
750.25,26.688921660201,11375,714.5,786.0
833.0,26.692796558158,11376,785.5,880.5
384.25,26.699336642043,11378,379.5,389.0
394.25,26.701200924333,11379,388.5,400.0
406.25,26.703065393384,11380,399.5,413.0
419.25,26.704923643684,11381,412.5,426.0
433.75,26.70795649093,11382,425.5,442.0
450.75,26.709638839976,11383,441.5,460.0
471.75,26.711321157233,11384,459.5,484.0
496.25,26.713008660094,11385,483.5,509.0
523.25,26.714866493162,11386,508.5,538.0
554.75,26.716777724044,11387,537.5,572.0
590.75,26.71927948993,11388,571.5,610.0
632.75,26.720967008686,11389,609.5,656.0
685.25,26.722825358327,11390,655.5,715.0
750.25,26.724735774612,11391,714.5,786.0
833.0,26.728611673927,11392,785.5,880.5
384.25,26.733437059339,11394,379.5,389.0
394.25,26.735301373418,11395,388.5,400.0
406.25,26.7371659736,11396,399.5,413.0
419.25,26.739024374898,11397,412.5,426.0
433.75,26.741731590048,11398,425.5,442.0
450.75,26.743413859622,11399,441.5,460.0
471.75,26.745101724084,11400,459.5,484.0
496.25,26.746789926306,11401,483.5,509.0
523.25,26.748648260053,11402,508.5,538.0
554.75,26.750559157149,11403,537.5,572.0
590.75,26.753065842406,11404,571.5,610.0
632.75,26.754753309504,11405,609.5,656.0
685.25,26.756619093831,11406,655.5,715.0
750.25,26.758477443473,11407,714.5,786.0
833.0,26.762359974798,11408,785.5,880.5
384.25,26.767362358189,11410,379.5,389.0
394.25,26.769220624383,11411,388.5,400.0
406.25,26.771135773277,11412,399.5,413.0
419.25,26.772994107024,11413,412.5,426.0
433.75,26.775572456932,11414,425.5,442.0
450.75,26.777254523849,11415,441.5,460.0
471.75,26.778937158998,11416,459.5,484.0
496.25,26.780701643244,11417,483.5,509.0
523.25,26.782565941429,11418,508.5,538.0
554.75,26.784423758602,11419,537.5,572.0
590.75,26.786974157906,11420,571.5,610.0
632.75,26.788662856833,11421,609.5,656.0
685.25,26.790526256975,11422,655.5,715.0
750.25,26.792384606616,11423,714.5,786.0
833.0,26.796258689976,11424,785.5,880.5
384.25,26.801482540385,11426,379.5,389.0
394.25,26.80334042511,11427,388.5,400.0
406.25,26.805255824343,11428,399.5,413.0
419.25,26.807114225642,11429,412.5,426.0
433.75,26.810084189987,11430,425.5,442.0
450.75,26.811766324457,11431,441.5,460.0
471.75,26.813449273523,11432,459.5,484.0
496.25,26.815136677043,11433,483.5,509.0
523.25,26.816995006816,11434,508.5,538.0
554.75,26.818676859156,11435,537.5,572.0
590.75,26.821370492395,11436,571.5,610.0
632.75,26.823057907836,11437,609.5,656.0
685.25,26.824922090785,11438,655.5,715.0
750.25,26.826780440426,11439,714.5,786.0
833.0,26.830656907972,11440,785.5,880.5
384.25,26.835577891286,11442,379.5,389.0
394.25,26.837437059498,11443,388.5,400.0
406.25,26.839354060109,11444,399.5,413.0
419.25,26.841212842878,11445,412.5,426.0
433.75,26.844158707078,11446,425.5,442.0
450.75,26.845840857442,11447,441.5,460.0
471.75,26.847523289935,11448,459.5,484.0
496.25,26.849211376921,11449,483.5,509.0
523.25,26.8510696908,11450,508.5,538.0
554.75,26.852751757717,11451,537.5,572.0
590.75,26.855512875334,11452,571.5,610.0
632.75,26.857200374222,11453,609.5,656.0
685.25,26.8590643267,11454,655.5,715.0
750.25,26.860922493553,11455,714.5,786.0
833.0,26.864806626256,11456,785.5,880.5
384.25,26.87126220665,11458,379.5,389.0
394.25,26.873132624245,11459,388.5,400.0
406.25,26.874997125085,11460,399.5,413.0
419.25,26.876855041599,11461,412.5,426.0
433.75,26.879853357887,11462,425.5,442.0
450.75,26.88153579038,11463,441.5,460.0
471.75,26.883218457317,11464,459.5,484.0
496.25,26.884900393105,11465,483.5,509.0
523.25,26.88658299249,11466,508.5,538.0
554.75,26.888265440877,11467,537.5,572.0
590.75,26.891050392405,11468,571.5,610.0
632.75,26.892738276736,11469,609.5,656.0
685.25,26.894601760324,11470,655.5,715.0
750.25,26.89646000665,11471,714.5,786.0
833.0,26.900337876892,11472,785.5,880.5
384.25,26.905293510373,11474,379.5,389.0
394.25,26.907151776568,11475,388.5,400.0
406.25,26.909067942715,11476,399.5,413.0
419.25,26.91092630825,11477,412.5,426.0
433.75,26.913949292914,11478,425.5,442.0
450.75,26.915631542619,11479,441.5,460.0
471.75,26.917314225451,11480,459.5,484.0
496.25,26.918997126834,11481,483.5,509.0
523.25,26.920680890497,11482,508.5,538.0
554.75,26.922363708433,11483,537.5,572.0
590.75,26.924988875802,11484,571.5,610.0
632.75,26.926676291243,11485,609.5,656.0
685.25,26.928534609095,11486,655.5,715.0
750.25,26.930444524701,11487,714.5,786.0
833.0,26.934319525973,11488,785.5,880.5
384.25,26.939450373268,11490,379.5,389.0
394.25,26.941314957555,11491,388.5,400.0
406.25,26.943172790623,11492,399.5,413.0
419.25,26.944854909197,11493,412.5,426.0
433.75,26.947895425574,11494,425.5,442.0
450.75,26.949577858067,11495,441.5,460.0
471.75,26.951265857633,11496,459.5,484.0
496.25,26.952947558975,11497,483.5,509.0
523.25,26.95486545763,11498,508.5,538.0
554.75,26.956723692036,11499,537.5,572.0
590.75,26.959364956633,11500,571.5,610.0
632.75,26.961052507178,11501,609.5,656.0
685.25,26.962917441146,11502,655.5,715.0
750.25,26.964775290108,11503,714.5,786.0
833.0,26.968651773548,11504,785.5,880.5
384.25,26.973696607367,11506,379.5,389.0
394.25,26.975561207549,11507,388.5,400.0
406.25,26.977425410366,11508,399.5,413.0
419.25,26.979283740139,11509,412.5,426.0
433.75,26.982384639994,11510,425.5,442.0
450.75,26.984067076461,11511,441.5,460.0
471.75,26.985749191062,11512,459.5,484.0
496.25,26.987567359225,11513,483.5,509.0
523.25,26.989425792313,11514,508.5,538.0
554.75,26.991335827128,11515,537.5,572.0
590.75,26.994053492959,11516,571.5,610.0
632.75,26.995741273975,11517,609.5,656.0
685.25,26.997599774615,11518,655.5,715.0
750.25,26.999511224047,11519,714.5,786.0
833.0,27.002233741697,11520,785.5,880.5
384.25,27.00867422622,11522,379.5,389.0
394.25,27.01053794028,11523,388.5,400.0
406.25,27.012395642217,11524,399.5,413.0
419.25,27.014319525178,11525,412.5,426.0
433.75,27.017418056742,11526,425.5,442.0
450.75,27.01909987332,11527,441.5,460.0
471.75,27.020782540258,11528,459.5,484.0
496.25,27.022470440483,11529,483.5,509.0
523.25,27.024328559653,11530,508.5,538.0
554.75,27.026240390555,11531,537.5,572.0
590.75,27.029047141488,11532,571.5,610.0
632.75,27.030734640376,11533,609.5,656.0
685.25,27.032526991781,11534,655.5,715.0
750.25,27.034436740494,11535,714.5,786.0
833.0,27.036766407903,11536,785.5,880.5
384.25,27.041405477142,11538,379.5,389.0
394.25,27.043087909635,11539,388.5,400.0
406.25,27.044775841649,11540,399.5,413.0
419.25,27.046633742269,11541,412.5,426.0
433.75,27.049833124892,11542,425.5,442.0
450.75,27.05151589117,11543,441.5,460.0
471.75,27.053198323663,11544,459.5,484.0
496.25,27.054886223888,11545,483.5,509.0
523.25,27.056744625187,11546,508.5,538.0
554.75,27.05865459245,11547,537.5,572.0
590.75,27.061553408718,11548,571.5,610.0
632.75,27.063240907605,11549,609.5,656.0
685.25,27.064923324203,11550,655.5,715.0
750.25,27.066833776251,11551,714.5,786.0
833.0,27.069202774779,11552,785.5,880.5
384.25,27.073922624207,11554,379.5,389.0
394.25,27.075605557378,11555,388.5,400.0
406.25,27.07729315958,11556,399.5,413.0
419.25,27.079151310539,11557,412.5,426.0
433.75,27.082408243434,11558,425.5,442.0
450.75,27.084090373929,11559,441.5,460.0
471.75,27.085772691186,11560,459.5,484.0
496.25,27.087460706647,11561,483.5,509.0
523.25,27.089319457626,11562,508.5,538.0
554.75,27.091229575888,11563,537.5,572.0
590.75,27.09426767629,11564,571.5,610.0
632.75,27.095955556647,11565,609.5,656.0
685.25,27.097819640255,11566,655.5,715.0
750.25,27.09967752498,11567,714.5,786.0
833.0,27.102603791173,11568,785.5,880.5
384.25,27.107681590335,11570,379.5,389.0
394.25,27.109363625463,11571,388.5,400.0
406.25,27.111050858116,11572,399.5,413.0
419.25,27.112915474192,11573,412.5,426.0
433.75,27.11619545819,11574,425.5,442.0
450.75,27.117877890682,11575,441.5,460.0
471.75,27.119560927169,11576,459.5,484.0
496.25,27.121248342609,11577,483.5,509.0
523.25,27.123106577015,11578,508.5,538.0
554.75,27.125017573452,11579,537.5,572.0
590.75,27.128899707413,11580,571.5,610.0
632.75,27.130763326104,11581,609.5,656.0
685.25,27.1326275925,11582,655.5,715.0
750.25,27.1344858428,11583,714.5,786.0
833.0,27.138361324883,11584,785.5,880.5
384.25,27.143484391785,11586,379.5,389.0
394.25,27.145342475192,11587,388.5,400.0
406.25,27.147275426006,11588,399.5,413.0
419.25,27.149133890883,11589,412.5,426.0
433.75,27.152570174154,11590,425.5,442.0
450.75,27.154252590752,11591,441.5,460.0
471.75,27.155934673564,11592,459.5,484.0
496.25,27.157622140662,11593,483.5,509.0
523.25,27.159480176385,11594,508.5,538.0
554.75,27.161390640354,11595,537.5,572.0
590.75,27.164437141037,11596,571.5,610.0
632.75,27.166300592836,11597,609.5,656.0
685.25,27.168158759689,11598,655.5,715.0
750.25,27.1700697601,11599,714.5,786.0
833.0,27.173937243239,11600,785.5,880.5
384.25,27.180516042328,11602,379.5,389.0
394.25,27.182380026595,11603,388.5,400.0
406.25,27.184244277096,11604,399.5,413.0
419.25,27.186102992312,11605,412.5,426.0
433.75,27.189635624504,11606,425.5,442.0
450.75,27.191317492739,11607,441.5,460.0
471.75,27.193005190309,11608,459.5,484.0
496.25,27.194869325574,11609,483.5,509.0
523.25,27.196727643426,11610,508.5,538.0
554.75,27.198637940502,11611,537.5,572.0
590.75,27.201283623791,11612,571.5,610.0
632.75,27.203146658357,11613,609.5,656.0
685.25,27.205004626528,11614,655.5,715.0
750.25,27.206925541178,11615,714.5,786.0
833.0,27.21080884339,11616,785.5,880.5
384.25,27.216029610252,11618,379.5,389.0
394.25,27.217887940025,11619,388.5,400.0
406.25,27.219803426679,11620,399.5,413.0
419.25,27.22166177632,11621,412.5,426.0
433.75,27.224792490419,11622,425.5,442.0
450.75,27.226474775887,11623,441.5,460.0
471.75,27.228156826909,11624,459.5,484.0
496.25,27.229838842169,11625,483.5,509.0
523.25,27.231754992421,11626,508.5,538.0
554.75,27.233445475515,11627,537.5,572.0
590.75,27.236063323434,11628,571.5,610.0
632.75,27.237926723576,11629,609.5,656.0
685.25,27.239791073418,11630,655.5,715.0
750.25,27.241649260139,11631,714.5,786.0
833.0,27.245523375289,11632,785.5,880.5
384.25,27.25054419241,11634,379.5,389.0
394.25,27.252408458805,11635,388.5,400.0
406.25,27.254267110443,11636,399.5,413.0
419.25,27.256176724052,11637,412.5,426.0
433.75,27.259109693782,11638,425.5,442.0
450.75,27.260792026933,11639,441.5,460.0
471.75,27.262474793212,11640,459.5,484.0
496.25,27.26416226031,11641,483.5,509.0
523.25,27.266021273549,11642,508.5,538.0
554.75,27.267703523254,11643,537.5,572.0
590.75,27.270465026315,11644,571.5,610.0
632.75,27.272329741732,11645,609.5,656.0
685.25,27.27419420681,11646,655.5,715.0
750.25,27.276052008088,11647,714.5,786.0
833.0,27.27993834219,11648,785.5,880.5
384.25,27.286194743729,11650,379.5,389.0
394.25,27.288052942371,11651,388.5,400.0
406.25,27.289970109876,11652,399.5,413.0
419.25,27.291828590647,11653,412.5,426.0
433.75,27.294838442421,11654,425.5,442.0
450.75,27.296520640469,11655,441.5,460.0
471.75,27.298202540493,11656,459.5,484.0
496.25,27.299884790198,11657,483.5,509.0
523.25,27.30179512701,11658,508.5,538.0
554.75,27.303477273401,11659,537.5,572.0
590.75,27.30634145937,11660,571.5,610.0
632.75,27.308030607319,11661,609.5,656.0
685.25,27.309888440386,11662,655.5,715.0
750.25,27.311806092676,11663,714.5,786.0
833.0,27.315686792151,11664,785.5,880.5
384.25,27.320636508878,11666,379.5,389.0
394.25,27.322494592285,11667,388.5,400.0
406.25,27.324410893536,11668,399.5,413.0
419.25,27.326273459212,11669,412.5,426.0
433.75,27.329606109873,11670,425.5,442.0
450.75,27.331287958241,11671,441.5,460.0
471.75,27.332970207946,11672,459.5,484.0
496.25,27.334780158615,11673,483.5,509.0
523.25,27.336638440704,11674,508.5,538.0
554.75,27.338320507622,11675,537.5,572.0
590.75,27.340800573444,11676,571.5,610.0
632.75,27.342488008753,11677,609.5,656.0
685.25,27.344346306737,11678,655.5,715.0
750.25,27.346256075319,11679,714.5,786.0
833.0,27.350086357212,11680,785.5,880.5
384.25,27.354955607669,11682,379.5,389.0
394.25,27.356637976583,11683,388.5,400.0
406.25,27.358564358966,11684,399.5,413.0
419.25,27.360422307269,11685,412.5,426.0
433.75,27.364302057044,11686,425.5,442.0
450.75,27.365984608746,11687,441.5,460.0
471.75,27.367666425323,11688,459.5,484.0
496.25,27.369348377005,11689,483.5,509.0
523.25,27.371267642593,11690,508.5,538.0
554.75,27.372949840641,11691,537.5,572.0
590.75,27.3752893905,11692,571.5,610.0
632.75,27.376977473513,11693,609.5,656.0
685.25,27.378835890706,11694,655.5,715.0
750.25,27.380745790418,11695,714.5,786.0
833.0,27.383634708341,11696,785.5,880.5
384.25,27.388256643232,11698,379.5,389.0
394.25,27.389945143477,11699,388.5,400.0
406.25,27.391809227085,11700,399.5,413.0
419.25,27.393667540963,11701,412.5,426.0
433.75,27.39755085907,11702,425.5,442.0
450.75,27.399238357957,11703,441.5,460.0
471.75,27.401096874491,11704,459.5,484.0
496.25,27.40289719305,11705,483.5,509.0
523.25,27.404755657927,11706,508.5,538.0
554.75,27.406665076828,11707,537.5,572.0
590.75,27.4090150575,11708,571.5,610.0
632.75,27.410702576256,11709,609.5,656.0
685.25,27.412560290114,11710,655.5,715.0
750.25,27.414485909557,11711,714.5,786.0
833.0,27.418365623569,11712,785.5,880.5
384.25,27.424574408944,11714,379.5,389.0
394.25,27.426432226117,11715,388.5,400.0
406.25,27.428350490348,11716,399.5,413.0
419.25,27.430208824094,11717,412.5,426.0
433.75,27.4337821901,11718,425.5,442.0
450.75,27.435463974889,11719,441.5,460.0
471.75,27.437146323935,11720,459.5,484.0
496.25,27.438828458405,11721,483.5,509.0
523.25,27.440510207431,11722,508.5,538.0
554.75,27.442193057156,11723,537.5,572.0
590.75,27.444503357029,11724,571.5,610.0
632.75,27.446191559251,11725,609.5,656.0
685.25,27.448055058734,11726,655.5,715.0
750.25,27.449913376586,11727,714.5,786.0
833.0,27.453798407332,11728,785.5,880.5
384.25,27.458453975137,11730,379.5,389.0
394.25,27.460312292989,11731,388.5,400.0
406.25,27.46222847503,11732,399.5,413.0
419.25,27.464086792882,11733,412.5,426.0
433.75,27.467247857666,11734,425.5,442.0
450.75,27.468930043793,11735,441.5,460.0
471.75,27.470612992859,11736,459.5,484.0
496.25,27.47230087719,11737,483.5,509.0
523.25,27.474158825493,11738,508.5,538.0
554.75,27.475840975857,11739,537.5,572.0
590.75,27.478255158679,11740,571.5,610.0
632.75,27.479943575478,11741,609.5,656.0
685.25,27.48180189333,11742,655.5,715.0
750.25,27.483711391703,11743,714.5,786.0
833.0,27.48724147679,11744,785.5,880.5
384.25,27.491948423799,11746,379.5,389.0
394.25,27.493806741651,11747,388.5,400.0
406.25,27.495722240225,11748,399.5,413.0
419.25,27.497580240186,11749,412.5,426.0
433.75,27.500828490671,11750,425.5,442.0
450.75,27.502510927137,11751,441.5,460.0
471.75,27.504194257673,11752,459.5,484.0
496.25,27.506110940393,11753,483.5,509.0
523.25,27.507968940353,11754,508.5,538.0
554.75,27.509879058615,11755,537.5,572.0
590.75,27.512471725559,11756,571.5,610.0
632.75,27.514159808572,11757,609.5,656.0
685.25,27.516017740981,11758,655.5,715.0
750.25,27.517928876495,11759,714.5,786.0
833.0,27.520360924816,11760,785.5,880.5
384.25,27.526586892223,11762,379.5,389.0
394.25,27.528450940069,11763,388.5,400.0
406.25,27.530315126991,11764,399.5,413.0
419.25,27.53217344087,11765,412.5,426.0
433.75,27.535070159054,11766,425.5,442.0
450.75,27.536752591546,11767,441.5,460.0
471.75,27.538434825357,11768,459.5,484.0
496.25,27.540295157846,11769,483.5,509.0
523.25,27.542154059823,11770,508.5,538.0
554.75,27.544076909637,11771,537.5,572.0
590.75,27.546702458477,11772,571.5,610.0
632.75,27.548389492448,11773,609.5,656.0
685.25,27.550247575855,11774,655.5,715.0
750.25,27.552158858395,11775,714.5,786.0
833.0,27.554496806876,11776,785.5,880.5
384.25,27.55919634304,11778,379.5,389.0
394.25,27.561054740365,11779,388.5,400.0
406.25,27.562972356892,11780,399.5,413.0
419.25,27.564830607192,11781,412.5,426.0
433.75,27.567958043035,11782,425.5,442.0
450.75,27.569640475527,11783,441.5,460.0
471.75,27.571327974415,11784,459.5,484.0
496.25,27.573192193127,11785,483.5,509.0
523.25,27.575050526873,11786,508.5,538.0
554.75,27.576960943158,11787,537.5,572.0
590.75,27.57939634126,11788,571.5,610.0
632.75,27.581083840148,11789,609.5,656.0
685.25,27.582942193762,11790,655.5,715.0
750.25,27.584851906713,11791,714.5,786.0
833.0,27.587411326186,11792,785.5,880.5
384.25,27.593632243093,11794,379.5,389.0
394.25,27.595490092055,11795,388.5,400.0
406.25,27.597172258313,11796,399.5,413.0
419.25,27.598854174232,11797,412.5,426.0
433.75,27.60132434171,11798,425.5,442.0
450.75,27.603006790098,11799,441.5,460.0
471.75,27.604694642639,11800,459.5,484.0
496.25,27.606382209078,11801,483.5,509.0
523.25,27.608240109698,11802,508.5,538.0
554.75,27.610167473571,11803,537.5,572.0
590.75,27.612570275879,11804,571.5,610.0
632.75,27.614258593337,11805,609.5,656.0
685.25,27.616122359053,11806,655.5,715.0
750.25,27.617980573591,11807,714.5,786.0
833.0,27.621492157396,11808,785.5,880.5
384.25,27.626305590089,11810,379.5,389.0
394.25,27.628170226034,11811,388.5,400.0
406.25,27.630028174337,11812,399.5,413.0
419.25,27.63171022536,11813,412.5,426.0
433.75,27.634182777023,11814,425.5,442.0
450.75,27.635865090307,11815,441.5,460.0
471.75,27.637552609062,11816,459.5,484.0
496.25,27.639416525777,11817,483.5,509.0
523.25,27.641274327056,11818,508.5,538.0
554.75,27.643185923513,11819,537.5,572.0
590.75,27.645695843315,11820,571.5,610.0
632.75,27.647383874671,11821,609.5,656.0
685.25,27.649071743107,11822,655.5,715.0
750.25,27.650930192089,11823,714.5,786.0
833.0,27.65480604372,11824,785.5,880.5
384.25,27.659721257305,11826,379.5,389.0
394.25,27.661584756788,11827,388.5,400.0
406.25,27.663443193849,11828,399.5,413.0
419.25,27.665353010114,11829,412.5,426.0
433.75,27.6680993577,11830,425.5,442.0
450.75,27.669781774298,11831,441.5,460.0
471.75,27.671469575183,11832,459.5,484.0
496.25,27.673157173411,11833,483.5,509.0
523.25,27.675015709813,11834,508.5,538.0
554.75,27.676926440016,11835,537.5,572.0
590.75,27.679960443592,11836,571.5,610.0
632.75,27.681824423885,11837,609.5,656.0
685.25,27.683682276821,11838,655.5,715.0
750.25,27.685592208322,11839,714.5,786.0
833.0,27.68947139384,11840,785.5,880.5
384.25,27.696210942682,11842,379.5,389.0
394.25,27.698074859397,11843,388.5,400.0
406.25,27.699944208082,11844,399.5,413.0
419.25,27.701802510039,11845,412.5,426.0
433.75,27.704899356778,11846,425.5,442.0
450.75,27.706581793245,11847,441.5,460.0
471.75,27.708263740953,11848,459.5,484.0
496.25,27.709951943175,11849,483.5,509.0
523.25,27.711810423946,11850,508.5,538.0
554.75,27.713720307763,11851,537.5,572.0
590.75,27.716369209703,11852,571.5,610.0
632.75,27.718056792037,11853,609.5,656.0
685.25,27.719920573648,11854,655.5,715.0
750.25,27.721778541819,11855,714.5,786.0
833.0,27.725653626537,11856,785.5,880.5
384.25,27.730674459553,11858,379.5,389.0
394.25,27.732538475609,11859,388.5,400.0
406.25,27.734401839987,11860,399.5,413.0
419.25,27.736260173734,11861,412.5,426.0
433.75,27.739117227014,11862,425.5,442.0
450.75,27.740799440956,11863,441.5,460.0
471.75,27.74248180987,11864,459.5,484.0
496.25,27.744169658438,11865,483.5,509.0
523.25,27.746028023974,11866,508.5,538.0
554.75,27.747939060148,11867,537.5,572.0
590.75,27.750384277121,11868,571.5,610.0
632.75,27.752071807798,11869,609.5,656.0
685.25,27.753935974852,11870,655.5,715.0
750.25,27.755794324493,11871,714.5,786.0
833.0,27.7596684913,11872,785.5,880.5
384.25,27.764463108794,11874,379.5,389.0
394.25,27.766326806959,11875,388.5,400.0
406.25,27.768191041565,11876,399.5,413.0
419.25,27.770049359417,11877,412.5,426.0
433.75,27.772825576878,11878,425.5,442.0
450.75,27.774507373587,11879,441.5,460.0
471.75,27.77619014384,11880,459.5,484.0
496.25,27.777877126153,11881,483.5,509.0
523.25,27.779735742029,11882,508.5,538.0
554.75,27.781645208613,11883,537.5,572.0
590.75,27.784026441987,11884,571.5,610.0
632.75,27.785713956769,11885,609.5,656.0
685.25,27.787572290516,11886,655.5,715.0
750.25,27.789481808758,11887,714.5,786.0
833.0,27.791911456998,11888,785.5,880.5
384.25,27.796681807454,11890,379.5,389.0
394.25,27.798540526644,11891,388.5,400.0
406.25,27.800456808027,11892,399.5,413.0
419.25,27.80231484375,11893,412.5,426.0
433.75,27.804812258498,11894,425.5,442.0
450.75,27.80649469099,11895,441.5,460.0
471.75,27.808176940695,11896,459.5,484.0
496.25,27.809858892377,11897,483.5,509.0
523.25,27.811774875736,11898,508.5,538.0
554.75,27.813632708804,11899,537.5,572.0
590.75,27.816010993735,11900,571.5,610.0
632.75,27.817698393281,11901,609.5,656.0
685.25,27.819563076909,11902,655.5,715.0
750.25,27.821421776231,11903,714.5,786.0
833.0,27.823732827123,11904,785.5,880.5
384.25,27.828401460266,11906,379.5,389.0
394.25,27.830089523411,11907,388.5,400.0
406.25,27.831953277206,11908,399.5,413.0
419.25,27.833811440086,11909,412.5,426.0
433.75,27.836249456819,11910,425.5,442.0
450.75,27.837931507842,11911,441.5,460.0
471.75,27.839619308726,11912,459.5,484.0
496.25,27.841301141198,11913,483.5,509.0
523.25,27.842983740584,11914,508.5,538.0
554.75,27.844904023425,11915,537.5,572.0
590.75,27.847307827091,11916,571.5,610.0
632.75,27.84917141002,11917,609.5,656.0
685.25,27.851029743767,11918,655.5,715.0
750.25,27.852939357376,11919,714.5,786.0
833.0,27.855479043738,11920,785.5,880.5
384.25,27.861754240608,11922,379.5,389.0
394.25,27.86361859045,11923,388.5,400.0
406.25,27.865482892609,11924,399.5,413.0
419.25,27.867340741571,11925,412.5,426.0
433.75,27.869868658002,11926,425.5,442.0
450.75,27.871550573921,11927,441.5,460.0
471.75,27.873232891178,11928,459.5,484.0
496.25,27.874915176646,11929,483.5,509.0
523.25,27.876597307142,11930,508.5,538.0
554.75,27.878507723427,11931,537.5,572.0
590.75,27.88079282643,11932,571.5,610.0
632.75,27.882480659103,11933,609.5,656.0
685.25,27.884339457766,11934,655.5,715.0
750.25,27.886249393241,11935,714.5,786.0
833.0,27.889460990842,11936,785.5,880.5
384.25,27.894078991826,11938,379.5,389.0
394.25,27.895937091128,11939,388.5,400.0
406.25,27.897852657255,11940,399.5,413.0
419.25,27.899711006896,11941,412.5,426.0
433.75,27.90283105971,11942,425.5,442.0
450.75,27.904513460414,11943,441.5,460.0
471.75,27.906201225535,11944,459.5,484.0
496.25,27.907936892923,11945,483.5,509.0
523.25,27.90979532601,11946,508.5,538.0
554.75,27.911705340958,11947,537.5,572.0
590.75,27.914036009725,11948,571.5,610.0
632.75,27.915723957634,11949,609.5,656.0
685.25,27.917582875506,11950,655.5,715.0
750.25,27.919493140793,11951,714.5,786.0
833.0,27.923378958321,11952,785.5,880.5
384.25,27.929619723574,11954,379.5,389.0
394.25,27.931484041627,11955,388.5,400.0
406.25,27.933348407364,11956,399.5,413.0
419.25,27.935206840452,11957,412.5,426.0
433.75,27.938282308992,11958,425.5,442.0
450.75,27.939964093781,11959,441.5,460.0
471.75,27.941647058741,11960,459.5,484.0
496.25,27.943335340436,11961,483.5,509.0
523.25,27.945215640481,11962,508.5,538.0
554.75,27.947074427223,11963,537.5,572.0
590.75,27.949825090186,11964,571.5,610.0
632.75,27.95161020956,11965,609.5,656.0
685.25,27.953474956767,11966,655.5,715.0
750.25,27.955332758045,11967,714.5,786.0
833.0,27.959210310396,11968,785.5,880.5
384.25,27.964048506832,11970,379.5,389.0
394.25,27.965912491099,11971,388.5,400.0
406.25,27.967776590602,11972,399.5,413.0
419.25,27.969634840902,11973,412.5,426.0
433.75,27.972754774507,11974,425.5,442.0
450.75,27.974436690426,11975,441.5,460.0
471.75,27.976118542767,11976,459.5,484.0
496.25,27.977806041654,11977,483.5,509.0
523.25,27.979664427058,11978,508.5,538.0
554.75,27.981574577109,11979,537.5,572.0
590.75,27.984193160152,11980,571.5,610.0
632.75,27.985881974316,11981,609.5,656.0
685.25,27.987745724138,11982,655.5,715.0
750.25,27.989603692309,11983,714.5,786.0
833.0,27.993383926169,11984,785.5,880.5
384.25,27.998655142403,11986,379.5,389.0
394.25,28.000518709437,11987,388.5,400.0
406.25,28.002383273856,11988,399.5,413.0
419.25,28.004242191728,11989,412.5,426.0
433.75,28.007440660413,11990,425.5,442.0
450.75,28.00912335914,11991,441.5,460.0
471.75,28.010805676397,11992,459.5,484.0
496.25,28.012487508869,11993,483.5,509.0
523.25,28.014170358594,11994,508.5,538.0
554.75,28.016080826537,11995,537.5,572.0
590.75,28.019116093731,11996,571.5,610.0
632.75,28.020979859447,11997,609.5,656.0
685.25,28.022843859609,11998,655.5,715.0
750.25,28.024702193356,11999,714.5,786.0
833.0,28.028015190379,12000,785.5,880.5
384.25,28.034498641904,12002,379.5,389.0
394.25,28.036362475173,12003,388.5,400.0
406.25,28.038227043565,12004,399.5,413.0
419.25,28.040000993029,12005,412.5,426.0
433.75,28.042993273354,12006,425.5,442.0
450.75,28.044675689952,12007,441.5,460.0
471.75,28.046357442951,12008,459.5,484.0
496.25,28.048044941839,12009,483.5,509.0
523.25,28.049903076903,12010,508.5,538.0
554.75,28.051814192549,12011,537.5,572.0
590.75,28.054406875388,12012,571.5,610.0
632.75,28.056094473616,12013,609.5,656.0
685.25,28.057953260358,12014,655.5,715.0
750.25,28.059863108412,12015,714.5,786.0
833.0,28.063739508406,12016,785.5,880.5
384.25,28.069243727144,12018,379.5,389.0
394.25,28.071102593358,12019,388.5,400.0
406.25,28.073020257568,12020,399.5,413.0
419.25,28.074878690656,12021,412.5,426.0
433.75,28.078226890182,12022,425.5,442.0
450.75,28.07991447649,12023,441.5,460.0
471.75,28.081772826131,12024,459.5,484.0
496.25,28.083689107513,12025,483.5,509.0
523.25,28.085553524907,12026,508.5,538.0
554.75,28.087412426885,12027,537.5,572.0
590.75,28.090080175813,12028,571.5,610.0
632.75,28.091767607148,12029,609.5,656.0
685.25,28.093625626977,12030,655.5,715.0
750.25,28.095536059157,12031,714.5,786.0
833.0,28.099420942879,12032,785.5,880.5
384.25,28.105499408658,12034,379.5,389.0
394.25,28.1073577583,12035,388.5,400.0
406.25,28.109273542976,12036,399.5,413.0
419.25,28.111131876723,12037,412.5,426.0
433.75,28.113913510259,12038,425.5,442.0
450.75,28.115595259285,12039,441.5,460.0
471.75,28.117278093115,12040,459.5,484.0
496.25,28.118965675449,12041,483.5,509.0
523.25,28.12083052597,12042,508.5,538.0
554.75,28.122688124593,12043,537.5,572.0
590.75,28.125507873313,12044,571.5,610.0
632.75,28.127195376174,12045,609.5,656.0
685.25,28.129059559123,12046,655.5,715.0
750.25,28.130917690214,12047,714.5,786.0
833.0,28.134802709039,12048,785.5,880.5
384.25,28.140164659437,12050,379.5,389.0
394.25,28.142029509958,12051,388.5,400.0
406.25,28.143893677012,12052,399.5,413.0
419.25,28.145752074337,12053,412.5,426.0
433.75,28.148808358129,12054,425.5,442.0
450.75,28.150490226364,12055,441.5,460.0
471.75,28.152172476069,12056,459.5,484.0
496.25,28.153859692828,12057,483.5,509.0
523.25,28.155717875576,12058,508.5,538.0
554.75,28.157629809793,12059,537.5,572.0
590.75,28.160296541468,12060,571.5,610.0
632.75,28.161985009925,12061,609.5,656.0
685.25,28.163849025981,12062,655.5,715.0
750.25,28.165707359727,12063,714.5,786.0
833.0,28.169585408783,12064,785.5,880.5
384.25,28.176591656621,12066,379.5,389.0
394.25,28.178455740229,12067,388.5,400.0
406.25,28.180314058081,12068,399.5,413.0
419.25,28.182240058994,12069,412.5,426.0
433.75,28.185244156933,12070,425.5,442.0
450.75,28.186926025168,12071,441.5,460.0
471.75,28.18860895834,12072,459.5,484.0
496.25,28.190296576436,12073,483.5,509.0
523.25,28.192159873263,12074,508.5,538.0
554.75,28.193842309729,12075,537.5,572.0
590.75,28.196314209716,12076,571.5,610.0
632.75,28.198001676814,12077,609.5,656.0
685.25,28.199865808105,12078,655.5,715.0
750.25,28.201724026616,12079,714.5,786.0
833.0,28.205600724634,12080,785.5,880.5
384.25,28.210614909744,12082,379.5,389.0
394.25,28.212472758706,12083,388.5,400.0
406.25,28.214388523515,12084,399.5,413.0
419.25,28.21621326011,12085,412.5,426.0
433.75,28.219027807331,12086,425.5,442.0
450.75,28.220709540462,12087,441.5,460.0
471.75,28.222391508039,12088,459.5,484.0
496.25,28.224079893049,12089,483.5,509.0
523.25,28.225943940894,12090,508.5,538.0
554.75,28.227688541031,12091,537.5,572.0
590.75,28.230161056932,12092,571.5,610.0
632.75,28.231848559793,12093,609.5,656.0
685.25,28.233706873671,12094,655.5,715.0
750.25,28.235618191973,12095,714.5,786.0
833.0,28.239498573558,12096,785.5,880.5
384.25,28.244589525477,12098,379.5,389.0
394.25,28.24645362498,12099,388.5,400.0
406.25,28.248318026479,12100,399.5,413.0
419.25,28.250176042334,12101,412.5,426.0
433.75,28.253263157622,12102,425.5,442.0
450.75,28.254944791412,12103,441.5,460.0
471.75,28.256627740479,12104,459.5,484.0
496.25,28.25831524334,12105,483.5,509.0
523.25,28.260179243501,12106,508.5,538.0
554.75,28.262036973254,12107,537.5,572.0
590.75,28.264591624355,12108,571.5,610.0
632.75,28.266279059664,12109,609.5,656.0
685.25,28.268137174861,12110,655.5,715.0
750.25,28.269819408671,12111,714.5,786.0
833.0,28.273697390175,12112,785.5,880.5
384.25,28.279133373515,12114,379.5,389.0
394.25,28.280997059759,12115,388.5,400.0
406.25,28.282861123498,12116,399.5,413.0
419.25,28.284719409561,12117,412.5,426.0
433.75,28.288084373887,12118,425.5,442.0
450.75,28.289766607698,12119,441.5,460.0
471.75,28.291449226952,12120,459.5,484.0
496.25,28.29313707552,12121,483.5,509.0
523.25,28.294995409266,12122,508.5,538.0
554.75,28.296905209637,12123,537.5,572.0
590.75,28.299656210359,12124,571.5,610.0
632.75,28.301343641694,12125,609.5,656.0
685.25,28.303201860205,12126,655.5,715.0
750.25,28.305111958599,12127,714.5,786.0
833.0,28.308995809174,12128,785.5,880.5
384.25,28.314321492132,12130,379.5,389.0
394.25,28.316187908268,12131,388.5,400.0
406.25,28.318052059428,12132,399.5,413.0
419.25,28.319733991241,12133,412.5,426.0
433.75,28.323416707929,12134,425.5,442.0
450.75,28.32509904108,12135,441.5,460.0
471.75,28.326781227207,12136,459.5,484.0
496.25,28.328463159021,12137,483.5,509.0
523.25,28.3303797424,12138,508.5,538.0
554.75,28.332237674808,12139,537.5,572.0
590.75,28.335072793579,12140,571.5,610.0
632.75,28.336761107063,12141,609.5,656.0
685.25,28.338619174576,12142,655.5,715.0
750.25,28.340530325985,12143,714.5,786.0
833.0,28.344410492992,12144,785.5,880.5
384.25,28.351284374809,12146,379.5,389.0
394.25,28.35314297479,12147,388.5,400.0
406.25,28.355060408529,12148,399.5,413.0
419.25,28.356918726381,12149,412.5,426.0
433.75,28.360229843871,12150,425.5,442.0
450.75,28.361911592897,12151,441.5,460.0
471.75,28.363594541963,12152,459.5,484.0
496.25,28.36528229119,12153,483.5,509.0
523.25,28.367141157405,12154,508.5,538.0
554.75,28.369065258916,12155,537.5,572.0
590.75,28.371730226294,12156,571.5,610.0
632.75,28.373417725182,12157,609.5,656.0
685.25,28.375289557393,12158,655.5,715.0
750.25,28.377147859351,12159,714.5,786.0
833.0,28.379931892967,12160,785.5,880.5
384.25,28.384440642611,12162,379.5,389.0
394.25,28.386299059804,12163,388.5,400.0
406.25,28.388216159757,12164,399.5,413.0
419.25,28.390074509398,12165,412.5,426.0
433.75,28.393959007676,12166,425.5,442.0
450.75,28.39564115804,12167,441.5,460.0
471.75,28.397329157607,12168,459.5,484.0
496.25,28.399187392012,12169,483.5,509.0
523.25,28.401098491764,12170,508.5,538.0
554.75,28.402780741469,12171,537.5,572.0
590.75,28.405365258471,12172,571.5,610.0
632.75,28.407052757359,12173,609.5,656.0
685.25,28.408916741625,12174,655.5,715.0
750.25,28.410774892584,12175,714.5,786.0
833.0,28.413916275915,12176,785.5,880.5
384.25,28.418394440428,12178,379.5,389.0
394.25,28.420258325354,12179,388.5,400.0
406.25,28.422122524198,12180,399.5,413.0
419.25,28.423980424817,12181,412.5,426.0
433.75,28.427858326848,12182,425.5,442.0
450.75,28.429540258662,12183,441.5,460.0
471.75,28.43122289381,12184,459.5,484.0
496.25,28.433139477189,12185,483.5,509.0
523.25,28.435003691928,12186,508.5,538.0
554.75,28.436686092631,12187,537.5,572.0
590.75,28.439329026159,12188,571.5,610.0
632.75,28.44101704162,12189,609.5,656.0
685.25,28.442880874888,12190,655.5,715.0
750.25,28.444743841902,12191,714.5,786.0
833.0,28.448622908211,12192,785.5,880.5
384.25,28.454597109572,12194,379.5,389.0
394.25,28.456455240663,12195,388.5,400.0
406.25,28.458385525163,12196,399.5,413.0
419.25,28.460243926462,12197,412.5,426.0
433.75,28.464123608685,12198,425.5,442.0
450.75,28.465805759048,12199,441.5,460.0
471.75,28.467489093558,12200,459.5,484.0
496.25,28.469404858367,12201,483.5,509.0
523.25,28.471269442654,12202,508.5,538.0
554.75,28.473127792295,12203,537.5,572.0
590.75,28.475885023689,12204,571.5,610.0
632.75,28.477567356841,12205,609.5,656.0
685.25,28.47924949131,12206,655.5,715.0
750.25,28.481159406916,12207,714.5,786.0
833.0,28.485038206991,12208,785.5,880.5
384.25,28.489566626167,12210,379.5,389.0
394.25,28.491424892362,12211,388.5,400.0
406.25,28.493341690318,12212,399.5,413.0
419.25,28.495199674384,12213,412.5,426.0
433.75,28.498450710392,12214,425.5,442.0
450.75,28.500132856782,12215,441.5,460.0
471.75,28.501815309143,12216,459.5,484.0
496.25,28.503502792136,12217,483.5,509.0
523.25,28.505360859648,12218,508.5,538.0
554.75,28.507270858701,12219,537.5,572.0
590.75,28.510013109461,12220,571.5,610.0
632.75,28.511695359166,12221,609.5,656.0
685.25,28.513377791659,12222,655.5,715.0
750.25,28.515303156789,12223,714.5,786.0
833.0,28.518559926764,12224,785.5,880.5
384.25,28.523168307559,12226,379.5,389.0
394.25,28.52503337663,12227,388.5,400.0
406.25,28.526897043006,12228,399.5,413.0
419.25,28.528754891968,12229,412.5,426.0
433.75,28.531939107196,12230,425.5,442.0
450.75,28.533621523794,12231,441.5,460.0
471.75,28.53530336024,12232,459.5,484.0
496.25,28.536986190097,12233,483.5,509.0
523.25,28.538900993284,12234,508.5,538.0
554.75,28.540583409882,12235,537.5,572.0
590.75,28.543239774323,12236,571.5,610.0
632.75,28.544921924686,12237,609.5,656.0
685.25,28.546604341284,12238,655.5,715.0
750.25,28.548524524784,12239,714.5,786.0
833.0,28.551433541393,12240,785.5,880.5
384.25,28.556341308371,12242,379.5,389.0
394.25,28.558205773449,12243,388.5,400.0
406.25,28.560070341841,12244,399.5,413.0
419.25,28.561928190804,12245,412.5,426.0
433.75,28.565131976223,12246,425.5,442.0
450.75,28.56681369346,12247,441.5,460.0
471.75,28.568496626631,12248,459.5,484.0
496.25,28.570184042072,12249,483.5,509.0
523.25,28.572042391713,12250,508.5,538.0
554.75,28.573724323527,12251,537.5,572.0
590.75,28.576351608849,12252,571.5,610.0
632.75,28.578039143499,12253,609.5,656.0
685.25,28.579897608376,12254,655.5,715.0
750.25,28.581807273642,12255,714.5,786.0
833.0,28.585420741653,12256,785.5,880.5
384.25,28.591924025631,12258,379.5,389.0
394.25,28.593788323816,12259,388.5,400.0
406.25,28.595646224435,12260,399.5,413.0
419.25,28.59756677351,12261,412.5,426.0
433.75,28.600699541982,12262,425.5,442.0
450.75,28.602381875134,12263,441.5,460.0
471.75,28.60406419239,12264,459.5,484.0
496.25,28.605751309808,12265,483.5,509.0
523.25,28.607609607792,12266,508.5,538.0
554.75,28.609291591263,12267,537.5,572.0
590.75,28.611808341757,12268,571.5,610.0
632.75,28.613495757198,12269,609.5,656.0
685.25,28.615354257838,12270,655.5,715.0
750.25,28.617263807869,12271,714.5,786.0
833.0,28.621149426715,12272,785.5,880.5
384.25,28.626150109386,12274,379.5,389.0
394.25,28.628009225941,12275,388.5,400.0
406.25,28.629918390528,12276,399.5,413.0
419.25,28.631600743548,12277,412.5,426.0
433.75,28.634896073755,12278,425.5,442.0
450.75,28.636578208224,12279,441.5,460.0
471.75,28.638261193053,12280,459.5,484.0
496.25,28.639948640283,12281,483.5,509.0
523.25,28.641812509314,12282,508.5,538.0
554.75,28.64349485836,12283,537.5,572.0
590.75,28.645961540953,12284,571.5,610.0
632.75,28.647649226602,12285,609.5,656.0
685.25,28.649513640022,12286,655.5,715.0
750.25,28.651371957874,12287,714.5,786.0
833.0,28.655247459825,12288,785.5,880.5
384.25,28.660301373418,12290,379.5,389.0
394.25,28.662165310001,12291,388.5,400.0
406.25,28.664023643748,12292,399.5,413.0
419.25,28.665934457397,12293,412.5,426.0
433.75,28.669300240294,12294,425.5,442.0
450.75,28.670982525762,12295,441.5,460.0
471.75,28.672664576785,12296,459.5,484.0
496.25,28.674352123356,12297,483.5,509.0
523.25,28.676210059738,12298,508.5,538.0
554.75,28.678121640301,12299,537.5,572.0
590.75,28.680615307903,12300,571.5,610.0
632.75,28.682302624003,12301,609.5,656.0
685.25,28.684160608069,12302,655.5,715.0
750.25,28.686070774015,12303,714.5,786.0
833.0,28.689946573989,12304,785.5,880.5
384.25,28.694932125028,12306,379.5,389.0
394.25,28.696790307776,12307,388.5,400.0
406.25,28.698472474035,12308,399.5,413.0
419.25,28.70038289032,12309,412.5,426.0
433.75,28.703798657672,12310,425.5,442.0
450.75,28.705480974929,12311,441.5,460.0
471.75,28.707163224634,12312,459.5,484.0
496.25,28.708844957765,12313,483.5,509.0
523.25,28.710771058019,12314,508.5,538.0
554.75,28.712453208383,12315,537.5,572.0
590.75,28.714927023665,12316,571.5,610.0
632.75,28.716615408675,12317,609.5,656.0
685.25,28.718473658975,12318,655.5,715.0
750.25,28.720383459345,12319,714.5,786.0
833.0,28.724261607742,12320,785.5,880.5
384.25,28.729025858657,12322,379.5,389.0
394.25,28.730884077168,12323,388.5,400.0
406.25,28.732571591949,12324,399.5,413.0
419.25,28.734253392633,12325,412.5,426.0
433.75,28.737635459518,12326,425.5,442.0
450.75,28.739317526436,12327,441.5,460.0
471.75,28.74099955759,12328,459.5,484.0
496.25,28.7426879426,12329,483.5,509.0
523.25,28.74454597435,12330,508.5,538.0
554.75,28.746456740316,12331,537.5,572.0
590.75,28.748890326436,12332,571.5,610.0
632.75,28.750577825324,12333,609.5,656.0
685.25,28.75243654054,12334,655.5,715.0
750.25,28.754347576714,12335,714.5,786.0
833.0,28.758227123833,12336,785.5,880.5
384.25,28.764534475422,12338,379.5,389.0
394.25,28.766392793274,12339,388.5,400.0
406.25,28.768074725087,12340,399.5,413.0
419.25,28.769756990687,12341,412.5,426.0
433.75,28.772757258034,12342,425.5,442.0
450.75,28.774439642843,12343,441.5,460.0
471.75,28.776122591909,12344,459.5,484.0
496.25,28.777804976718,12345,483.5,509.0
523.25,28.779492793496,12346,508.5,538.0
554.75,28.781350757694,12347,537.5,572.0
590.75,28.783857391294,12348,571.5,610.0
632.75,28.785545025285,12349,609.5,656.0
685.25,28.787403223928,12350,655.5,715.0
750.25,28.789313258743,12351,714.5,786.0
833.0,28.793192392604,12352,785.5,880.5
384.25,28.798038258171,12354,379.5,389.0
394.25,28.799902576224,12355,388.5,400.0
406.25,28.801745941257,12356,399.5,413.0
419.25,28.803427841282,12357,412.5,426.0
433.75,28.806317426777,12358,425.5,442.0
450.75,28.807999259249,12359,441.5,460.0
471.75,28.809681342061,12360,459.5,484.0
496.25,28.811363643424,12361,483.5,509.0
523.25,28.813051674779,12362,508.5,538.0
554.75,28.814909476058,12363,537.5,572.0
590.75,28.817482008553,12364,571.5,610.0
632.75,28.81916950744,12365,609.5,656.0
685.25,28.82102797629,12366,655.5,715.0
750.25,28.822938257472,12367,714.5,786.0
833.0,28.826824059105,12368,785.5,880.5
384.25,28.831807408746,12370,379.5,389.0
394.25,28.833665424601,12371,388.5,400.0
406.25,28.835576790587,12372,399.5,413.0
419.25,28.83726449213,12373,412.5,426.0
433.75,28.840238140043,12374,425.5,442.0
450.75,28.841919809596,12375,441.5,460.0
471.75,28.843602941449,12376,459.5,484.0
496.25,28.845285123603,12377,483.5,509.0
523.25,28.847201158619,12378,508.5,538.0
554.75,28.849059492366,12379,537.5,572.0
590.75,28.851657424386,12380,571.5,610.0
632.75,28.853344808038,12381,609.5,656.0
685.25,28.855203324572,12382,655.5,715.0
750.25,28.857114257431,12383,714.5,786.0
833.0,28.860989556726,12384,785.5,880.5
384.25,28.866156325754,12386,379.5,389.0
394.25,28.868020576255,12387,388.5,400.0
406.25,28.869878890133,12388,399.5,413.0
419.25,28.871561191495,12389,412.5,426.0
433.75,28.874502760188,12390,425.5,442.0
450.75,28.876185009893,12391,441.5,460.0
471.75,28.877867509937,12392,459.5,484.0
496.25,28.879554941273,12393,483.5,509.0
523.25,28.881413191573,12394,508.5,538.0
554.75,28.883323993301,12395,537.5,572.0
590.75,28.885899160322,12396,571.5,610.0
632.75,28.887586492316,12397,609.5,656.0
685.25,28.889444992956,12398,655.5,715.0
750.25,28.891354960219,12399,714.5,786.0
833.0,28.895237773673,12400,785.5,880.5
384.25,28.900569524384,12402,379.5,389.0
394.25,28.902433206654,12403,388.5,400.0
406.25,28.904297524707,12404,399.5,413.0
419.25,28.905979941305,12405,412.5,426.0
433.75,28.908841957664,12406,425.5,442.0
450.75,28.910524306711,12407,441.5,460.0
471.75,28.912206341839,12408,459.5,484.0
496.25,28.913894524193,12409,483.5,509.0
523.25,28.915752873834,12410,508.5,538.0
554.75,28.917671742058,12411,537.5,572.0
590.75,28.920129956818,12412,571.5,610.0
632.75,28.92181755902,12413,609.5,656.0
685.25,28.923681491629,12414,655.5,715.0
750.25,28.925539590931,12415,714.5,786.0
833.0,28.929419992383,12416,785.5,880.5
384.25,28.935843040562,12418,379.5,389.0
394.25,28.93771264356,12419,388.5,400.0
406.25,28.939576790746,12420,399.5,413.0
419.25,28.941258607324,12421,412.5,426.0
433.75,28.94411467514,12422,425.5,442.0
450.75,28.945796710269,12423,441.5,460.0
471.75,28.947478876527,12424,459.5,484.0
496.25,28.949161209679,12425,483.5,509.0
523.25,28.951090373611,12426,508.5,538.0
554.75,28.952948707358,12427,537.5,572.0
590.75,28.955342473602,12428,571.5,610.0
632.75,28.957030107594,12429,609.5,656.0
685.25,28.95888831021,12430,655.5,715.0
750.25,28.960799290752,12431,714.5,786.0
833.0,28.964685024834,12432,785.5,880.5
384.25,28.970135492102,12434,379.5,389.0
394.25,28.971999659157,12435,388.5,400.0
406.25,28.973857941246,12436,399.5,413.0
419.25,28.975769525782,12437,412.5,426.0
433.75,28.978898710028,12438,425.5,442.0
450.75,28.980580657736,12439,441.5,460.0
471.75,28.982262573655,12440,459.5,484.0
496.25,28.983950175858,12441,483.5,509.0
523.25,28.985809125519,12442,508.5,538.0
554.75,28.987720193481,12443,537.5,572.0
590.75,28.990162124252,12444,571.5,610.0
632.75,28.991849809901,12445,609.5,656.0
685.25,28.993708060201,12446,655.5,715.0
750.25,28.995617856598,12447,714.5,786.0
833.0,28.999500793235,12448,785.5,880.5
384.25,29.004714709536,12450,379.5,389.0
394.25,29.006402875996,12451,388.5,400.0
406.25,29.008261273321,12452,399.5,413.0
419.25,29.010171542581,12453,412.5,426.0
433.75,29.013191376146,12454,425.5,442.0
450.75,29.014873725192,12455,441.5,460.0
471.75,29.016556241131,12456,459.5,484.0
496.25,29.018243843333,12457,483.5,509.0
523.25,29.020108658091,12458,508.5,538.0
554.75,29.021966856734,12459,537.5,572.0
590.75,29.024420823669,12460,571.5,610.0
632.75,29.02610917689,12461,609.5,656.0
685.25,29.027973725414,12462,655.5,715.0
750.25,29.029831741269,12463,714.5,786.0
833.0,29.033715393162,12464,785.5,880.5
384.25,29.038896642145,12466,379.5,389.0
394.25,29.040585043049,12467,388.5,400.0
406.25,29.042449210103,12468,399.5,413.0
419.25,29.044307190196,12469,412.5,426.0
433.75,29.047235041873,12470,425.5,442.0
450.75,29.048917375024,12471,441.5,460.0
471.75,29.050599191602,12472,459.5,484.0
496.25,29.052287207063,12473,483.5,509.0
523.25,29.054145457363,12474,508.5,538.0
554.75,29.056055357075,12475,537.5,572.0
590.75,29.058566973623,12476,571.5,610.0
632.75,29.060254977163,12477,609.5,656.0
685.25,29.062123626486,12478,655.5,715.0
750.25,29.063982059574,12479,714.5,786.0
833.0,29.067864324665,12480,785.5,880.5
384.25,29.073051808294,12482,379.5,389.0
394.25,29.074734709676,12483,388.5,400.0
406.25,29.076650891717,12484,399.5,413.0
419.25,29.078428190962,12485,412.5,426.0
433.75,29.081366858896,12486,425.5,442.0
450.75,29.083049207942,12487,441.5,460.0
471.75,29.08473099273,12488,459.5,484.0
496.25,29.086414374924,12489,483.5,509.0
523.25,29.088329992708,12490,508.5,538.0
554.75,29.090187543646,12491,537.5,572.0
590.75,29.092807541307,12492,571.5,610.0
632.75,29.094494956748,12493,609.5,656.0
685.25,29.096359159565,12494,655.5,715.0
750.25,29.098217958228,12495,714.5,786.0
833.0,29.1020959596,12496,785.5,880.5
384.25,29.108797043578,12498,379.5,389.0
394.25,29.110484741147,12499,388.5,400.0
406.25,29.112343126551,12500,399.5,413.0
419.25,29.114025026576,12501,412.5,426.0
433.75,29.117025826391,12502,425.5,442.0
450.75,29.118708076096,12503,441.5,460.0
471.75,29.120390309906,12504,459.5,484.0
496.25,29.122077908134,12505,483.5,509.0
523.25,29.123942607657,12506,508.5,538.0
554.75,29.125800826168,12507,537.5,572.0
590.75,29.128534140205,12508,571.5,610.0
632.75,29.130221674856,12509,609.5,656.0
685.25,29.1320868234,12510,655.5,715.0
750.25,29.1339450737,12511,714.5,786.0
833.0,29.137827907022,12512,785.5,880.5
384.25,29.142894957479,12514,379.5,389.0
394.25,29.144582543786,12515,388.5,400.0
406.25,29.14644049209,12516,399.5,413.0
419.25,29.148122658348,12517,412.5,426.0
433.75,29.151341309166,12518,425.5,442.0
450.75,29.153023741659,12519,441.5,460.0
471.75,29.154705542342,12520,459.5,484.0
496.25,29.156387641048,12521,483.5,509.0
523.25,29.158075124041,12522,508.5,538.0
554.75,29.159906576093,12523,537.5,572.0
590.75,29.162690808392,12524,571.5,610.0
632.75,29.164378509935,12525,609.5,656.0
685.25,29.166242573675,12526,655.5,715.0
750.25,29.168100823975,12527,714.5,786.0
833.0,29.171976206716,12528,785.5,880.5
384.25,29.178411823527,12530,379.5,389.0
394.25,29.180093942102,12531,388.5,400.0
406.25,29.182012257989,12532,399.5,413.0
419.25,29.183694575246,12533,412.5,426.0
433.75,29.186977873262,12534,425.5,442.0
450.75,29.188659542815,12535,441.5,460.0
471.75,29.190341891861,12536,459.5,484.0
496.25,29.192023760096,12537,483.5,509.0
523.25,29.193939707692,12538,508.5,538.0
554.75,29.195798041439,12539,537.5,572.0
590.75,29.198620591577,12540,571.5,610.0
632.75,29.200307991123,12541,609.5,656.0
685.25,29.202172142283,12542,655.5,715.0
750.25,29.204030392583,12543,714.5,786.0
833.0,29.207923760033,12544,785.5,880.5
384.25,29.212734176731,12546,379.5,389.0
394.25,29.21442177496,12547,388.5,400.0
406.25,29.216280390835,12548,399.5,413.0
419.25,29.217962676303,12549,412.5,426.0
433.75,29.221253508345,12550,425.5,442.0
450.75,29.222935658709,12551,441.5,460.0
471.75,29.224617960072,12552,459.5,484.0
496.25,29.226300174014,12553,483.5,509.0
523.25,29.22821779054,12554,508.5,538.0
554.75,29.230076223628,12555,537.5,572.0
590.75,29.23272794288,12556,571.5,610.0
632.75,29.234415425873,12557,609.5,656.0
685.25,29.236273827171,12558,655.5,715.0
750.25,29.238183440781,12559,714.5,786.0
833.0,29.242056292311,12560,785.5,880.5
384.25,29.247024657345,12562,379.5,389.0
394.25,29.248713423824,12563,388.5,400.0
406.25,29.250571173445,12564,399.5,413.0
419.25,29.252349243577,12565,412.5,426.0
433.75,29.255414241568,12566,425.5,442.0
450.75,29.257096674061,12567,441.5,460.0
471.75,29.25877880853,12568,459.5,484.0
496.25,29.26046634318,12569,483.5,509.0
523.25,29.262324676927,12570,508.5,538.0
554.75,29.264234576639,12571,537.5,572.0
590.75,29.266844973977,12572,571.5,610.0
632.75,29.268532560285,12573,609.5,656.0
685.25,29.270390441036,12574,655.5,715.0
750.25,29.272302260017,12575,714.5,786.0
833.0,29.276188741144,12576,785.5,880.5
384.25,29.282035090542,12578,379.5,389.0
394.25,29.283893809732,12579,388.5,400.0
406.25,29.28580957454,12580,399.5,413.0
419.25,29.287667908287,12581,412.5,426.0
433.75,29.29077587328,12582,425.5,442.0
450.75,29.292458007749,12583,441.5,460.0
471.75,29.294140841579,12584,459.5,484.0
496.25,29.29582850736,12585,483.5,509.0
523.25,29.297686658319,12586,508.5,538.0
554.75,29.299597690519,12587,537.5,572.0
590.75,29.302104224777,12588,571.5,610.0
632.75,29.30379170777,12589,609.5,656.0
685.25,29.305655624485,12590,655.5,715.0
750.25,29.30751424036,12591,714.5,786.0
833.0,29.311387274679,12592,785.5,880.5
384.25,29.3165267567,12594,379.5,389.0
394.25,29.318214708583,12595,388.5,400.0
406.25,29.320080043888,12596,399.5,413.0
419.25,29.321938373661,12597,412.5,426.0
433.75,29.325182026641,12598,425.5,442.0
450.75,29.326864359792,12599,441.5,460.0
471.75,29.328547209517,12600,459.5,484.0
496.25,29.330234557406,12601,483.5,509.0
523.25,29.332099407927,12602,508.5,538.0
554.75,29.333957527097,12603,537.5,572.0
590.75,29.336438939985,12604,571.5,610.0
632.75,29.338126260058,12605,609.5,656.0
685.25,29.339985193825,12606,655.5,715.0
750.25,29.34189501009,12607,714.5,786.0
833.0,29.345769625918,12608,785.5,880.5
384.25,29.352370009836,12610,379.5,389.0
394.25,29.354057659721,12611,388.5,400.0
406.25,29.355916359043,12612,399.5,413.0
419.25,29.357827407138,12613,412.5,426.0
433.75,29.360949240144,12614,425.5,442.0
450.75,29.362631374613,12615,441.5,460.0
471.75,29.364313358084,12616,459.5,484.0
496.25,29.365995524343,12617,483.5,509.0
523.25,29.367689742661,12618,508.5,538.0
554.75,29.369548060513,12619,537.5,572.0
590.75,29.372095992184,12620,571.5,610.0
632.75,29.373783574518,12621,609.5,656.0
685.25,29.375647725677,12622,655.5,715.0
750.25,29.377505940215,12623,714.5,786.0
833.0,29.381385010497,12624,785.5,880.5
384.25,29.386474174277,12626,379.5,389.0
394.25,29.38816187582,12627,388.5,400.0
406.25,29.390020173804,12628,399.5,413.0
419.25,29.391931309319,12629,412.5,426.0
433.75,29.395214376863,12630,425.5,442.0
450.75,29.396896074231,12631,441.5,460.0
471.75,29.398578860378,12632,459.5,484.0
496.25,29.400266442712,12633,483.5,509.0
523.25,29.4021056235,12634,508.5,538.0
554.75,29.403963957246,12635,537.5,572.0
590.75,29.406520924981,12636,571.5,610.0
632.75,29.408208558973,12637,609.5,656.0
685.25,29.410066924508,12638,655.5,715.0
750.25,29.411977976576,12639,714.5,786.0
833.0,29.415850259876,12640,785.5,880.5
384.25,29.421079991277,12642,379.5,389.0
394.25,29.422762209193,12643,388.5,400.0
406.25,29.424679460144,12644,399.5,413.0
419.25,29.426537857469,12645,412.5,426.0
433.75,29.429736290391,12646,425.5,442.0
450.75,29.431418909645,12647,441.5,460.0
471.75,29.4331018905,12648,459.5,484.0
496.25,29.434789290047,12649,483.5,509.0
523.25,29.436653290208,12650,508.5,538.0
554.75,29.438511691507,12651,537.5,572.0
590.75,29.441073809083,12652,571.5,610.0
632.75,29.442761343733,12653,609.5,656.0
685.25,29.444625860469,12654,655.5,715.0
750.25,29.446483506775,12655,714.5,786.0
833.0,29.450364742692,12656,785.5,880.5
384.25,29.45575980943,12658,379.5,389.0
394.25,29.45762412351,12659,388.5,400.0
406.25,29.459488393879,12660,399.5,413.0
419.25,29.461346723652,12661,412.5,426.0
433.75,29.464620540555,12662,425.5,442.0
450.75,29.466302977022,12663,441.5,460.0
471.75,29.467985123412,12664,459.5,484.0
496.25,29.469667941348,12665,483.5,509.0
523.25,29.471583606815,12666,508.5,538.0
554.75,29.473441376305,12667,537.5,572.0
590.75,29.476014290269,12668,571.5,610.0
632.75,29.477701824919,12669,609.5,656.0
685.25,29.479566476758,12670,655.5,715.0
750.25,29.481427973525,12671,714.5,786.0
833.0,29.485314291732,12672,785.5,880.5
384.25,29.490447606659,12674,379.5,389.0
394.25,29.492136273797,12675,388.5,400.0
406.25,29.493993840631,12676,399.5,413.0
419.25,29.495905075487,12677,412.5,426.0
433.75,29.498891474819,12678,425.5,442.0
450.75,29.500573823865,12679,441.5,460.0
471.75,29.502255974229,12680,459.5,484.0
496.25,29.503938390827,12681,483.5,509.0
523.25,29.505867574628,12682,508.5,538.0
554.75,29.507725773271,12683,537.5,572.0
590.75,29.510388793564,12684,571.5,610.0
632.75,29.512076292451,12685,609.5,656.0
685.25,29.513940507189,12686,655.5,715.0
750.25,29.515798856831,12687,714.5,786.0
833.0,29.519678376134,12688,785.5,880.5
384.25,29.526085140324,12690,379.5,389.0
394.25,29.527826474126,12691,388.5,400.0
406.25,29.52969149154,12692,399.5,413.0
419.25,29.531549825287,12693,412.5,426.0
433.75,29.534482743359,12694,425.5,442.0
450.75,29.536165493743,12695,441.5,460.0
471.75,29.537847024218,12696,459.5,484.0
496.25,29.53953462642,12697,483.5,509.0
523.25,29.541393476741,12698,508.5,538.0
554.75,29.543075809892,12699,537.5,572.0
590.75,29.5456800759,12700,571.5,610.0
632.75,29.547361908372,12701,609.5,656.0
685.25,29.549044626967,12702,655.5,715.0
750.25,29.550726292547,12703,714.5,786.0
833.0,29.554611323293,12704,785.5,880.5
384.25,29.559182626025,12706,379.5,389.0
394.25,29.560925891018,12707,388.5,400.0
406.25,29.562841409461,12708,399.5,413.0
419.25,29.564699826654,12709,412.5,426.0
433.75,29.567482624467,12710,425.5,442.0
450.75,29.569164409256,12711,441.5,460.0
471.75,29.570846742407,12712,459.5,484.0
496.25,29.572528892771,12713,483.5,509.0
523.25,29.574439408398,12714,508.5,538.0
554.75,29.576121590551,12715,537.5,572.0
590.75,29.578657076772,12716,571.5,610.0
632.75,29.58033889335,12717,609.5,656.0
685.25,29.582020940399,12718,655.5,715.0
750.25,29.583703376865,12719,714.5,786.0
833.0,29.587576824443,12720,785.5,880.5
384.25,29.592146025117,12722,379.5,389.0
394.25,29.593834207471,12723,388.5,400.0
406.25,29.595698875205,12724,399.5,413.0
419.25,29.597557026164,12725,412.5,426.0
433.75,29.600381424046,12726,425.5,442.0
450.75,29.602063808854,12727,441.5,460.0
471.75,29.60374555788,12728,459.5,484.0
496.25,29.605433076636,12729,483.5,509.0
523.25,29.607291410383,12730,508.5,538.0
554.75,29.60920300684,12731,537.5,572.0
590.75,29.611700826899,12732,571.5,610.0
632.75,29.613382758713,12733,609.5,656.0
685.25,29.615070575492,12734,655.5,715.0
750.25,29.616753007984,12735,714.5,786.0
833.0,29.620640891806,12736,785.5,880.5
384.25,29.625164324061,12738,379.5,389.0
394.25,29.626852208392,12739,388.5,400.0
406.25,29.628721759733,12740,399.5,413.0
419.25,29.630580093479,12741,412.5,426.0
433.75,29.633526490148,12742,425.5,442.0
450.75,29.635208557065,12743,441.5,460.0
471.75,29.636891510105,12744,459.5,484.0
496.25,29.638578993098,12745,483.5,509.0
523.25,29.640449724611,12746,508.5,538.0
554.75,29.64230847559,12747,537.5,572.0
590.75,29.644806124783,12748,571.5,610.0
632.75,29.646493540223,12749,609.5,656.0
685.25,29.648351826286,12750,655.5,715.0
750.25,29.650261725998,12751,714.5,786.0
833.0,29.653229024029,12752,785.5,880.5
384.25,29.657822142061,12754,379.5,389.0
394.25,29.659641891734,12755,388.5,400.0
406.25,29.661506007131,12756,399.5,413.0
419.25,29.663364074643,12757,412.5,426.0
433.75,29.666168508943,12758,425.5,442.0
450.75,29.667850941435,12759,441.5,460.0
471.75,29.669533556716,12760,459.5,484.0
496.25,29.671222160276,12761,483.5,509.0
523.25,29.672904076195,12762,508.5,538.0
554.75,29.674586341794,12763,537.5,572.0
590.75,29.677049841499,12764,571.5,610.0
632.75,29.678737340387,12765,609.5,656.0
685.25,29.680601825333,12766,655.5,715.0
750.25,29.682460325972,12767,714.5,786.0
833.0,29.685986342049,12768,785.5,880.5
384.25,29.692212643242,12770,379.5,389.0
394.25,29.694076826191,12771,388.5,400.0
406.25,29.695941108481,12772,399.5,413.0
419.25,29.697799326992,12773,412.5,426.0
433.75,29.700615523275,12774,425.5,442.0
450.75,29.702297057724,12775,441.5,460.0
471.75,29.703979307429,12776,459.5,484.0
496.25,29.705666893737,12777,483.5,509.0
523.25,29.707348924891,12778,508.5,538.0
554.75,29.70903109115,12779,537.5,572.0
590.75,29.711496776358,12780,571.5,610.0
632.75,29.713184875266,12781,609.5,656.0
685.25,29.715043407694,12782,655.5,715.0
750.25,29.716953291512,12783,714.5,786.0
833.0,29.720238826688,12784,785.5,880.5
384.25,29.725061724599,12786,379.5,389.0
394.25,29.726925990995,12787,388.5,400.0
406.25,29.728784376399,12788,399.5,413.0
419.25,29.730694693343,12789,412.5,426.0
433.75,29.733522341665,12790,425.5,442.0
450.75,29.735204476134,12791,441.5,460.0
471.75,29.736886741734,12792,459.5,484.0
496.25,29.738569460328,12793,483.5,509.0
523.25,29.740256573772,12794,508.5,538.0
554.75,29.742115992324,12795,537.5,572.0
590.75,29.744528041299,12796,571.5,610.0
632.75,29.746210175769,12797,609.5,656.0
685.25,29.747892608261,12798,655.5,715.0
750.25,29.749803024546,12799,714.5,786.0
833.0,29.753503026581,12800,785.5,880.5
384.25,29.75975849034,12802,379.5,389.0
394.25,29.761628407256,12803,388.5,400.0
406.25,29.763492474969,12804,399.5,413.0
419.25,29.765350323931,12805,412.5,426.0
433.75,29.768195690727,12806,425.5,442.0
450.75,29.769878023879,12807,441.5,460.0
471.75,29.771559892114,12808,459.5,484.0
496.25,29.773241823928,12809,483.5,509.0
523.25,29.774924260394,12810,508.5,538.0
554.75,29.776834291236,12811,537.5,572.0
590.75,29.779253023879,12812,571.5,610.0
632.75,29.780935190137,12813,609.5,656.0
685.25,29.782617741839,12814,655.5,715.0
750.25,29.784528575357,12815,714.5,786.0
833.0,29.788209273434,12816,785.5,880.5
384.25,29.79299887619,12818,379.5,389.0
394.25,29.794856892045,12819,388.5,400.0
406.25,29.796772807852,12820,399.5,413.0
419.25,29.798630609131,12821,412.5,426.0
433.75,29.801737791316,12822,425.5,442.0
450.75,29.803419707235,12823,441.5,460.0
471.75,29.805101658916,12824,459.5,484.0
496.25,29.806784290091,12825,483.5,509.0
523.25,29.808471240616,12826,508.5,538.0
554.75,29.810329423364,12827,537.5,572.0
590.75,29.8128685256,12828,571.5,610.0
632.75,29.814556040382,12829,609.5,656.0
685.25,29.816394792016,12830,655.5,715.0
750.25,29.818255108611,12831,714.5,786.0
833.0,29.821595710532,12832,785.5,880.5
384.25,29.826779542383,12834,379.5,389.0
394.25,29.828637824472,12835,388.5,400.0
406.25,29.830555524445,12836,399.5,413.0
419.25,29.832413858191,12837,412.5,426.0
433.75,29.835507593568,12838,425.5,442.0
450.75,29.83718945783,12839,441.5,460.0
471.75,29.838871890322,12840,459.5,484.0
496.25,29.840554342683,12841,483.5,509.0
523.25,29.842241909122,12842,508.5,538.0
554.75,29.84409987332,12843,537.5,572.0
590.75,29.846516424433,12844,571.5,610.0
632.75,29.848198876794,12845,609.5,656.0
685.25,29.849886475023,12846,655.5,715.0
750.25,29.851744625982,12847,714.5,786.0
833.0,29.854867623266,12848,785.5,880.5
384.25,29.860921106752,12850,379.5,389.0
394.25,29.862779106712,12851,388.5,400.0
406.25,29.864512691911,12852,399.5,413.0
419.25,29.86637062432,12853,412.5,426.0
433.75,29.869555141544,12854,425.5,442.0
450.75,29.871237375355,12855,441.5,460.0
471.75,29.872919489956,12856,459.5,484.0
496.25,29.874601958211,12857,483.5,509.0
523.25,29.876517643547,12858,508.5,538.0
554.75,29.878375993188,12859,537.5,572.0
590.75,29.880908642228,12860,571.5,610.0
632.75,29.882595723883,12861,609.5,656.0
685.25,29.884453942394,12862,655.5,715.0
750.25,29.886136390781,12863,714.5,786.0
833.0,29.889013475196,12864,785.5,880.5
384.25,29.893518008804,12866,379.5,389.0
394.25,29.895382223543,12867,388.5,400.0
406.25,29.897240541395,12868,399.5,413.0
419.25,29.899151573594,12869,412.5,426.0
433.75,29.902032242235,12870,425.5,442.0
450.75,29.903714392598,12871,441.5,460.0
471.75,29.905396809196,12872,459.5,484.0
496.25,29.907084693527,12873,483.5,509.0
523.25,29.9089430233,12874,508.5,538.0
554.75,29.910853976027,12875,537.5,572.0
590.75,29.91330405674,12876,571.5,610.0
632.75,29.914992143726,12877,609.5,656.0
685.25,29.916850874837,12878,655.5,715.0
750.25,29.918533124542,12879,714.5,786.0
833.0,29.922411793486,12880,785.5,880.5
384.25,29.926967940744,12882,379.5,389.0
394.25,29.928649892426,12883,388.5,400.0
406.25,29.930567159271,12884,399.5,413.0
419.25,29.932425723489,12885,412.5,426.0
433.75,29.935635226981,12886,425.5,442.0
450.75,29.937317659473,12887,441.5,460.0
471.75,29.9390003582,12888,459.5,484.0
496.25,29.940688476976,12889,483.5,509.0
523.25,29.942546826617,12890,508.5,538.0
554.75,29.944456523673,12891,537.5,572.0
590.75,29.946810708459,12892,571.5,610.0
632.75,29.948498640474,12893,609.5,656.0
685.25,29.950361977037,12894,655.5,715.0
750.25,29.952220108128,12895,714.5,786.0
833.0,29.954992642021,12896,785.5,880.5
384.25,29.959698158518,12898,379.5,389.0
394.25,29.961386408424,12899,388.5,400.0
406.25,29.963251008606,12900,399.5,413.0
419.25,29.965017741934,12901,412.5,426.0
433.75,29.968191073354,12902,425.5,442.0
450.75,29.969873307165,12903,441.5,460.0
471.75,29.971555540975,12904,459.5,484.0
496.25,29.973237826443,12905,483.5,509.0
523.25,29.975153992589,12906,508.5,538.0
554.75,29.977011491871,12907,537.5,572.0
590.75,29.979378475761,12908,571.5,610.0
632.75,29.981060224787,12909,609.5,656.0
685.25,29.982747723675,12910,655.5,715.0
750.25,29.984606057421,12911,714.5,786.0
833.0,29.987648206965,12912,785.5,880.5
384.25,29.992484325186,12914,379.5,389.0
394.25,29.994351007557,12915,388.5,400.0
406.25,29.996209377066,12916,399.5,413.0
419.25,29.99812020661,12917,412.5,426.0
433.75,30.001240958786,12918,425.5,442.0
450.75,30.002922723707,12919,441.5,460.0
471.75,30.004605160173,12920,459.5,484.0
496.25,30.006286992645,12921,483.5,509.0
523.25,30.008203059451,12922,508.5,538.0
554.75,30.010061508433,12923,537.5,572.0
590.75,30.012455159442,12924,571.5,610.0
632.75,30.014136892573,12925,609.5,656.0
685.25,30.015825293477,12926,655.5,715.0
750.25,30.01768434248,12927,714.5,786.0
833.0,30.021557643032,12928,785.5,880.5
384.25,30.027813893572,12930,379.5,389.0
394.25,30.029678509649,12931,388.5,400.0
406.25,30.031542625046,12932,399.5,413.0
419.25,30.033400843557,12933,412.5,426.0
433.75,30.035949808375,12934,425.5,442.0
450.75,30.037631724294,12935,441.5,460.0
471.75,30.039314407126,12936,459.5,484.0
496.25,30.04100232722,12937,483.5,509.0
523.25,30.042866641299,12938,508.5,538.0
554.75,30.044724406815,12939,537.5,572.0
590.75,30.047133157667,12940,571.5,610.0
632.75,30.048815590159,12941,609.5,656.0
685.25,30.050497843838,12942,655.5,715.0
750.25,30.052408176676,12943,714.5,786.0
833.0,30.055260624504,12944,785.5,880.5
384.25,30.060030176258,12946,379.5,389.0
394.25,30.061894239998,12947,388.5,400.0
406.25,30.063752490298,12948,399.5,413.0
419.25,30.065662342326,12949,412.5,426.0
433.75,30.068376992162,12950,425.5,442.0
450.75,30.070058840529,12951,441.5,460.0
471.75,30.071740974998,12952,459.5,484.0
496.25,30.073423292255,12953,483.5,509.0
523.25,30.075111426926,12954,508.5,538.0
554.75,30.076969259993,12955,537.5,572.0
590.75,30.079382159328,12956,571.5,610.0
632.75,30.081069757557,12957,609.5,656.0
685.25,30.082933741824,12958,655.5,715.0
750.25,30.084791976229,12959,714.5,786.0
833.0,30.088593675709,12960,785.5,880.5
384.25,30.095245343463,12962,379.5,389.0
394.25,30.097103558,12963,388.5,400.0
406.25,30.099021210289,12964,399.5,413.0
419.25,30.100879524167,12965,412.5,426.0
433.75,30.103613207754,12966,425.5,442.0
450.75,30.105295143541,12967,441.5,460.0
471.75,30.106978108501,12968,459.5,484.0
496.25,30.108665591494,12969,483.5,509.0
523.25,30.110530040677,12970,508.5,538.0
554.75,30.112387826061,12971,537.5,572.0
590.75,30.114851409213,12972,571.5,610.0
632.75,30.116539440568,12973,609.5,656.0
685.25,30.118403508282,12974,655.5,715.0
750.25,30.120261826134,12975,714.5,786.0
833.0,30.12315647405,12976,785.5,880.5
384.25,30.128165624555,12978,379.5,389.0
394.25,30.130023942407,12979,388.5,400.0
406.25,30.131941074149,12980,399.5,413.0
419.25,30.13379942379,12981,412.5,426.0
433.75,30.136635257816,12982,425.5,442.0
450.75,30.138317575073,12983,441.5,460.0
471.75,30.139999526755,12984,459.5,484.0
496.25,30.141682924843,12985,483.5,509.0
523.25,30.143607773399,12986,508.5,538.0
554.75,30.145471876876,12987,537.5,572.0
590.75,30.147909357166,12988,571.5,610.0
632.75,30.149596923606,12989,609.5,656.0
685.25,30.151460923767,12990,655.5,715.0
750.25,30.153319690641,12991,714.5,786.0
833.0,30.155745357291,12992,785.5,880.5
384.25,30.160521374162,12994,379.5,389.0
394.25,30.162379509226,12995,388.5,400.0
406.25,30.164294793224,12996,399.5,413.0
419.25,30.166153575993,12997,412.5,426.0
433.75,30.168864073372,12998,425.5,442.0
450.75,30.170546056843,12999,441.5,460.0
471.75,30.172228509204,13000,459.5,484.0
496.25,30.173916190879,13001,483.5,509.0
523.25,30.175774476941,13002,508.5,538.0
554.75,30.177684710439,13003,537.5,572.0
590.75,30.18021650912,13004,571.5,610.0
632.75,30.181904008007,13005,609.5,656.0
685.25,30.183768091615,13006,655.5,715.0
750.25,30.18562610747,13007,714.5,786.0
833.0,30.188407192643,13008,785.5,880.5
384.25,30.194891510423,13010,379.5,389.0
394.25,30.196755590057,13011,388.5,400.0
406.25,30.198619192855,13012,399.5,413.0
419.25,30.200477423286,13013,412.5,426.0
433.75,30.203419790681,13014,425.5,442.0
450.75,30.205101925151,13015,441.5,460.0
471.75,30.206784373538,13016,459.5,484.0
496.25,30.208466523902,13017,483.5,509.0
523.25,30.210149043814,13018,508.5,538.0
554.75,30.21205994091,13019,537.5,572.0
590.75,30.21459570926,13020,571.5,610.0
632.75,30.216278125858,13021,609.5,656.0
685.25,30.217960657692,13022,655.5,715.0
750.25,30.219870374616,13023,714.5,786.0
833.0,30.223145792898,13024,785.5,880.5
384.25,30.227608575439,13026,379.5,389.0
394.25,30.229466543611,13027,388.5,400.0
406.25,30.231394157823,13028,399.5,413.0
419.25,30.233251943207,13029,412.5,426.0
433.75,30.237137840207,13030,425.5,442.0
450.75,30.238996257401,13031,441.5,460.0
471.75,30.240678507106,13032,459.5,484.0
496.25,30.242360756811,13033,483.5,509.0
523.25,30.24404336017,13034,508.5,538.0
554.75,30.245726043002,13035,537.5,572.0
590.75,30.248447809633,13036,571.5,610.0
632.75,30.250135376072,13037,609.5,656.0
685.25,30.251999857044,13038,655.5,715.0
750.25,30.253857892768,13039,714.5,786.0
833.0,30.256464459515,13040,785.5,880.5
384.25,30.260962742583,13042,379.5,389.0
394.25,30.262821890926,13043,388.5,400.0
406.25,30.264503759162,13044,399.5,413.0
419.25,30.266185758527,13045,412.5,426.0
433.75,30.269629043357,13046,425.5,442.0
450.75,30.271371891117,13047,441.5,460.0
471.75,30.2730536918,13048,459.5,484.0
496.25,30.274736573315,13049,483.5,509.0
523.25,30.276647824065,13050,508.5,538.0
554.75,30.278329410172,13051,537.5,572.0
590.75,30.280998657163,13052,571.5,610.0
632.75,30.28268567524,13053,609.5,656.0
685.25,30.284544108327,13054,655.5,715.0
750.25,30.286455692863,13055,714.5,786.0
833.0,30.289061174806,13056,785.5,880.5
384.25,30.29353955787,13058,379.5,389.0
394.25,30.295404042816,13059,388.5,400.0
406.25,30.297262309011,13060,399.5,413.0
419.25,30.299173992888,13061,412.5,426.0
433.75,30.301986859258,13062,425.5,442.0
450.75,30.303669156647,13063,441.5,460.0
471.75,30.305351076539,13064,459.5,484.0
496.25,30.30703331035,13065,483.5,509.0
523.25,30.308720709896,13066,508.5,538.0
554.75,30.310579142984,13067,537.5,572.0
590.75,30.313203157997,13068,571.5,610.0
632.75,30.314891026433,13069,609.5,656.0
685.25,30.316602359231,13070,655.5,715.0
750.25,30.318513307985,13071,714.5,786.0
833.0,30.321257327016,13072,785.5,880.5
384.25,30.325808308538,13074,379.5,389.0
394.25,30.327666225052,13075,388.5,400.0
406.25,30.329582776642,13076,399.5,413.0
419.25,30.331385459518,13077,412.5,426.0
433.75,30.33434789381,13078,425.5,442.0
450.75,30.336030226962,13079,441.5,460.0
471.75,30.337712059434,13080,459.5,484.0
496.25,30.33939478995,13081,483.5,509.0
523.25,30.341076642291,13082,508.5,538.0
554.75,30.342759392675,13083,537.5,572.0
590.75,30.345311858273,13084,571.5,610.0
632.75,30.346999440606,13085,609.5,656.0
685.25,30.348863575872,13086,655.5,715.0
750.25,30.350722275194,13087,714.5,786.0
833.0,30.354007790502,13088,785.5,880.5
384.25,30.360282892005,13090,379.5,389.0
394.25,30.362147893524,13091,388.5,400.0
406.25,30.364006143824,13092,399.5,413.0
419.25,30.365917025026,13093,412.5,426.0
433.75,30.368971910095,13094,425.5,442.0
450.75,30.370654040591,13095,441.5,460.0
471.75,30.372336477057,13096,459.5,484.0
496.25,30.374018623447,13097,483.5,509.0
523.25,30.375934690253,13098,508.5,538.0
554.75,30.377793123341,13099,537.5,572.0
590.75,30.380408606942,13100,571.5,610.0
632.75,30.382091043409,13101,609.5,656.0
685.25,30.383778725084,13102,655.5,715.0
750.25,30.38563684028,13103,714.5,786.0
833.0,30.388344023641,13104,785.5,880.5
384.25,30.393017023818,13106,379.5,389.0
394.25,30.394875393327,13107,388.5,400.0
406.25,30.3967910429,13108,399.5,413.0
419.25,30.398649460093,13109,412.5,426.0
433.75,30.401466125266,13110,425.5,442.0
450.75,30.40314780674,13111,441.5,460.0
471.75,30.404830123997,13112,459.5,484.0
496.25,30.406512059784,13113,483.5,509.0
523.25,30.408273992952,13114,508.5,538.0
554.75,30.41013230683,13115,537.5,572.0
590.75,30.412612976646,13116,571.5,610.0
632.75,30.414295309798,13117,609.5,656.0
685.25,30.415983706729,13118,655.5,715.0
750.25,30.417841559664,13119,714.5,786.0
833.0,30.420733926709,13120,785.5,880.5
384.25,30.42704899114,13122,379.5,389.0
394.25,30.428906542079,13123,388.5,400.0
406.25,30.430836508687,13124,399.5,413.0
419.25,30.432694842434,13125,412.5,426.0
433.75,30.435443125184,13126,425.5,442.0
450.75,30.437125275548,13127,441.5,460.0
471.75,30.438807708041,13128,459.5,484.0
496.25,30.440489957746,13129,483.5,509.0
523.25,30.442172290897,13130,508.5,538.0
554.75,30.443854159133,13131,537.5,572.0
590.75,30.446452373282,13132,571.5,610.0
632.75,30.44813995959,13133,609.5,656.0
685.25,30.450003776964,13134,655.5,715.0
750.25,30.451862508074,13135,714.5,786.0
833.0,30.455096226947,13136,785.5,880.5
384.25,30.459774392859,13138,379.5,389.0
394.25,30.461633290863,13139,388.5,400.0
406.25,30.46354847552,13140,399.5,413.0
419.25,30.465406658268,13141,412.5,426.0
433.75,30.468242758528,13142,425.5,442.0
450.75,30.469924892998,13143,441.5,460.0
471.75,30.471606840706,13144,459.5,484.0
496.25,30.473295225716,13145,483.5,509.0
523.25,30.474977074083,13146,508.5,538.0
554.75,30.476659407234,13147,537.5,572.0
590.75,30.478928190486,13148,571.5,610.0
632.75,30.480615673478,13149,609.5,656.0
685.25,30.482479641851,13150,655.5,715.0
750.25,30.484338575617,13151,714.5,786.0
833.0,30.488221424834,13152,785.5,880.5
384.25,30.492878641701,13154,379.5,389.0
394.25,30.494736892001,13155,388.5,400.0
406.25,30.496653157488,13156,399.5,413.0
419.25,30.498510724322,13157,412.5,426.0
433.75,30.501431506888,13158,425.5,442.0
450.75,30.503113557911,13159,441.5,460.0
471.75,30.50479582351,13160,459.5,484.0
496.25,30.506477659957,13161,483.5,509.0
523.25,30.508165142949,13162,508.5,538.0
554.75,30.509953560448,13163,537.5,572.0
590.75,30.512452493127,13164,571.5,610.0
632.75,30.514140158908,13165,609.5,656.0
685.25,30.516005243874,13166,655.5,715.0
750.25,30.517862826602,13167,714.5,786.0
833.0,30.520599907653,13168,785.5,880.5
384.25,30.525435441748,13170,379.5,389.0
394.25,30.527294156965,13171,388.5,400.0
406.25,30.529225573953,13172,399.5,413.0
419.25,30.531083824253,13173,412.5,426.0
433.75,30.534012907759,13174,425.5,442.0
450.75,30.535695240911,13175,441.5,460.0
471.75,30.537377109146,13176,459.5,484.0
496.25,30.539059442298,13177,483.5,509.0
523.25,30.540747743861,13178,508.5,538.0
554.75,30.542605660375,13179,537.5,572.0
590.75,30.545296142515,13180,571.5,610.0
632.75,30.546984340763,13181,609.5,656.0
685.25,30.548842157936,13182,655.5,715.0
750.25,30.550752407328,13183,714.5,786.0
833.0,30.553810725625,13184,785.5,880.5
384.25,30.558462025738,13186,379.5,389.0
394.25,30.560325425879,13187,388.5,400.0
406.25,30.562189890957,13188,399.5,413.0
419.25,30.564048741277,13189,412.5,426.0
433.75,30.56705944341,13190,425.5,442.0
450.75,30.568741077201,13191,441.5,460.0
471.75,30.570423223591,13192,459.5,484.0
496.25,30.572105675952,13193,483.5,509.0
523.25,30.573793373521,13194,508.5,538.0
554.75,30.575652108606,13195,537.5,572.0
590.75,30.578306275622,13196,571.5,610.0
632.75,30.579993706957,13197,609.5,656.0
685.25,30.581858374691,13198,655.5,715.0
750.25,30.583716275311,13199,714.5,786.0
833.0,30.587601107375,13200,785.5,880.5
384.25,30.593769592063,13202,379.5,389.0
394.25,30.595451575534,13203,388.5,400.0
406.25,30.597139058526,13204,399.5,413.0
419.25,30.599003193792,13205,412.5,426.0
433.75,30.601933842913,13206,425.5,442.0
450.75,30.603615774727,13207,441.5,460.0
471.75,30.60529795688,13208,459.5,484.0
496.25,30.606980274137,13209,483.5,509.0
523.25,30.608661923822,13210,508.5,538.0
554.75,30.610344058291,13211,537.5,572.0
590.75,30.613155676937,13212,571.5,610.0
632.75,30.61484294138,13213,609.5,656.0
685.25,30.616701124128,13214,655.5,715.0
750.25,30.618611023839,13215,714.5,786.0
833.0,30.621531623618,13216,785.5,880.5
384.25,30.626234557247,13218,379.5,389.0
394.25,30.628092791653,13219,388.5,400.0
406.25,30.629780675983,13220,399.5,413.0
419.25,30.631638993835,13221,412.5,426.0
433.75,30.634941158708,13222,425.5,442.0
450.75,30.63662324152,13223,441.5,460.0
471.75,30.638305292543,13224,459.5,484.0
496.25,30.639987542248,13225,483.5,509.0
523.25,30.641920926189,13226,508.5,538.0
554.75,30.643778659916,13227,537.5,572.0
590.75,30.646360109266,13228,571.5,610.0
632.75,30.648047341919,13229,609.5,656.0
685.25,30.649912025547,13230,655.5,715.0
750.25,30.65177044274,13231,714.5,786.0
833.0,30.654246693865,13232,785.5,880.5
384.25,30.658956676737,13234,379.5,389.0
394.25,30.66081487538,13235,388.5,400.0
406.25,30.662508942699,13236,399.5,413.0
419.25,30.664191156642,13237,412.5,426.0
433.75,30.666639159139,13238,425.5,442.0
450.75,30.668321158504,13239,441.5,460.0
471.75,30.670003110186,13240,459.5,484.0
496.25,30.671685459232,13241,483.5,509.0
523.25,30.673601239936,13242,508.5,538.0
554.75,30.675459943231,13243,537.5,572.0
590.75,30.677988475577,13244,571.5,610.0
632.75,30.679675624784,13245,609.5,656.0
685.25,30.681539207713,13246,655.5,715.0
750.25,30.683401225026,13247,714.5,786.0
833.0,30.687279993312,13248,785.5,880.5
384.25,30.693854226685,13250,379.5,389.0
394.25,30.695717841403,13251,388.5,400.0
406.25,30.697581658777,13252,399.5,413.0
419.25,30.699440024312,13253,412.5,426.0
433.75,30.702014607207,13254,425.5,442.0
450.75,30.703695791976,13255,441.5,460.0
471.75,30.705378224468,13256,459.5,484.0
496.25,30.707066192245,13257,483.5,509.0
523.25,30.708925042566,13258,508.5,538.0
554.75,30.710835375404,13259,537.5,572.0
590.75,30.713481209691,13260,571.5,610.0
632.75,30.715168792025,13261,609.5,656.0
685.25,30.717032974974,13262,655.5,715.0
750.25,30.718891110039,13263,714.5,786.0
833.0,30.722742309189,13264,785.5,880.5
384.25,30.728095390415,13266,379.5,389.0
394.25,30.729953509585,13267,388.5,400.0
406.25,30.731870792325,13268,399.5,413.0
419.25,30.733728692945,13269,412.5,426.0
433.75,30.736628808594,13270,425.5,442.0
450.75,30.738310760276,13271,441.5,460.0
471.75,30.739993192768,13272,459.5,484.0
496.25,30.741675641155,13273,483.5,509.0
523.25,30.743363140043,13274,508.5,538.0
554.75,30.745221426105,13275,537.5,572.0
590.75,30.747946991539,13276,571.5,610.0
632.75,30.749634474532,13277,609.5,656.0
685.25,30.75149227581,13278,655.5,715.0
750.25,30.753403240458,13279,714.5,786.0
833.0,30.757094107087,13280,785.5,880.5
384.25,30.761920609093,13282,379.5,389.0
394.25,30.763778624948,13283,388.5,400.0
406.25,30.765694107628,13284,399.5,413.0
419.25,30.767552075799,13285,412.5,426.0
433.75,30.770562940852,13286,425.5,442.0
450.75,30.772245174662,13287,441.5,460.0
471.75,30.773927440262,13288,459.5,484.0
496.25,30.775609491285,13289,483.5,509.0
523.25,30.777296990172,13290,508.5,538.0
554.75,30.779155323919,13291,537.5,572.0
590.75,30.781771991666,13292,571.5,610.0
632.75,30.783459860102,13293,609.5,656.0
685.25,30.785324074841,13294,655.5,715.0
750.25,30.787182873503,13295,714.5,786.0
833.0,30.789612891293,13296,785.5,880.5
384.25,30.79439164203,13298,379.5,389.0
394.25,30.796255709744,13299,388.5,400.0
406.25,30.798119658248,13300,399.5,413.0
419.25,30.79998157622,13301,412.5,426.0
433.75,30.803043208536,13302,425.5,442.0
450.75,30.804725343005,13303,441.5,460.0
471.75,30.806407843049,13304,459.5,484.0
496.25,30.808095310148,13305,483.5,509.0
523.25,30.809953624026,13306,508.5,538.0
554.75,30.811635873731,13307,537.5,572.0
590.75,30.814129223442,13308,571.5,610.0
632.75,30.815816642857,13309,609.5,656.0
685.25,30.817680825806,13310,655.5,715.0
750.25,30.819539207236,13311,714.5,786.0
833.0,30.822202577209,13312,785.5,880.5
384.25,30.826890740808,13314,379.5,389.0
394.25,30.828754526393,13315,388.5,400.0
406.25,30.830618757025,13316,399.5,413.0
419.25,30.832476741091,13317,412.5,426.0
433.75,30.835358693218,13318,425.5,442.0
450.75,30.837040740267,13319,441.5,460.0
471.75,30.838723276075,13320,459.5,484.0
496.25,30.840411573664,13321,483.5,509.0
523.25,30.842269907411,13322,508.5,538.0
554.75,30.84417964023,13323,537.5,572.0
590.75,30.846548356628,13324,571.5,610.0
632.75,30.848235776043,13325,609.5,656.0
685.25,30.850094924386,13326,655.5,715.0
750.25,30.852005726115,13327,714.5,786.0
833.0,30.85588967603,13328,785.5,880.5
384.25,30.862695926444,13330,379.5,389.0
394.25,30.864565759913,13331,388.5,400.0
406.25,30.866424073791,13332,399.5,413.0
419.25,30.868355343755,13333,412.5,426.0
433.75,30.871328224754,13334,425.5,442.0
450.75,30.87300997378,13335,441.5,460.0
471.75,30.874692040698,13336,459.5,484.0
496.25,30.876380342261,13337,483.5,509.0
523.25,30.878238676008,13338,508.5,538.0
554.75,30.879920409139,13339,537.5,572.0
590.75,30.882560807482,13340,571.5,610.0
632.75,30.884248258686,13341,609.5,656.0
685.25,30.886107426898,13342,655.5,715.0
750.25,30.888018359756,13343,714.5,786.0
833.0,30.891904840883,13344,785.5,880.5
384.25,30.898002558962,13346,379.5,389.0
394.25,30.899861091391,13347,388.5,400.0
406.25,30.901777090645,13348,399.5,413.0
419.25,30.903635408497,13349,412.5,426.0
433.75,30.906744927184,13350,425.5,442.0
450.75,30.908427073574,13351,441.5,460.0
471.75,30.91010951004,13352,459.5,484.0
496.25,30.911797926839,13353,483.5,509.0
523.25,30.913661625004,13354,508.5,538.0
554.75,30.915519942856,13355,537.5,572.0
590.75,30.91828332545,13356,571.5,610.0
632.75,30.919970824337,13357,609.5,656.0
685.25,30.921835090733,13358,655.5,715.0
750.25,30.923693706608,13359,714.5,786.0
833.0,30.926688176409,13360,785.5,880.5
384.25,30.933292760468,13362,379.5,389.0
394.25,30.935156875865,13363,388.5,400.0
406.25,30.937021543598,13364,399.5,413.0
419.25,30.938880358156,13365,412.5,426.0
433.75,30.941961608346,13366,425.5,442.0
450.75,30.943643742816,13367,441.5,460.0
471.75,30.945326191203,13368,459.5,484.0
496.25,30.94701369009,13369,483.5,509.0
523.25,30.94887240928,13370,508.5,538.0
554.75,30.950782440122,13371,537.5,572.0
590.75,30.953359526412,13372,571.5,610.0
632.75,30.955047406769,13373,609.5,656.0
685.25,30.956912110265,13374,655.5,715.0
750.25,30.958769943333,13375,714.5,786.0
833.0,30.961377090232,13376,785.5,880.5
384.25,30.966276190694,13378,379.5,389.0
394.25,30.968144140657,13379,388.5,400.0
406.25,30.970002092934,13380,399.5,413.0
419.25,30.971684525426,13381,412.5,426.0
433.75,30.974594225502,13382,425.5,442.0
450.75,30.976276574548,13383,441.5,460.0
471.75,30.977959007041,13384,459.5,484.0
496.25,30.979646776136,13385,483.5,509.0
523.25,30.981504740334,13386,508.5,538.0
554.75,30.983414942042,13387,537.5,572.0
590.75,30.985986508942,13388,571.5,610.0
632.75,30.98767410717,13389,609.5,656.0
685.25,30.989538707352,13390,655.5,715.0
750.25,30.991397041098,13391,714.5,786.0
833.0,30.994152090963,13392,785.5,880.5
384.25,30.999840110556,13394,379.5,389.0
394.25,31.00169802707,13395,388.5,400.0
406.25,31.003615023708,13396,399.5,413.0
419.25,31.005473409112,13397,412.5,426.0
433.75,31.008380740897,13398,425.5,442.0
450.75,31.010062525686,13399,441.5,460.0
471.75,31.011744958178,13400,459.5,484.0
496.25,31.013433025297,13401,483.5,509.0
523.25,31.015291343149,13402,508.5,538.0
554.75,31.01720329326,13403,537.5,572.0
590.75,31.019925107574,13404,571.5,610.0
632.75,31.02161262633,13405,609.5,656.0
685.25,31.023470924314,13406,655.5,715.0
750.25,31.025380760447,13407,714.5,786.0
833.0,31.029265791194,13408,785.5,880.5
384.25,31.035989075915,13410,379.5,389.0
394.25,31.037853310521,13411,388.5,400.0
406.25,31.03971787494,13412,399.5,413.0
419.25,31.041575723902,13413,412.5,426.0
433.75,31.044574123637,13414,425.5,442.0
450.75,31.046255757427,13415,441.5,460.0
471.75,31.047938007132,13416,459.5,484.0
496.25,31.049620340284,13417,483.5,509.0
523.25,31.051547942575,13418,508.5,538.0
554.75,31.053230375067,13419,537.5,572.0
590.75,31.056022042052,13420,571.5,610.0
632.75,31.057709592597,13421,609.5,656.0
685.25,31.059573541101,13422,655.5,715.0
750.25,31.061431640402,13423,714.5,786.0
833.0,31.065314092255,13424,785.5,880.5
384.25,31.070210542297,13426,379.5,389.0
394.25,31.072074490801,13427,388.5,400.0
406.25,31.073932923889,13428,399.5,413.0
419.25,31.075842791812,13429,412.5,426.0
433.75,31.079092075443,13430,425.5,442.0
450.75,31.080774126466,13431,441.5,460.0
471.75,31.082456292725,13432,459.5,484.0
496.25,31.084138192749,13433,483.5,509.0
523.25,31.085820343113,13434,508.5,538.0
554.75,31.087731641547,13435,537.5,572.0
590.75,31.090429776923,13436,571.5,610.0
632.75,31.092117307599,13437,609.5,656.0
685.25,31.093805390612,13438,655.5,715.0
750.25,31.095664590613,13439,714.5,786.0
833.0,31.099123440202,13440,785.5,880.5
384.25,31.105503306802,13442,379.5,389.0
394.25,31.107362010097,13443,388.5,400.0
406.25,31.109043775018,13444,399.5,413.0
419.25,31.110956257598,13445,412.5,426.0
433.75,31.11453137598,13446,425.5,442.0
450.75,31.116213725026,13447,441.5,460.0
471.75,31.11789587539,13448,459.5,484.0
496.25,31.119578307883,13449,483.5,509.0
523.25,31.12126084369,13450,508.5,538.0
554.75,31.123172058678,13451,537.5,572.0
590.75,31.125782940801,13452,571.5,610.0
632.75,31.12747037611,13453,609.5,656.0
685.25,31.129303675906,13454,655.5,715.0
750.25,31.131214108086,13455,714.5,786.0
833.0,31.134997441387,13456,785.5,880.5
384.25,31.13963560861,13458,379.5,389.0
394.25,31.141493457572,13459,388.5,400.0
406.25,31.143175707277,13460,399.5,413.0
419.25,31.144857841746,13461,412.5,426.0
433.75,31.148499125258,13462,425.5,442.0
450.75,31.150362660503,13463,441.5,460.0
471.75,31.152051140881,13464,459.5,484.0
496.25,31.15391507349,13465,483.5,509.0
523.25,31.155617274857,13466,508.5,538.0
554.75,31.15752822361,13467,537.5,572.0
590.75,31.159974060472,13468,571.5,610.0
632.75,31.161656290309,13469,609.5,656.0
685.25,31.163344456768,13470,655.5,715.0
750.25,31.165202607727,13471,714.5,786.0
833.0,31.168444293753,13472,785.5,880.5
384.25,31.17307922643,13474,379.5,389.0
394.25,31.174937591966,13475,388.5,400.0
406.25,31.176619976775,13476,399.5,413.0
419.25,31.178302492714,13477,412.5,426.0
433.75,31.181747057056,13478,425.5,442.0
450.75,31.183434456603,13479,441.5,460.0
471.75,31.18511639239,13480,459.5,484.0
496.25,31.186982959525,13481,483.5,509.0
523.25,31.188737541453,13482,508.5,538.0
554.75,31.190648057079,13483,537.5,572.0
590.75,31.19328585666,13484,571.5,610.0
632.75,31.194968273258,13485,609.5,656.0
685.25,31.196656324482,13486,655.5,715.0
750.25,31.19851412576,13487,714.5,786.0
833.0,31.202392592049,13488,785.5,880.5
384.25,31.20722245973,13490,379.5,389.0
394.25,31.209081409391,13491,388.5,400.0
406.25,31.21076995732,13492,399.5,413.0
419.25,31.212628326829,13493,412.5,426.0
433.75,31.216514609273,13494,425.5,442.0
450.75,31.218196358299,13495,441.5,460.0
471.75,31.219879223919,13496,459.5,484.0
496.25,31.221795374171,13497,483.5,509.0
523.25,31.223659576988,13498,508.5,538.0
554.75,31.225517906761,13499,537.5,572.0
590.75,31.228298423704,13500,571.5,610.0
632.75,31.229986657715,13501,609.5,656.0
685.25,31.231850626087,13502,655.5,715.0
750.25,31.233709591643,13503,714.5,786.0
833.0,31.237590307013,13504,785.5,880.5
384.25,31.242533423519,13506,379.5,389.0
394.25,31.244391725477,13507,388.5,400.0
406.25,31.24607930781,13508,399.5,413.0
419.25,31.247937641557,13509,412.5,426.0
433.75,31.251589125411,13510,425.5,442.0
450.75,31.253271375116,13511,441.5,460.0
471.75,31.254958774662,13512,459.5,484.0
496.25,31.256640710449,13513,483.5,509.0
523.25,31.258558076636,13514,508.5,538.0
554.75,31.260416307068,13515,537.5,572.0
590.75,31.263303341484,13516,571.5,610.0
632.75,31.26499026022,13517,609.5,656.0
685.25,31.266849074777,13518,655.5,715.0
750.25,31.26875907383,13519,714.5,786.0
833.0,31.272639141496,13520,785.5,880.5
384.25,31.279445507145,13522,379.5,389.0
394.25,31.281304242229,13523,388.5,400.0
406.25,31.282992424583,13524,399.5,413.0
419.25,31.284850543753,13525,412.5,426.0
433.75,31.288334975656,13526,425.5,442.0
450.75,31.290017292913,13527,441.5,460.0
471.75,31.291699177043,13528,459.5,484.0
496.25,31.293387260056,13529,483.5,509.0
523.25,31.295251276112,13530,508.5,538.0
554.75,31.297109609858,13531,537.5,572.0
590.75,31.299989142036,13532,571.5,610.0
632.75,31.301676640924,13533,609.5,656.0
685.25,31.30353497467,13534,655.5,715.0
750.25,31.305447107569,13535,714.5,786.0
833.0,31.308105808512,13536,785.5,880.5
384.25,31.313032875474,13538,379.5,389.0
394.25,31.314891225115,13539,388.5,400.0
406.25,31.316578926659,13540,399.5,413.0
419.25,31.318437260405,13541,412.5,426.0
433.75,31.321526223437,13542,425.5,442.0
450.75,31.32320789299,13543,441.5,460.0
471.75,31.324896508471,13544,459.5,484.0
496.25,31.326760607974,13545,483.5,509.0
523.25,31.328618890063,13546,508.5,538.0
554.75,31.330301258977,13547,537.5,572.0
590.75,31.333255523459,13548,571.5,610.0
632.75,31.334942926979,13549,609.5,656.0
685.25,31.33680127662,13550,655.5,715.0
750.25,31.338711760457,13551,714.5,786.0
833.0,31.341751724497,13552,785.5,880.5
384.25,31.347992442067,13554,379.5,389.0
394.25,31.34985064071,13555,388.5,400.0
406.25,31.35153877538,13556,399.5,413.0
419.25,31.353397093232,13557,412.5,426.0
433.75,31.35657000742,13558,425.5,442.0
450.75,31.358252443886,13559,441.5,460.0
471.75,31.359940141455,13560,459.5,484.0
496.25,31.361804360167,13561,483.5,509.0
523.25,31.363662256813,13562,508.5,538.0
554.75,31.365344407177,13563,537.5,572.0
590.75,31.36899964215,13564,571.5,610.0
632.75,31.370687073485,13565,609.5,656.0
685.25,31.372545307891,13566,655.5,715.0
750.25,31.374454957263,13567,714.5,786.0
833.0,31.378334607697,13568,785.5,880.5
384.25,31.384075476742,13570,379.5,389.0
394.25,31.385933925724,13571,388.5,400.0
406.25,31.387849658744,13572,399.5,413.0
419.25,31.389707909044,13573,412.5,426.0
433.75,31.393032524999,13574,425.5,442.0
450.75,31.394714226341,13575,441.5,460.0
471.75,31.396402190145,13576,459.5,484.0
496.25,31.398266460514,13577,483.5,509.0
523.25,31.400124607499,13578,508.5,538.0
554.75,31.402034610526,13579,537.5,572.0
590.75,31.405493940926,13580,571.5,610.0
632.75,31.407181443787,13581,609.5,656.0
685.25,31.409045439974,13582,655.5,715.0
750.25,31.410903376357,13583,714.5,786.0
833.0,31.414783956623,13584,785.5,880.5
384.25,31.420682523664,13586,379.5,389.0
394.25,31.422545923805,13587,388.5,400.0
406.25,31.424404174105,13588,399.5,413.0
419.25,31.426315126832,13589,412.5,426.0
433.75,31.429612976329,13590,425.5,442.0
450.75,31.431385892646,13591,441.5,460.0
471.75,31.433074210103,13592,459.5,484.0
496.25,31.434938790417,13593,483.5,509.0
523.25,31.436796424802,13594,508.5,538.0
554.75,31.438720109081,13595,537.5,572.0
590.75,31.442067223803,13596,571.5,610.0
632.75,31.443754941241,13597,609.5,656.0
685.25,31.445623709774,13598,655.5,715.0
750.25,31.447481809076,13599,714.5,786.0
833.0,31.451365874227,13600,785.5,880.5
384.25,31.456871424135,13602,379.5,389.0
394.25,31.458729773776,13603,388.5,400.0
406.25,31.460660527166,13604,399.5,413.0
419.25,31.462518856939,13605,412.5,426.0
433.75,31.466190658029,13606,425.5,442.0
450.75,31.468048542754,13607,441.5,460.0
471.75,31.469736709213,13608,459.5,484.0
496.25,31.471594510492,13609,483.5,509.0
523.25,31.473524791018,13610,508.5,538.0
554.75,31.475383541997,13611,537.5,572.0
590.75,31.478935509936,13612,571.5,610.0
632.75,31.480799843884,13613,609.5,656.0
685.25,31.482664193726,13614,655.5,715.0
750.25,31.484522507604,13615,714.5,786.0
833.0,31.488396976407,13616,785.5,880.5
384.25,31.494273608939,13618,379.5,389.0
394.25,31.49613725942,13619,388.5,400.0
406.25,31.497996026293,13620,399.5,413.0
419.25,31.499906108793,13621,412.5,426.0
433.75,31.503596510506,13622,425.5,442.0
450.75,31.505445041275,13623,441.5,460.0
471.75,31.507133124288,13624,459.5,484.0
496.25,31.508991525586,13625,483.5,509.0
523.25,31.510674208419,13626,508.5,538.0
554.75,31.512584624704,13627,537.5,572.0
590.75,31.516202276961,13628,571.5,610.0
632.75,31.518065907574,13629,609.5,656.0
685.25,31.519923907534,13630,655.5,715.0
750.25,31.521835106627,13631,714.5,786.0
833.0,31.525711792723,13632,785.5,880.5
384.25,31.532800207551,13634,379.5,389.0
394.25,31.534658926741,13635,388.5,400.0
406.25,31.536575593567,13636,399.5,413.0
419.25,31.538433510081,13637,412.5,426.0
433.75,31.542197209613,13638,425.5,442.0
450.75,31.544055459913,13639,441.5,460.0
471.75,31.54574380916,13640,459.5,484.0
496.25,31.547602289931,13641,483.5,509.0
523.25,31.549518090502,13642,508.5,538.0
554.75,31.551376309013,13643,537.5,572.0
590.75,31.554869041856,13644,571.5,610.0
632.75,31.556732592996,13645,609.5,656.0
685.25,31.558597157415,13646,655.5,715.0
750.25,31.560455491161,13647,714.5,786.0
833.0,31.563788141823,13648,785.5,880.5
384.25,31.568987625853,13650,379.5,389.0
394.25,31.570845657603,13651,388.5,400.0
406.25,31.572764207935,13652,399.5,413.0
419.25,31.574622525787,13653,412.5,426.0
433.75,31.577893890953,13654,425.5,442.0
450.75,31.579577209568,13655,441.5,460.0
471.75,31.581265590604,13656,459.5,484.0
496.25,31.583129626528,13657,483.5,509.0
523.25,31.584988806661,13658,508.5,538.0
554.75,31.586899123605,13659,537.5,572.0
590.75,31.589877591546,13660,571.5,610.0
632.75,31.591741293685,13661,609.5,656.0
685.25,31.593605492528,13662,655.5,715.0
750.25,31.59546419185,13663,714.5,786.0
833.0,31.59821379385,13664,785.5,880.5
384.25,31.604999142901,13666,379.5,389.0
394.25,31.606863143063,13667,388.5,400.0
406.25,31.608727357801,13668,399.5,413.0
419.25,31.610585242526,13669,412.5,426.0
433.75,31.614143373585,13670,425.5,442.0
450.75,31.615977225717,13671,441.5,460.0
471.75,31.617665074285,13672,459.5,484.0
496.25,31.619523443794,13673,483.5,509.0
523.25,31.621439208603,13674,508.5,538.0
554.75,31.62329754235,13675,537.5,572.0
590.75,31.626848143355,13676,571.5,610.0
632.75,31.628711758073,13677,609.5,656.0
685.25,31.63057634236,13678,655.5,715.0
750.25,31.632434676107,13679,714.5,786.0
833.0,31.636032476044,13680,785.5,880.5
384.25,31.641682308928,13682,379.5,389.0
394.25,31.643540110207,13683,388.5,400.0
406.25,31.645455990251,13684,399.5,413.0
419.25,31.647314208762,13685,412.5,426.0
433.75,31.651181091881,13686,425.5,442.0
450.75,31.652868992106,13687,441.5,460.0
471.75,31.654557575798,13688,459.5,484.0
496.25,31.656415357208,13689,483.5,509.0
523.25,31.6583317578,13690,508.5,538.0
554.75,31.660189825312,13691,537.5,572.0
590.75,31.663557575162,13692,571.5,610.0
632.75,31.665420573966,13693,609.5,656.0
685.25,31.667285158253,13694,655.5,715.0
750.25,31.669143893337,13695,714.5,786.0
833.0,31.672348509248,13696,785.5,880.5
384.25,31.677976340071,13698,379.5,389.0
394.25,31.679834657923,13699,388.5,400.0
406.25,31.681751924769,13700,399.5,413.0
419.25,31.683610242621,13701,412.5,426.0
433.75,31.68749509058,13702,425.5,442.0
450.75,31.6893589914,13703,441.5,460.0
471.75,31.691148056602,13704,459.5,484.0
496.25,31.693006775792,13705,483.5,509.0
523.25,31.694923557854,13706,508.5,538.0
554.75,31.696781839943,13707,537.5,572.0
590.75,31.700182590898,13708,571.5,610.0
632.75,31.701918508625,13709,609.5,656.0
685.25,31.703776806609,13710,655.5,715.0
750.25,31.705686757978,13711,714.5,786.0
833.0,31.709570990022,13712,785.5,880.5
384.25,31.715983575598,13714,379.5,389.0
394.25,31.717841841793,13715,388.5,400.0
406.25,31.719758174833,13716,399.5,413.0
419.25,31.721616290029,13717,412.5,426.0
433.75,31.725510058816,13718,425.5,442.0
450.75,31.727373574193,13719,441.5,460.0
471.75,31.729061760521,13720,459.5,484.0
496.25,31.730926356729,13721,483.5,509.0
523.25,31.732784058666,13722,508.5,538.0
554.75,31.734694391505,13723,537.5,572.0
590.75,31.738530506706,13724,571.5,610.0
632.75,31.740394041952,13725,609.5,656.0
685.25,31.742258407688,13726,655.5,715.0
750.25,31.744116391754,13727,714.5,786.0
833.0,31.748003425217,13728,785.5,880.5
384.25,31.754372559007,13730,379.5,389.0
394.25,31.756236741956,13731,388.5,400.0
406.25,31.758095091597,13732,399.5,413.0
419.25,31.760005976772,13733,412.5,426.0
433.75,31.763891826089,13734,425.5,442.0
450.75,31.765573658562,13735,441.5,460.0
471.75,31.767261757469,13736,459.5,484.0
496.25,31.769125892735,13737,483.5,509.0
523.25,31.770984059588,13738,508.5,538.0
554.75,31.772907608763,13739,537.5,572.0
590.75,31.776640258249,13740,571.5,610.0
632.75,31.778504341857,13741,609.5,656.0
685.25,31.780368024127,13742,655.5,715.0
750.25,31.782226393636,13743,714.5,786.0
833.0,31.786101359145,13744,785.5,880.5
384.25,31.793674657758,13746,379.5,389.0
394.25,31.795538856602,13747,388.5,400.0
406.25,31.797397623475,13748,399.5,413.0
419.25,31.799307606634,13749,412.5,426.0
433.75,31.803184006627,13750,425.5,442.0
450.75,31.804871092256,13751,441.5,460.0
471.75,31.806671108818,13752,459.5,484.0
496.25,31.808587159729,13753,483.5,509.0
523.25,31.810445692158,13754,508.5,538.0
554.75,31.81235641044,13755,537.5,572.0
590.75,31.816240940507,13756,571.5,610.0
632.75,31.818104424095,13757,609.5,656.0
685.25,31.819962773736,13758,655.5,715.0
750.25,31.821872574107,13759,714.5,786.0
833.0,31.825749276098,13760,785.5,880.5
384.25,31.83148805898,13762,379.5,389.0
394.25,31.833352377033,13763,388.5,400.0
406.25,31.835211108144,13764,399.5,413.0
419.25,31.837121675428,13765,412.5,426.0
433.75,31.840193925317,13766,425.5,442.0
450.75,31.842057607587,13767,441.5,460.0
471.75,31.843799275176,13768,459.5,484.0
496.25,31.845657509581,13769,483.5,509.0
523.25,31.847574192301,13770,508.5,538.0
554.75,31.849432657178,13771,537.5,572.0
590.75,31.853320107873,13772,571.5,610.0
632.75,31.855184243139,13773,609.5,656.0
685.25,31.857042473571,13774,655.5,715.0
750.25,31.858964425341,13775,714.5,786.0
833.0,31.862847592449,13776,785.5,880.5
384.25,31.869605439917,13778,379.5,389.0
394.25,31.871468943373,13779,388.5,400.0
406.25,31.873333209769,13780,399.5,413.0
419.25,31.875191356754,13781,412.5,426.0
433.75,31.879069326337,13782,425.5,442.0
450.75,31.880933525181,13783,441.5,460.0
471.75,31.882719590282,13784,459.5,484.0
496.25,31.884578424708,13785,483.5,509.0
523.25,31.886493943151,13786,508.5,538.0
554.75,31.888352276897,13787,537.5,572.0
590.75,31.892235606925,13788,571.5,610.0
632.75,31.8940992733,13789,609.5,656.0
685.25,31.895957607047,13790,655.5,715.0
750.25,31.897867407417,13791,714.5,786.0
833.0,31.901746024704,13792,785.5,880.5
384.25,31.907642243322,13794,379.5,389.0
394.25,31.909505925592,13795,388.5,400.0
406.25,31.911364259338,13796,399.5,413.0
419.25,31.91327429018,13797,412.5,426.0
433.75,31.916805543518,13798,425.5,442.0
450.75,31.918668943659,13799,441.5,460.0
471.75,31.920486809826,13800,459.5,484.0
496.25,31.922350674884,13801,483.5,509.0
523.25,31.924208523846,13802,508.5,538.0
554.75,31.926118959999,13803,537.5,572.0
590.75,31.929995026207,13804,571.5,610.0
632.75,31.931682624435,13805,609.5,656.0
685.25,31.933540974077,13806,655.5,715.0
750.25,31.935450774447,13807,714.5,786.0
833.0,31.938358026759,13808,785.5,880.5
384.25,31.943264875825,13810,379.5,389.0
394.25,31.945122708893,13811,388.5,400.0
406.25,31.947049758848,13812,399.5,413.0
419.25,31.948907643572,13813,412.5,426.0
433.75,31.951743040498,13814,425.5,442.0
450.75,31.953430459913,13815,441.5,460.0
471.75,31.955245524661,13816,459.5,484.0
496.25,31.957167440669,13817,483.5,509.0
523.25,31.959025873756,13818,508.5,538.0
554.75,31.960935626443,13819,537.5,572.0
590.75,31.964810007826,13820,571.5,610.0
632.75,31.96649759016,13821,609.5,656.0
685.25,31.968355923907,13822,655.5,715.0
750.25,31.970266876634,13823,714.5,786.0
833.0,31.97399722538,13824,785.5,880.5
384.25,31.979305575307,13826,379.5,389.0
394.25,31.981163893159,13827,388.5,400.0
406.25,31.98307985665,13828,399.5,413.0
419.25,31.984938226159,13829,412.5,426.0
433.75,31.988379742718,13830,425.5,442.0
450.75,31.99006807607,13831,441.5,460.0
471.75,31.991936725394,13832,459.5,484.0
496.25,31.993794924037,13833,483.5,509.0
523.25,31.995709727224,13834,508.5,538.0
554.75,31.997568076865,13835,537.5,572.0
590.75,32.001441993332,13836,571.5,610.0
632.75,32.003129758453,13837,609.5,656.0
685.25,32.004994358635,13838,655.5,715.0
750.25,32.006852410253,13839,714.5,786.0
833.0,32.010724709447,13840,785.5,880.5
384.25,32.017648575719,13842,379.5,389.0
394.25,32.019512424882,13843,388.5,400.0
406.25,32.021376127021,13844,399.5,413.0
419.25,32.023234226322,13845,412.5,426.0
433.75,32.026847606913,13846,425.5,442.0
450.75,32.02871184152,13847,441.5,460.0
471.75,32.030570143477,13848,459.5,484.0
496.25,32.032485026137,13849,483.5,509.0
523.25,32.034343459225,13850,508.5,538.0
554.75,32.03625387551,13851,537.5,572.0
590.75,32.040140293058,13852,571.5,610.0
632.75,32.041828391965,13853,609.5,656.0
685.25,32.043692392127,13854,655.5,715.0
750.25,32.045550225194,13855,714.5,786.0
833.0,32.049423243618,13856,785.5,880.5
384.25,32.054574606832,13858,379.5,389.0
394.25,32.056438893096,13859,388.5,400.0
406.25,32.058303040282,13860,399.5,413.0
419.25,32.060161040243,13861,412.5,426.0
433.75,32.063981475449,13862,425.5,442.0
450.75,32.065840290006,13863,441.5,460.0
471.75,32.067528492228,13864,459.5,484.0
496.25,32.069210710144,13865,483.5,509.0
523.25,32.071126792844,13866,508.5,538.0
554.75,32.072984741147,13867,537.5,572.0
590.75,32.076872740205,13868,571.5,610.0
632.75,32.078560143725,13869,609.5,656.0
685.25,32.080424724038,13870,655.5,715.0
750.25,32.082283141232,13871,714.5,786.0
833.0,32.086154892063,13872,785.5,880.5
384.25,32.091700691001,13874,379.5,389.0
394.25,32.093559076405,13875,388.5,400.0
406.25,32.095474725978,13876,399.5,413.0
419.25,32.097333143171,13877,412.5,426.0
433.75,32.101227325217,13878,425.5,442.0
450.75,32.10308574241,13879,441.5,460.0
471.75,32.104773543294,13880,459.5,484.0
496.25,32.106637841479,13881,483.5,509.0
523.25,32.108495793756,13882,508.5,538.0
554.75,32.110406957086,13883,537.5,572.0
590.75,32.114292293803,13884,571.5,610.0
632.75,32.116155960178,13885,609.5,656.0
685.25,32.118020174917,13886,655.5,715.0
750.25,32.119878524558,13887,714.5,786.0
833.0,32.123682576434,13888,785.5,880.5
384.25,32.12836390934,13890,379.5,389.0
394.25,32.130227893607,13891,388.5,400.0
406.25,32.132086577034,13892,399.5,413.0
419.25,32.133996174749,13893,412.5,426.0
433.75,32.137870174662,13894,425.5,442.0
450.75,32.13955767355,13895,441.5,460.0
471.75,32.141421109454,13896,459.5,484.0
496.25,32.143278990205,13897,483.5,509.0
523.25,32.144966576513,13898,508.5,538.0
554.75,32.146824806945,13899,537.5,572.0
590.75,32.150197643058,13900,571.5,610.0
632.75,32.152061174329,13901,609.5,656.0
685.25,32.153919357077,13902,655.5,715.0
750.25,32.155829892572,13903,714.5,786.0
833.0,32.159702342765,13904,785.5,880.5
384.25,32.164820192273,13906,379.5,389.0
394.25,32.166689509169,13907,388.5,400.0
406.25,32.168554073588,13908,399.5,413.0
419.25,32.170412757015,13909,412.5,426.0
433.75,32.174305591997,13910,425.5,442.0
450.75,32.176169560369,13911,441.5,460.0
471.75,32.178027707354,13912,459.5,484.0
496.25,32.17993894221,13913,483.5,509.0
523.25,32.181621160126,13914,508.5,538.0
554.75,32.183303676065,13915,537.5,572.0
590.75,32.187190308189,13916,571.5,610.0
632.75,32.189054010328,13917,609.5,656.0
685.25,32.190912224865,13918,655.5,715.0
750.25,32.192823157724,13919,714.5,786.0
833.0,32.196701441224,13920,785.5,880.5
384.25,32.203257809099,13922,379.5,389.0
394.25,32.205122274176,13923,388.5,400.0
406.25,32.206980007903,13924,399.5,413.0
419.25,32.208892307695,13925,412.5,426.0
433.75,32.21277265749,13926,425.5,442.0
450.75,32.214636240419,13927,441.5,460.0
471.75,32.216499823348,13928,459.5,484.0
496.25,32.218358073648,13929,483.5,509.0
523.25,32.220039842542,13930,508.5,538.0
554.75,32.22172264061,13931,537.5,572.0
590.75,32.22560502491,13932,571.5,610.0
632.75,32.227468607839,13933,609.5,656.0
685.25,32.229332691447,13934,655.5,715.0
750.25,32.231191406663,13935,714.5,786.0
833.0,32.235065474129,13936,785.5,880.5
384.25,32.24001024367,13938,379.5,389.0
394.25,32.241868124421,13939,388.5,400.0
406.25,32.24378517669,13940,399.5,413.0
419.25,32.24564504029,13941,412.5,426.0
433.75,32.249537926928,13942,425.5,442.0
450.75,32.251401474094,13943,441.5,460.0
471.75,32.253265943146,13944,459.5,484.0
496.25,32.255124376233,13945,483.5,509.0
523.25,32.256806057707,13946,508.5,538.0
554.75,32.25848895909,13947,537.5,572.0
590.75,32.26237027448,13948,571.5,610.0
632.75,32.264234060065,13949,609.5,656.0
685.25,32.266098306592,13950,655.5,715.0
750.25,32.267956274764,13951,714.5,786.0
833.0,32.271830723699,13952,785.5,880.5
384.25,32.278286876297,13954,379.5,389.0
394.25,32.28015722634,13955,388.5,400.0
406.25,32.282015273984,13956,399.5,413.0
419.25,32.283926457183,13957,412.5,426.0
433.75,32.287819574293,13958,425.5,442.0
450.75,32.289683642006,13959,441.5,460.0
471.75,32.291541610177,13960,459.5,484.0
496.25,32.293454192098,13961,483.5,509.0
523.25,32.295142442004,13962,508.5,538.0
554.75,32.296861360486,13963,537.5,572.0
590.75,32.30075209341,13964,571.5,610.0
632.75,32.302615739918,13965,609.5,656.0
685.25,32.304480026182,13966,655.5,715.0
750.25,32.306338324165,13967,714.5,786.0
833.0,32.310212506866,13968,785.5,880.5
384.25,32.315326124446,13970,379.5,389.0
394.25,32.317184076722,13971,388.5,400.0
406.25,32.319099841531,13972,399.5,413.0
419.25,32.320958091831,13973,412.5,426.0
433.75,32.324851459281,13974,425.5,442.0
450.75,32.326714859422,13975,441.5,460.0
471.75,32.328573224958,13976,459.5,484.0
496.25,32.330483192221,13977,483.5,509.0
523.25,32.332165525373,13978,508.5,538.0
554.75,32.333964806811,13979,537.5,572.0
590.75,32.337850274658,13980,571.5,610.0
632.75,32.339713992691,13981,609.5,656.0
685.25,32.341578541215,13982,655.5,715.0
750.25,32.343436874962,13983,714.5,786.0
833.0,32.347311073558,13984,785.5,880.5
384.25,32.354167526976,13986,379.5,389.0
394.25,32.356031193352,13987,388.5,400.0
406.25,32.357889459546,13988,399.5,413.0
419.25,32.35980147721,13989,412.5,426.0
433.75,32.363683627065,13990,425.5,442.0
450.75,32.365547742462,13991,441.5,460.0
471.75,32.367406060314,13992,459.5,484.0
496.25,32.369316524283,13993,483.5,509.0
523.25,32.371004126485,13994,508.5,538.0
554.75,32.37287022473,13995,537.5,572.0
590.75,32.376763973649,13996,571.5,610.0
632.75,32.378627858575,13997,609.5,656.0
685.25,32.380492041524,13998,655.5,715.0
750.25,32.382349993801,13999,714.5,786.0
833.0,32.386225976562,14000,785.5,880.5
384.25,32.391287773863,14002,379.5,389.0
394.25,32.393146123505,14003,388.5,400.0
406.25,32.395061892287,14004,399.5,413.0
419.25,32.396920226034,14005,412.5,426.0
433.75,32.400798692322,14006,425.5,442.0
450.75,32.402661893781,14007,441.5,460.0
471.75,32.404520223554,14008,459.5,484.0
496.25,32.406431025283,14009,483.5,509.0
523.25,32.408113159752,14010,508.5,538.0
554.75,32.410024410502,14011,537.5,572.0
590.75,32.413916526254,14012,571.5,610.0
632.75,32.415779974079,14013,609.5,656.0
685.25,32.417637890593,14014,655.5,715.0
750.25,32.419562910016,14015,714.5,786.0
833.0,32.423441459751,14016,785.5,880.5
384.25,32.429964973545,14018,379.5,389.0
394.25,32.431828957812,14019,388.5,400.0
406.25,32.43369325997,14020,399.5,413.0
419.25,32.435551875846,14021,412.5,426.0
433.75,32.439430143452,14022,425.5,442.0
450.75,32.441294660187,14023,441.5,460.0
471.75,32.44315260849,14024,459.5,484.0
496.25,32.445064359919,14025,483.5,509.0
523.25,32.446746526178,14026,508.5,538.0
554.75,32.448668223635,14027,537.5,572.0
590.75,32.452545609093,14028,571.5,610.0
632.75,32.454409875488,14029,609.5,656.0
685.25,32.456273708757,14030,655.5,715.0
750.25,32.458131641165,14031,714.5,786.0
833.0,32.462006042417,14032,785.5,880.5
384.25,32.466972023265,14034,379.5,389.0
394.25,32.468659557915,14035,388.5,400.0
406.25,32.470517526086,14036,399.5,413.0
419.25,32.472427874819,14037,412.5,426.0
433.75,32.476311908182,14038,425.5,442.0
450.75,32.478174990431,14039,441.5,460.0
471.75,32.480033208942,14040,459.5,484.0
496.25,32.481943160311,14041,483.5,509.0
523.25,32.483625410016,14042,508.5,538.0
554.75,32.485536275323,14043,537.5,572.0
590.75,32.489427393691,14044,571.5,610.0
632.75,32.491291159407,14045,609.5,656.0
685.25,32.493155660248,14046,655.5,715.0
750.25,32.495013990021,14047,714.5,786.0
833.0,32.498888224379,14048,785.5,880.5
384.25,32.503968610382,14050,379.5,389.0
394.25,32.50565705897,14051,388.5,400.0
406.25,32.507515774186,14052,399.5,413.0
419.25,32.509425308323,14053,412.5,426.0
433.75,32.513312290128,14054,425.5,442.0
450.75,32.51517590882,14055,441.5,460.0
471.75,32.517040358003,14056,459.5,484.0
496.25,32.518898707644,14057,483.5,509.0
523.25,32.520586889998,14058,508.5,538.0
554.75,32.522445243613,14059,537.5,572.0
590.75,32.526325823879,14060,571.5,610.0
632.75,32.528189657148,14061,609.5,656.0
685.25,32.530047776318,14062,655.5,715.0
750.25,32.531974424934,14063,714.5,786.0
833.0,32.535853574689,14064,785.5,880.5
384.25,32.542710425472,14066,379.5,389.0
394.25,32.544575458781,14067,388.5,400.0
406.25,32.546433224297,14068,399.5,413.0
419.25,32.548346175766,14069,412.5,426.0
433.75,32.552225325521,14070,425.5,442.0
450.75,32.554089524364,14071,441.5,460.0
471.75,32.555948390579,14072,459.5,484.0
496.25,32.557858143266,14073,483.5,509.0
523.25,32.559540408866,14074,508.5,538.0
554.75,32.561452406661,14075,537.5,572.0
590.75,32.565341093159,14076,571.5,610.0
632.75,32.567205673472,14077,609.5,656.0
685.25,32.569070341206,14078,655.5,715.0
750.25,32.570928090827,14079,714.5,786.0
833.0,32.574801506615,14080,785.5,880.5
384.25,32.580213493125,14082,379.5,389.0
394.25,32.582077842967,14083,388.5,400.0
406.25,32.583936307844,14084,399.5,413.0
419.25,32.58584666055,14085,412.5,426.0
433.75,32.58974029026,14086,425.5,442.0
450.75,32.591604226844,14087,441.5,460.0
471.75,32.593468576686,14088,459.5,484.0
496.25,32.595326993879,14089,483.5,509.0
523.25,32.597014576213,14090,508.5,538.0
554.75,32.598873724556,14091,537.5,572.0
590.75,32.602756077067,14092,571.5,610.0
632.75,32.604620275911,14093,609.5,656.0
685.25,32.606478593763,14094,655.5,715.0
750.25,32.608388306713,14095,714.5,786.0
833.0,32.612266558425,14096,785.5,880.5
384.25,32.619089458402,14098,379.5,389.0
394.25,32.620953609562,14099,388.5,400.0
406.25,32.622818273322,14100,399.5,413.0
419.25,32.624683243052,14101,412.5,426.0
433.75,32.628571858025,14102,425.5,442.0
450.75,32.630435476716,14103,441.5,460.0
471.75,32.632299890137,14104,459.5,484.0
496.25,32.634157790756,14105,483.5,509.0
523.25,32.635840342458,14106,508.5,538.0
554.75,32.637751426315,14107,537.5,572.0
590.75,32.641637823995,14108,571.5,610.0
632.75,32.643501573817,14109,609.5,656.0
685.25,32.645366007106,14110,655.5,715.0
750.25,32.647224309063,14111,714.5,786.0
833.0,32.651098257319,14112,785.5,880.5
384.25,32.656186940289,14114,379.5,389.0
394.25,32.65805671018,14115,388.5,400.0
406.25,32.659921358045,14116,399.5,413.0
419.25,32.66177962424,14117,412.5,426.0
433.75,32.665670293585,14118,425.5,442.0
450.75,32.667533657964,14119,441.5,460.0
471.75,32.669392106946,14120,459.5,484.0
496.25,32.671320575492,14121,483.5,509.0
523.25,32.673023810005,14122,508.5,538.0
554.75,32.674935859458,14123,537.5,572.0
590.75,32.678819626586,14124,571.5,610.0
632.75,32.680683241304,14125,609.5,656.0
685.25,32.682546859996,14126,655.5,715.0
750.25,32.684405543423,14127,714.5,786.0
833.0,32.688280707614,14128,785.5,880.5
384.25,32.694869492467,14130,379.5,389.0
394.25,32.696727408981,14131,388.5,400.0
406.25,32.698646758016,14132,399.5,413.0
419.25,32.700504976527,14133,412.5,426.0
433.75,32.704385874685,14134,425.5,442.0
450.75,32.706249457614,14135,441.5,460.0
471.75,32.708114041901,14136,459.5,484.0
496.25,32.709971692181,14137,483.5,509.0
523.25,32.711653723335,14138,508.5,538.0
554.75,32.713564942296,14139,537.5,572.0
590.75,32.717451542632,14140,571.5,610.0
632.75,32.719314942773,14141,609.5,656.0
685.25,32.721173375861,14142,655.5,715.0
750.25,32.723083692805,14143,714.5,786.0
833.0,32.726961475627,14144,785.5,880.5
384.25,32.731845674928,14146,379.5,389.0
394.25,32.733709873772,14147,388.5,400.0
406.25,32.735568676408,14148,399.5,413.0
419.25,32.737478607909,14149,412.5,426.0
433.75,32.74136712354,14150,425.5,442.0
450.75,32.743230758127,14151,441.5,460.0
471.75,32.745094090716,14152,459.5,484.0
496.25,32.746952627118,14153,483.5,509.0
523.25,32.74864112339,14154,508.5,538.0
554.75,32.750499457137,14155,537.5,572.0
590.75,32.754383260028,14156,571.5,610.0
632.75,32.756246775405,14157,609.5,656.0
685.25,32.758111276245,14158,655.5,715.0
750.25,32.759970325247,14159,714.5,786.0
833.0,32.763843673484,14160,785.5,880.5
384.25,32.770034891383,14162,379.5,389.0
394.25,32.771892609215,14163,388.5,400.0
406.25,32.77382304074,14164,399.5,413.0
419.25,32.775681092358,14165,412.5,426.0
433.75,32.779566023763,14166,425.5,442.0
450.75,32.781429241117,14167,441.5,460.0
471.75,32.78328787686,14168,459.5,484.0
496.25,32.785197776572,14169,483.5,509.0
523.25,32.786880073961,14170,508.5,538.0
554.75,32.788792024072,14171,537.5,572.0
590.75,32.792696708457,14172,571.5,610.0
632.75,32.794560509936,14173,609.5,656.0
685.25,32.796419109917,14174,655.5,715.0
750.25,32.798328942076,14175,714.5,786.0
833.0,32.801118208981,14176,785.5,880.5
384.25,32.805713957564,14178,379.5,389.0
394.25,32.807572390652,14179,388.5,400.0
406.25,32.809490126387,14180,399.5,413.0
419.25,32.811348293241,14181,412.5,426.0
433.75,32.815231106695,14182,425.5,442.0
450.75,32.817094610151,14183,441.5,460.0
471.75,32.818958224869,14184,459.5,484.0
496.25,32.820817091084,14185,483.5,509.0
523.25,32.822499543444,14186,508.5,538.0
554.75,32.824424475447,14187,537.5,572.0
590.75,32.828313376522,14188,571.5,610.0
632.75,32.830176975346,14189,609.5,656.0
685.25,32.8320411424,14190,655.5,715.0
750.25,32.833899941063,14191,714.5,786.0
833.0,32.836448742962,14192,785.5,880.5
384.25,32.841052625593,14194,379.5,389.0
394.25,32.842916609859,14195,388.5,400.0
406.25,32.844775110499,14196,399.5,413.0
419.25,32.846684906896,14197,412.5,426.0
433.75,32.850577475643,14198,425.5,442.0
450.75,32.852441074467,14199,441.5,460.0
471.75,32.854305225627,14200,459.5,484.0
496.25,32.856163940843,14201,483.5,509.0
523.25,32.857850943025,14202,508.5,538.0
554.75,32.859709892686,14203,537.5,572.0
590.75,32.863596310234,14204,571.5,610.0
632.75,32.865459940847,14205,609.5,656.0
685.25,32.86731822691,14206,655.5,715.0
750.25,32.869229557133,14207,714.5,786.0
833.0,32.871662543233,14208,785.5,880.5
384.25,32.87625422678,14210,379.5,389.0
394.25,32.878118524965,14211,388.5,400.0
406.25,32.879976640161,14212,399.5,413.0
419.25,32.881900407886,14213,412.5,426.0
433.75,32.885794526354,14214,425.5,442.0
450.75,32.887657827155,14215,441.5,460.0
471.75,32.889522157129,14216,459.5,484.0
496.25,32.891380757109,14217,483.5,509.0
523.25,32.893062343216,14218,508.5,538.0
554.75,32.894989059385,14219,537.5,572.0
590.75,32.898876573658,14220,571.5,610.0
632.75,32.900606026268,14221,609.5,656.0
685.25,32.902293906625,14222,655.5,715.0
750.25,32.904152574158,14223,714.5,786.0
833.0,32.906572391605,14224,785.5,880.5
384.25,32.911161293602,14226,379.5,389.0
394.25,32.913025575892,14227,388.5,400.0
406.25,32.91488340896,14228,399.5,413.0
419.25,32.916794159031,14229,412.5,426.0
433.75,32.920676559226,14230,425.5,442.0
450.75,32.922539724922,14231,441.5,460.0
471.75,32.924403673426,14232,459.5,484.0
496.25,32.926262174066,14233,483.5,509.0
523.25,32.927949490166,14234,508.5,538.0
554.75,32.929808876928,14235,537.5,572.0
590.75,32.933692457294,14236,571.5,610.0
632.75,32.935516709105,14237,609.5,656.0
685.25,32.937204657014,14238,655.5,715.0
750.25,32.939062573528,14239,714.5,786.0
833.0,32.941462375736,14240,785.5,880.5
384.25,32.947558810329,14242,379.5,389.0
394.25,32.94942284228,14243,388.5,400.0
406.25,32.95128939352,14244,399.5,413.0
419.25,32.953147492822,14245,412.5,426.0
433.75,32.957039608574,14246,425.5,442.0
450.75,32.958904057757,14247,441.5,460.0
471.75,32.960762010034,14248,459.5,484.0
496.25,32.962676360226,14249,483.5,509.0
523.25,32.964358208593,14250,508.5,538.0
554.75,32.966269542789,14251,537.5,572.0
590.75,32.970151708539,14252,571.5,610.0
632.75,32.971833743668,14253,609.5,656.0
685.25,32.973516160266,14254,655.5,715.0
750.25,32.975436860339,14255,714.5,786.0
833.0,32.977832140541,14256,785.5,880.5
384.25,32.982414092636,14258,379.5,389.0
394.25,32.984272426383,14259,388.5,400.0
406.25,32.986188008404,14260,399.5,413.0
419.25,32.988045825577,14261,412.5,426.0
433.75,32.99192452631,14262,425.5,442.0
450.75,32.993789090729,14263,441.5,460.0
471.75,32.995647424475,14264,459.5,484.0
496.25,32.997557141399,14265,483.5,509.0
523.25,32.999239108976,14266,508.5,538.0
554.75,33.001166174825,14267,537.5,572.0
590.75,33.005071908251,14268,571.5,610.0
632.75,33.006935725625,14269,609.5,656.0
685.25,33.008617641544,14270,655.5,715.0
750.25,33.010528673744,14271,714.5,786.0
833.0,33.012910308456,14272,785.5,880.5
384.25,33.019007056967,14274,379.5,389.0
394.25,33.020871259785,14275,388.5,400.0
406.25,33.022729692872,14276,399.5,413.0
419.25,33.024642092005,14277,412.5,426.0
433.75,33.028537291304,14278,425.5,442.0
450.75,33.030400890128,14279,441.5,460.0
471.75,33.03226510884,14280,459.5,484.0
496.25,33.034123009459,14281,483.5,509.0
523.25,33.035810826238,14282,508.5,538.0
554.75,33.03766965669,14283,537.5,572.0
590.75,33.041549525674,14284,571.5,610.0
632.75,33.043231592592,14285,609.5,656.0
685.25,33.044918841139,14286,655.5,715.0
750.25,33.046776908652,14287,714.5,786.0
833.0,33.049132841841,14288,785.5,880.5
384.25,33.053743277009,14290,379.5,389.0
394.25,33.055607142067,14291,388.5,400.0
406.25,33.057465877151,14292,399.5,413.0
419.25,33.059375443077,14293,412.5,426.0
433.75,33.063254592832,14294,425.5,442.0
450.75,33.065118326759,14295,441.5,460.0
471.75,33.066976640638,14296,459.5,484.0
496.25,33.068731158988,14297,483.5,509.0
523.25,33.070418558534,14298,508.5,538.0
554.75,33.072277607536,14299,537.5,572.0
590.75,33.076168793456,14300,571.5,610.0
632.75,33.07788829209,14301,609.5,656.0
685.25,33.079570259666,14302,655.5,715.0
750.25,33.081481693204,14303,714.5,786.0
833.0,33.083857156849,14304,785.5,880.5
384.25,33.088482040183,14306,379.5,389.0
394.25,33.090341208394,14307,388.5,400.0
406.25,33.09225787522,14308,399.5,413.0
419.25,33.094116208967,14309,412.5,426.0
433.75,33.098002590752,14310,425.5,442.0
450.75,33.099866193549,14311,441.5,460.0
471.75,33.101724523322,14312,459.5,484.0
496.25,33.103634860134,14313,483.5,509.0
523.25,33.105322823938,14314,508.5,538.0
554.75,33.107181773599,14315,537.5,572.0
590.75,33.111068191147,14316,571.5,610.0
632.75,33.112750524298,14317,609.5,656.0
685.25,33.11443285745,14318,655.5,715.0
750.25,33.116344175752,14319,714.5,786.0
833.0,33.11872302494,14320,785.5,880.5
384.25,33.124851626174,14322,379.5,389.0
394.25,33.126716210461,14323,388.5,400.0
406.25,33.128574607786,14324,399.5,413.0
419.25,33.130485441303,14325,412.5,426.0
433.75,33.134368791199,14326,425.5,442.0
450.75,33.136233359591,14327,441.5,460.0
471.75,33.138097459094,14328,459.5,484.0
496.25,33.139956190205,14329,483.5,509.0
523.25,33.141638475672,14330,508.5,538.0
554.75,33.143549523767,14331,537.5,572.0
590.75,33.147432873662,14332,571.5,610.0
632.75,33.149292709446,14333,609.5,656.0
685.25,33.150980224228,14334,655.5,715.0
750.25,33.152838474528,14335,714.5,786.0
833.0,33.15524637502,14336,785.5,880.5
384.25,33.15991471014,14338,379.5,389.0
394.25,33.161787126478,14339,388.5,400.0
406.25,33.163650923983,14340,399.5,413.0
419.25,33.165508808708,14341,412.5,426.0
433.75,33.169399458186,14342,425.5,442.0
450.75,33.171262957668,14343,441.5,460.0
471.75,33.173127275721,14344,459.5,484.0
496.25,33.174985375023,14345,483.5,509.0
523.25,33.176667676385,14346,508.5,538.0
554.75,33.178578708585,14347,537.5,572.0
590.75,33.182465392367,14348,571.5,610.0
632.75,33.184329090532,14349,609.5,656.0
685.25,33.18618711036,14350,655.5,715.0
750.25,33.188098726686,14351,714.5,786.0
833.0,33.190515357272,14352,785.5,880.5
384.25,33.196666123486,14354,379.5,389.0
394.25,33.198530942218,14355,388.5,400.0
406.25,33.200389124966,14356,399.5,413.0
419.25,33.202300939973,14357,412.5,426.0
433.75,33.206180808957,14358,425.5,442.0
450.75,33.208044375992,14359,441.5,460.0
471.75,33.209908892727,14360,459.5,484.0
496.25,33.21176769139,14361,483.5,509.0
523.25,33.2134549757,14362,508.5,538.0
554.75,33.215313873704,14363,537.5,572.0
590.75,33.219196858025,14364,571.5,610.0
632.75,33.221060909843,14365,609.5,656.0
685.25,33.222742607212,14366,655.5,715.0
750.25,33.224653726832,14367,714.5,786.0
833.0,33.22705164156,14368,785.5,880.5
384.25,33.231686792787,14370,379.5,389.0
394.25,33.233551706886,14371,388.5,400.0
406.25,33.235416223621,14372,399.5,413.0
419.25,33.23727424345,14373,412.5,426.0
433.75,33.241163124657,14374,425.5,442.0
450.75,33.243026659902,14375,441.5,460.0
471.75,33.244891224321,14376,459.5,484.0
496.25,33.246749573962,14377,483.5,509.0
523.25,33.248437176164,14378,508.5,538.0
554.75,33.250295390701,14379,537.5,572.0
590.75,33.254179360485,14380,571.5,610.0
632.75,33.255861359851,14381,609.5,656.0
685.25,33.257548826949,14382,655.5,715.0
750.25,33.259407240168,14383,714.5,786.0
833.0,33.261761023617,14384,785.5,880.5
384.25,33.267878741042,14386,379.5,389.0
394.25,33.269743257777,14387,388.5,400.0
406.25,33.27160154384,14388,399.5,413.0
419.25,33.273512524382,14389,412.5,426.0
433.75,33.277395457045,14390,425.5,442.0
450.75,33.279258491611,14391,441.5,460.0
471.75,33.281116710122,14392,459.5,484.0
496.25,33.282966325696,14393,483.5,509.0
523.25,33.284648742294,14394,508.5,538.0
554.75,33.286559309578,14395,537.5,572.0
590.75,33.290438558674,14396,571.5,610.0
632.75,33.292120391146,14397,609.5,656.0
685.25,33.293802243487,14398,655.5,715.0
750.25,33.295713907496,14399,714.5,786.0
833.0,33.298054224269,14400,785.5,880.5
384.25,33.302634992218,14402,379.5,389.0
394.25,33.304498877144,14403,388.5,400.0
406.25,33.306356809553,14404,399.5,413.0
419.25,33.308268723901,14405,412.5,426.0
433.75,33.312160275396,14406,425.5,442.0
450.75,33.314023790773,14407,441.5,460.0
471.75,33.31588799359,14408,459.5,484.0
496.25,33.317730826155,14409,483.5,509.0
523.25,33.319412658628,14410,508.5,538.0
554.75,33.321325141207,14411,537.5,572.0
590.75,33.32520324192,14412,571.5,610.0
632.75,33.32688537639,14413,609.5,656.0
685.25,33.328568325456,14414,655.5,715.0
750.25,33.330479127185,14415,714.5,786.0
833.0,33.332815057055,14416,785.5,880.5
384.25,33.33740304114,14418,379.5,389.0
394.25,33.339267291641,14419,388.5,400.0
406.25,33.341125474389,14420,399.5,413.0
419.25,33.343035473442,14421,412.5,426.0
433.75,33.34692596,14422,425.5,442.0
450.75,33.348789590613,14423,441.5,460.0
471.75,33.350652958965,14424,459.5,484.0
496.25,33.352391256905,14425,483.5,509.0
523.25,33.354073391374,14426,508.5,538.0
554.75,33.355984276549,14427,537.5,572.0
590.75,33.359868691381,14428,571.5,610.0
632.75,33.361550941086,14429,609.5,656.0
685.25,33.363239159203,14430,655.5,715.0
750.25,33.365097508844,14431,714.5,786.0
833.0,33.367431126054,14432,785.5,880.5
384.25,33.373524592336,14434,379.5,389.0
394.25,33.375388640181,14435,388.5,400.0
406.25,33.377256860352,14436,399.5,413.0
419.25,33.379114641762,14437,412.5,426.0
433.75,33.38267144165,14438,425.5,442.0
450.75,33.384535008685,14439,441.5,460.0
471.75,33.386392742411,14440,459.5,484.0
496.25,33.388305840906,14441,483.5,509.0
523.25,33.389988376713,14442,508.5,538.0
554.75,33.391898741341,14443,537.5,572.0
590.75,33.395784391975,14444,571.5,610.0
632.75,33.397466725127,14445,609.5,656.0
685.25,33.399154760456,14446,655.5,715.0
750.25,33.401012990888,14447,714.5,786.0
833.0,33.403375476615,14448,785.5,880.5
384.25,33.407961008962,14450,379.5,389.0
394.25,33.409818941371,14451,388.5,400.0
406.25,33.411734308815,14452,399.5,413.0
419.25,33.413592642562,14453,412.5,426.0
433.75,33.41747290891,14454,425.5,442.0
450.75,33.419336324946,14455,441.5,460.0
471.75,33.421200507895,14456,459.5,484.0
496.25,33.423058841642,14457,483.5,509.0
523.25,33.42474690876,14458,508.5,538.0
554.75,33.426605842527,14459,537.5,572.0
590.75,33.43048262399,14460,571.5,610.0
632.75,33.432164559778,14461,609.5,656.0
685.25,33.433847508844,14462,655.5,715.0
750.25,33.435757925129,14463,714.5,786.0
833.0,33.438086007055,14464,785.5,880.5
384.25,33.444205174859,14466,379.5,389.0
394.25,33.446069310125,14467,388.5,400.0
406.25,33.447927592214,14468,399.5,413.0
419.25,33.449839208539,14469,412.5,426.0
433.75,33.453721457736,14470,425.5,442.0
450.75,33.455585306899,14471,441.5,460.0
471.75,33.457449609057,14472,459.5,484.0
496.25,33.459131775316,14473,483.5,509.0
523.25,33.460819774882,14474,508.5,538.0
554.75,33.462677675502,14475,537.5,572.0
590.75,33.466564859962,14476,571.5,610.0
632.75,33.46824670833,14477,609.5,656.0
685.25,33.469929140822,14478,655.5,715.0
750.25,33.471839191532,14479,714.5,786.0
833.0,33.474191258367,14480,785.5,880.5
384.25,33.478766741371,14482,379.5,389.0
394.25,33.480625524139,14483,388.5,400.0
406.25,33.482541277027,14484,399.5,413.0
419.25,33.484399507459,14485,412.5,426.0
433.75,33.487280859566,14486,425.5,442.0
450.75,33.489144259707,14487,441.5,460.0
471.75,33.491002692795,14488,459.5,484.0
496.25,33.492849610265,14489,483.5,509.0
523.25,33.494532090441,14490,508.5,538.0
554.75,33.496442558384,14491,537.5,572.0
590.75,33.500329691188,14492,571.5,610.0
632.75,33.502012107786,14493,609.5,656.0
685.25,33.503694727039,14494,655.5,715.0
750.25,33.505605874475,14495,714.5,786.0
833.0,33.507946807162,14496,785.5,880.5
384.25,33.514035942173,14498,379.5,389.0
394.25,33.515900693353,14499,388.5,400.0
406.25,33.51775842708,14500,399.5,413.0
419.25,33.519670742766,14501,412.5,426.0
433.75,33.522324591891,14502,425.5,442.0
450.75,33.524187690035,14503,441.5,460.0
471.75,33.5260458251,14504,459.5,484.0
496.25,33.52795587581,14505,483.5,509.0
523.25,33.529643740273,14506,508.5,538.0
554.75,33.531501708444,14507,537.5,572.0
590.75,33.535377993202,14508,571.5,610.0
632.75,33.537060040251,14509,609.5,656.0
685.25,33.538747908688,14510,655.5,715.0
750.25,33.540606425222,14511,714.5,786.0
833.0,33.542953775342,14512,785.5,880.5
384.25,33.547524990654,14514,379.5,389.0
394.25,33.549382942931,14515,388.5,400.0
406.25,33.551300627009,14516,399.5,413.0
419.25,33.553159409777,14517,412.5,426.0
433.75,33.555727523581,14518,425.5,442.0
450.75,33.557591293271,14519,441.5,460.0
471.75,33.559455158329,14520,459.5,484.0
496.25,33.561313190079,14521,483.5,509.0
523.25,33.563001710192,14522,508.5,538.0
554.75,33.564859308815,14523,537.5,572.0
590.75,33.568748893356,14524,571.5,610.0
632.75,33.570467291292,14525,609.5,656.0
685.25,33.57215557696,14526,655.5,715.0
750.25,33.574013410028,14527,714.5,786.0
833.0,33.576372542,14528,785.5,880.5
384.25,33.580944790459,14530,379.5,389.0
394.25,33.582809009171,14531,388.5,400.0
406.25,33.584673243777,14532,399.5,413.0
419.25,33.586531875547,14533,412.5,426.0
433.75,33.588975010331,14534,425.5,442.0
450.75,33.59083922507,14535,441.5,460.0
471.75,33.592697626368,14536,459.5,484.0
496.25,33.594505776978,14537,483.5,509.0
523.25,33.596188026683,14538,508.5,538.0
554.75,33.598098125076,14539,537.5,572.0
590.75,33.601976027107,14540,571.5,610.0
632.75,33.603658340391,14541,609.5,656.0
685.25,33.60534552536,14542,655.5,715.0
750.25,33.607203791555,14543,714.5,786.0
833.0,33.609561608251,14544,785.5,880.5
384.25,33.615648891544,14546,379.5,389.0
394.25,33.617513575172,14547,388.5,400.0
406.25,33.619371475792,14548,399.5,413.0
419.25,33.621285059071,14549,412.5,426.0
433.75,33.623680307484,14550,425.5,442.0
450.75,33.625545543448,14551,441.5,460.0
471.75,33.627403809643,14552,459.5,484.0
496.25,33.629313041782,14553,483.5,509.0
523.25,33.63099545838,14554,508.5,538.0
554.75,33.63290695947,14555,537.5,572.0
590.75,33.636795860545,14556,571.5,610.0
632.75,33.638481340822,14557,609.5,656.0
685.25,33.640164226309,14558,655.5,715.0
750.25,33.6420746267,14559,714.5,786.0
833.0,33.644461824512,14560,785.5,880.5
384.25,33.649036540604,14562,379.5,389.0
394.25,33.650900274531,14563,388.5,400.0
406.25,33.652764608479,14564,399.5,413.0
419.25,33.654623025672,14565,412.5,426.0
433.75,33.657012210306,14566,425.5,442.0
450.75,33.658875658131,14567,441.5,460.0
471.75,33.660734007772,14568,459.5,484.0
496.25,33.66264445982,14569,483.5,509.0
523.25,33.664332673963,14570,508.5,538.0
554.75,33.666190590477,14571,537.5,572.0
590.75,33.67007819217,14572,571.5,610.0
632.75,33.671854708608,14573,609.5,656.0
685.25,33.673537141101,14574,655.5,715.0
750.25,33.675458623981,14575,714.5,786.0
833.0,33.677843457476,14576,785.5,880.5
384.25,33.68391145668,14578,379.5,389.0
394.25,33.685782442506,14579,388.5,400.0
406.25,33.687640593465,14580,399.5,413.0
419.25,33.689562024689,14581,412.5,426.0
433.75,33.691948924478,14582,425.5,442.0
450.75,33.69381254317,14583,441.5,460.0
471.75,33.695670475578,14584,459.5,484.0
496.25,33.697594692326,14585,483.5,509.0
523.25,33.699277108924,14586,508.5,538.0
554.75,33.701187541103,14587,537.5,572.0
590.75,33.705076624966,14588,571.5,610.0
632.75,33.706940124448,14589,609.5,656.0
685.25,33.708777540938,14590,655.5,715.0
750.25,33.710688442008,14591,714.5,786.0
833.0,33.713083893077,14592,785.5,880.5
384.25,33.717647959805,14594,379.5,389.0
394.25,33.719511657969,14595,388.5,400.0
406.25,33.721376075363,14596,399.5,413.0
419.25,33.723233924325,14597,412.5,426.0
433.75,33.725614243762,14598,425.5,442.0
450.75,33.727477723376,14599,441.5,460.0
471.75,33.729345875994,14600,459.5,484.0
496.25,33.731204209741,14601,483.5,509.0
523.25,33.732887127018,14602,508.5,538.0
554.75,33.734803841527,14603,537.5,572.0
590.75,33.738691709455,14604,571.5,610.0
632.75,33.740555208937,14605,609.5,656.0
685.25,33.742413542684,14606,655.5,715.0
750.25,33.744323474185,14607,714.5,786.0
833.0,33.746730909761,14608,785.5,880.5
384.25,33.7512934069,14610,379.5,389.0
394.25,33.753161658859,14611,388.5,400.0
406.25,33.755028826014,14612,399.5,413.0
419.25,33.756887040551,14613,412.5,426.0
433.75,33.759263775762,14614,425.5,442.0
450.75,33.761127223587,14615,441.5,460.0
471.75,33.762985875225,14616,459.5,484.0
496.25,33.764895508703,14617,483.5,509.0
523.25,33.766577674961,14618,508.5,538.0
554.75,33.76848775746,14619,537.5,572.0
590.75,33.772373574988,14620,571.5,610.0
632.75,33.774237742043,14621,609.5,656.0
685.25,33.77610232633,14622,655.5,715.0
750.25,33.77796045742,14623,714.5,786.0
833.0,33.78038397433,14624,785.5,880.5
384.25,33.78644132417,14626,379.5,389.0
394.25,33.788305224991,14627,388.5,400.0
406.25,33.790163157399,14628,399.5,413.0
419.25,33.792086376762,14629,412.5,426.0
433.75,33.794479225095,14630,425.5,442.0
450.75,33.796342724578,14631,441.5,460.0
471.75,33.798207340654,14632,459.5,484.0
496.25,33.800065173721,14633,483.5,509.0
523.25,33.80175370973,14634,508.5,538.0
554.75,33.803611459351,14635,537.5,572.0
590.75,33.807491340256,14636,571.5,610.0
632.75,33.809355292734,14637,609.5,656.0
685.25,33.811213058249,14638,655.5,715.0
750.25,33.813124074554,14639,714.5,786.0
833.0,33.815541726367,14640,785.5,880.5
384.25,33.820105240758,14642,379.5,389.0
394.25,33.821963574505,14643,388.5,400.0
406.25,33.823878842608,14644,399.5,413.0
419.25,33.825737092908,14645,412.5,426.0
433.75,33.828135377185,14646,425.5,442.0
450.75,33.829999675369,14647,441.5,460.0
471.75,33.83185802501,14648,459.5,484.0
496.25,33.833767710145,14649,483.5,509.0
523.25,33.835450142638,14650,508.5,538.0
554.75,33.83736219209,14651,537.5,572.0
590.75,33.841269908365,14652,571.5,610.0
632.75,33.843135108566,14653,609.5,656.0
685.25,33.844993474102,14654,655.5,715.0
750.25,33.846903159237,14655,714.5,786.0
833.0,33.849354741987,14656,785.5,880.5
384.25,33.855405940628,14658,379.5,389.0
394.25,33.857269424216,14659,388.5,400.0
406.25,33.859140108045,14660,399.5,413.0
419.25,33.860997893429,14661,412.5,426.0
433.75,33.863405241585,14662,425.5,442.0
450.75,33.865268443044,14663,441.5,460.0
471.75,33.86712715826,14664,459.5,484.0
496.25,33.869037193076,14665,483.5,509.0
523.25,33.870725176748,14666,508.5,538.0
554.75,33.87258340718,14667,537.5,572.0
590.75,33.876469824727,14668,571.5,610.0
632.75,33.878333475208,14669,609.5,656.0
685.25,33.880197892602,14670,655.5,715.0
750.25,33.88205632569,14671,714.5,786.0
833.0,33.884515160338,14672,785.5,880.5
384.25,33.889085592842,14674,379.5,389.0
394.25,33.89095595878,14675,388.5,400.0
406.25,33.892820042388,14676,399.5,413.0
419.25,33.894678741709,14677,412.5,426.0
433.75,33.897097009436,14678,425.5,442.0
450.75,33.898960592365,14679,441.5,460.0
471.75,33.900824592527,14680,459.5,484.0
496.25,33.902683041509,14681,483.5,509.0
523.25,33.904365191873,14682,508.5,538.0
554.75,33.906287175433,14683,537.5,572.0
590.75,33.910168443139,14684,571.5,610.0
632.75,33.912031441943,14685,609.5,656.0
685.25,33.913889708138,14686,655.5,715.0
750.25,33.915801173464,14687,714.5,786.0
833.0,33.918255124505,14688,785.5,880.5
384.25,33.924337091064,14690,379.5,389.0
394.25,33.926195424811,14691,388.5,400.0
406.25,33.92812599144,14692,399.5,413.0
419.25,33.929984627183,14693,412.5,426.0
433.75,33.932411410427,14694,425.5,442.0
450.75,33.934274707254,14695,441.5,460.0
471.75,33.936140292899,14696,459.5,484.0
496.25,33.937998523331,14697,483.5,509.0
523.25,33.939680240568,14698,508.5,538.0
554.75,33.941602176444,14699,537.5,572.0
590.75,33.945483507729,14700,571.5,610.0
632.75,33.947346923765,14701,609.5,656.0
685.25,33.949205142276,14702,655.5,715.0
750.25,33.951115292327,14703,714.5,786.0
833.0,33.953568440692,14704,785.5,880.5
384.25,33.958143474674,14706,379.5,389.0
394.25,33.9600073596,14707,388.5,400.0
406.25,33.961871443208,14708,399.5,413.0
419.25,33.96372989219,14709,412.5,426.0
433.75,33.966166390991,14710,425.5,442.0
450.75,33.9678918938,14711,441.5,460.0
471.75,33.969750175889,14712,459.5,484.0
496.25,33.971660143153,14713,483.5,509.0
523.25,33.973342273649,14714,508.5,538.0
554.75,33.975252793248,14715,537.5,572.0
590.75,33.979132209237,14716,571.5,610.0
632.75,33.980995541827,14717,609.5,656.0
685.25,33.982853875573,14718,655.5,715.0
750.25,33.984763660049,14719,714.5,786.0
833.0,33.987170543289,14720,785.5,880.5
384.25,33.99174264075,14722,379.5,389.0
394.25,33.993606374677,14723,388.5,400.0
406.25,33.995464692529,14724,399.5,413.0
419.25,33.997374409453,14725,412.5,426.0
433.75,33.999814007696,14726,425.5,442.0
450.75,34.001677709834,14727,441.5,460.0
471.75,34.003536409156,14728,459.5,484.0
496.25,34.005447707589,14729,483.5,509.0
523.25,34.007129774507,14730,508.5,538.0
554.75,34.009041374938,14731,537.5,572.0
590.75,34.012931340949,14732,571.5,610.0
632.75,34.014795074876,14733,609.5,656.0
685.25,34.016659460481,14734,655.5,715.0
750.25,34.018517293549,14735,714.5,786.0
833.0,34.020958624299,14736,785.5,880.5
384.25,34.027031876659,14738,379.5,389.0
394.25,34.028896357632,14739,388.5,400.0
406.25,34.030754274146,14740,399.5,413.0
419.25,34.03266639115,14741,412.5,426.0
433.75,34.035127391434,14742,425.5,442.0
450.75,34.036842292563,14743,441.5,460.0
471.75,34.038713226732,14744,459.5,484.0
496.25,34.040571560478,14745,483.5,509.0
523.25,34.042253957208,14746,508.5,538.0
554.75,34.044166292763,14747,537.5,572.0
590.75,34.048046543217,14748,571.5,610.0
632.75,34.04991052351,14749,609.5,656.0
685.25,34.05176984272,14750,655.5,715.0
750.25,34.053679376856,14751,714.5,786.0
833.0,34.05608352623,14752,785.5,880.5
384.25,34.060654173311,14754,379.5,389.0
394.25,34.062518856939,14755,388.5,400.0
406.25,34.064377456919,14756,399.5,413.0
419.25,34.066287626839,14757,412.5,426.0
433.75,34.068763492521,14758,425.5,442.0
450.75,34.070626908557,14759,441.5,460.0
471.75,34.072485226409,14760,459.5,484.0
496.25,34.074394760545,14761,483.5,509.0
523.25,34.076077193038,14762,508.5,538.0
554.75,34.077988507366,14763,537.5,572.0
590.75,34.081877726332,14764,571.5,610.0
632.75,34.083741392708,14765,609.5,656.0
685.25,34.085605357107,14766,655.5,715.0
750.25,34.087463607407,14767,714.5,786.0
833.0,34.089842273808,14768,785.5,880.5
384.25,34.095911576366,14770,379.5,389.0
394.25,34.097782641665,14771,388.5,400.0
406.25,34.099640609837,14772,399.5,413.0
419.25,34.101551824824,14773,412.5,426.0
433.75,34.104044407622,14774,425.5,442.0
450.75,34.105731858826,14775,441.5,460.0
471.75,34.10759602588,14776,459.5,484.0
496.25,34.109453791396,14777,483.5,509.0
523.25,34.111136140442,14778,508.5,538.0
554.75,34.113047641532,14779,537.5,572.0
590.75,34.11692670784,14780,571.5,610.0
632.75,34.118790326532,14781,609.5,656.0
685.25,34.120648707962,14782,655.5,715.0
750.25,34.122560173289,14783,714.5,786.0
833.0,34.124917290624,14784,785.5,880.5
384.25,34.129487607892,14786,379.5,389.0
394.25,34.131352557755,14787,388.5,400.0
406.25,34.13321524264,14788,399.5,413.0
419.25,34.135073659833,14789,412.5,426.0
433.75,34.137610159334,14790,425.5,442.0
450.75,34.139473726368,14791,441.5,460.0
471.75,34.141331992563,14792,459.5,484.0
496.25,34.143241792933,14793,483.5,509.0
523.25,34.144923557854,14794,508.5,538.0
554.75,34.146836608664,14795,537.5,572.0
590.75,34.15072514019,14796,571.5,610.0
632.75,34.15258869133,14797,609.5,656.0
685.25,34.154458993689,14798,655.5,715.0
750.25,34.156317009544,14799,714.5,786.0
833.0,34.158733075873,14800,785.5,880.5
384.25,34.163318242645,14802,379.5,389.0
394.25,34.165182040151,14803,388.5,400.0
406.25,34.167040342108,14804,399.5,413.0
419.25,34.168951676305,14805,412.5,426.0
433.75,34.17149542373,14806,425.5,442.0
450.75,34.173182926591,14807,441.5,460.0
471.75,34.175046990331,14808,459.5,484.0
496.25,34.176904990292,14809,483.5,509.0
523.25,34.178593474642,14810,508.5,538.0
554.75,34.180335158126,14811,537.5,572.0
590.75,34.184224106884,14812,571.5,610.0
632.75,34.186088158703,14813,609.5,656.0
685.25,34.187946075217,14814,655.5,715.0
750.25,34.189867057419,14815,714.5,786.0
833.0,34.192305360254,14816,785.5,880.5
384.25,34.198407592392,14818,379.5,389.0
394.25,34.200278276221,14819,388.5,400.0
406.25,34.202142423407,14820,399.5,413.0
419.25,34.204000777022,14821,412.5,426.0
433.75,34.206593340651,14822,425.5,442.0
450.75,34.208456907686,14823,441.5,460.0
471.75,34.210315277195,14824,459.5,484.0
496.25,34.212226623313,14825,483.5,509.0
523.25,34.213908992227,14826,508.5,538.0
554.75,34.215775658703,14827,537.5,572.0
590.75,34.219670707003,14828,571.5,610.0
632.75,34.221534440931,14829,609.5,656.0
685.25,34.223399025218,14830,655.5,715.0
750.25,34.225261658446,14831,714.5,786.0
833.0,34.227658174451,14832,785.5,880.5
384.25,34.232236442979,14834,379.5,389.0
394.25,34.234100641823,14835,388.5,400.0
406.25,34.235958876228,14836,399.5,413.0
419.25,34.237869892534,14837,412.5,426.0
433.75,34.240489723301,14838,425.5,442.0
450.75,34.242353926118,14839,441.5,460.0
471.75,34.244212740676,14840,459.5,484.0
496.25,34.24612267615,14841,483.5,509.0
523.25,34.24780469141,14842,508.5,538.0
554.75,34.249731026109,14843,537.5,572.0
590.75,34.253620590782,14844,571.5,610.0
632.75,34.255484090265,14845,609.5,656.0
685.25,34.257348924891,14846,655.5,715.0
750.25,34.259207008298,14847,714.5,786.0
833.0,34.26162466011,14848,785.5,880.5
384.25,34.267721476173,14850,379.5,389.0
394.25,34.269585559781,14851,388.5,400.0
406.25,34.271450243409,14852,399.5,413.0
419.25,34.273308223502,14853,412.5,426.0
433.75,34.275952241834,14854,425.5,442.0
450.75,34.277815610186,14855,441.5,460.0
471.75,34.279673792934,14856,459.5,484.0
496.25,34.281584125773,14857,483.5,509.0
523.25,34.283266542371,14858,508.5,538.0
554.75,34.285153943316,14859,537.5,572.0
590.75,34.289051840719,14860,571.5,610.0
632.75,34.290914942837,14861,609.5,656.0
685.25,34.292779940383,14862,655.5,715.0
750.25,34.294637674109,14863,714.5,786.0
833.0,34.297054924583,14864,785.5,880.5
384.25,34.30166646045,14866,379.5,389.0
394.25,34.30352509222,14867,388.5,400.0
406.25,34.305440423902,14868,399.5,413.0
419.25,34.307298725859,14869,412.5,426.0
433.75,34.309913875675,14870,425.5,442.0
450.75,34.311778241412,14871,441.5,460.0
471.75,34.313636090374,14872,459.5,484.0
496.25,34.315564757601,14873,483.5,509.0
523.25,34.317247043069,14874,508.5,538.0
554.75,34.319067790127,14875,537.5,572.0
590.75,34.322950357215,14876,571.5,610.0
632.75,34.324814373271,14877,609.5,656.0
685.25,34.326678242302,14878,655.5,715.0
750.25,34.328537358856,14879,714.5,786.0
833.0,34.331033573564,14880,785.5,880.5
384.25,34.335656025028,14882,379.5,389.0
394.25,34.33752062521,14883,388.5,400.0
406.25,34.339378291384,14884,399.5,413.0
419.25,34.341290340837,14885,412.5,426.0
433.75,34.343961590544,14886,425.5,442.0
450.75,34.345825193342,14887,441.5,460.0
471.75,34.347689225292,14888,459.5,484.0
496.25,34.34954705836,14889,483.5,509.0
523.25,34.351234473801,14890,508.5,538.0
554.75,34.353061089929,14891,537.5,572.0
590.75,34.356949792322,14892,571.5,610.0
632.75,34.358813192463,14893,609.5,656.0
685.25,34.36067730786,14894,655.5,715.0
750.25,34.362535589949,14895,714.5,786.0
833.0,34.364958673731,14896,785.5,880.5
384.25,34.37104979159,14898,379.5,389.0
394.25,34.372914109643,14899,388.5,400.0
406.25,34.374772673861,14900,399.5,413.0
419.25,34.376683590825,14901,412.5,426.0
433.75,34.379297707494,14902,425.5,442.0
450.75,34.381107109801,14903,441.5,460.0
471.75,34.382971006648,14904,459.5,484.0
496.25,34.384828958925,14905,483.5,509.0
523.25,34.386511109289,14906,508.5,538.0
554.75,34.388193275547,14907,537.5,572.0
590.75,34.392081425603,14908,571.5,610.0
632.75,34.393945473448,14909,609.5,656.0
685.25,34.395809493478,14910,655.5,715.0
750.25,34.397667441781,14911,714.5,786.0
833.0,34.400007043298,14912,785.5,880.5
384.25,34.404601973311,14914,379.5,389.0
394.25,34.406459893799,14915,388.5,400.0
406.25,34.408375809606,14916,399.5,413.0
419.25,34.410234159247,14917,412.5,426.0
433.75,34.412921009477,14918,425.5,442.0
450.75,34.414733690039,14919,441.5,460.0
471.75,34.416597725964,14920,459.5,484.0
496.25,34.418456043816,14921,483.5,509.0
523.25,34.420144142723,14922,508.5,538.0
554.75,34.421826074537,14923,537.5,572.0
590.75,34.425714224593,14924,571.5,610.0
632.75,34.427577441947,14925,609.5,656.0
685.25,34.429435592906,14926,655.5,715.0
750.25,34.431359575208,14927,714.5,786.0
833.0,34.433766990916,14928,785.5,880.5
384.25,34.439864391104,14930,379.5,389.0
394.25,34.441728641605,14931,388.5,400.0
406.25,34.443587273375,14932,399.5,413.0
419.25,34.445499807612,14933,412.5,426.0
433.75,34.448254440244,14934,425.5,442.0
450.75,34.449972726917,14935,441.5,460.0
471.75,34.45183105669,14936,459.5,484.0
496.25,34.453740825272,14937,483.5,509.0
523.25,34.455423090871,14938,508.5,538.0
554.75,34.457105960464,14939,537.5,572.0
590.75,34.460996109263,14940,571.5,610.0
632.75,34.462859525299,14941,609.5,656.0
685.25,34.464717942492,14942,655.5,715.0
750.25,34.466628326988,14943,714.5,786.0
833.0,34.469113741334,14944,785.5,880.5
384.25,34.473742292341,14946,379.5,389.0
394.25,34.475606526947,14947,388.5,400.0
406.25,34.477470642344,14948,399.5,413.0
419.25,34.479328940328,14949,412.5,426.0
433.75,34.482207073784,14950,425.5,442.0
450.75,34.484071042156,14951,441.5,460.0
471.75,34.485929360008,14952,459.5,484.0
496.25,34.487839323298,14953,483.5,509.0
523.25,34.489521541214,14954,508.5,538.0
554.75,34.491432410494,14955,537.5,572.0
590.75,34.495311127122,14956,571.5,610.0
632.75,34.497176092879,14957,609.5,656.0
685.25,34.499034525967,14958,655.5,715.0
750.25,34.500944123681,14959,714.5,786.0
833.0,34.503328158474,14960,785.5,880.5
384.25,34.509461226082,14962,379.5,389.0
394.25,34.511325607713,14963,388.5,400.0
406.25,34.513183508333,14964,399.5,413.0
419.25,34.515104991213,14965,412.5,426.0
433.75,34.518077276166,14966,425.5,442.0
450.75,34.519941490904,14967,441.5,460.0
471.75,34.521805542723,14968,459.5,484.0
496.25,34.523667941507,14969,483.5,509.0
523.25,34.525349825637,14970,508.5,538.0
554.75,34.527243957933,14971,537.5,572.0
590.75,34.53112617534,14972,571.5,610.0
632.75,34.532989790058,14973,609.5,656.0
685.25,34.534853976981,14974,655.5,715.0
750.25,34.536712223307,14975,714.5,786.0
833.0,34.53913107516,14976,785.5,880.5
384.25,34.543761140124,14978,379.5,389.0
394.25,34.545625593281,14979,388.5,400.0
406.25,34.547489808019,14980,399.5,413.0
419.25,34.549347760296,14981,412.5,426.0
433.75,34.552659092363,14982,425.5,442.0
450.75,34.554522742844,14983,441.5,460.0
471.75,34.556381108379,14984,459.5,484.0
496.25,34.558291492875,14985,483.5,509.0
523.25,34.559973643239,14986,508.5,538.0
554.75,34.561886141713,14987,537.5,572.0
590.75,34.565774824238,14988,571.5,610.0
632.75,34.567637807147,14989,609.5,656.0
685.25,34.569496124999,14990,655.5,715.0
750.25,34.571406890965,14991,714.5,786.0
833.0,34.573865407721,14992,785.5,880.5
384.25,34.578513242817,14994,379.5,389.0
394.25,34.580371576564,14995,388.5,400.0
406.25,34.582299007988,14996,399.5,413.0
419.25,34.58415710729,14997,412.5,426.0
433.75,34.587447041289,14998,425.5,442.0
450.75,34.589310258643,14999,441.5,460.0
471.75,34.59117484293,15000,459.5,484.0
496.25,34.593032858785,15001,483.5,509.0
523.25,34.594720643775,15002,508.5,538.0
554.75,34.596579573568,15003,537.5,572.0
590.75,34.600472225761,15004,571.5,610.0
632.75,34.60233605903,15005,609.5,656.0
685.25,34.604194607353,15006,655.5,715.0
750.25,34.606104908403,15007,714.5,786.0
833.0,34.608635626252,15008,785.5,880.5
384.25,34.614806459363,15010,379.5,389.0
394.25,34.616670674102,15011,388.5,400.0
406.25,34.618534090137,15012,399.5,413.0
419.25,34.620392527199,15013,412.5,426.0
433.75,34.623957075691,15014,425.5,442.0
450.75,34.625820690409,15015,441.5,460.0
471.75,34.627679008261,15016,459.5,484.0
496.25,34.629590326564,15017,483.5,509.0
523.25,34.631273140526,15018,508.5,538.0
554.75,34.633184073385,15019,537.5,572.0
590.75,34.637086826579,15020,571.5,610.0
632.75,34.638950425402,15021,609.5,656.0
685.25,34.640808540599,15022,655.5,715.0
750.25,34.642733174578,15023,714.5,786.0
833.0,34.64534565808,15024,785.5,880.5
384.25,34.650025743262,15026,379.5,389.0
394.25,34.651890240129,15027,388.5,400.0
406.25,34.653754991309,15028,399.5,413.0
419.25,34.655612840271,15029,412.5,426.0
433.75,34.659206976509,15030,425.5,442.0
450.75,34.661070690568,15031,441.5,460.0
471.75,34.662940007464,15032,459.5,484.0
496.25,34.664798158423,15033,483.5,509.0
523.25,34.666480292892,15034,508.5,538.0
554.75,34.668405391788,15035,537.5,572.0
590.75,34.6722866436,15036,571.5,610.0
632.75,34.674150226529,15037,609.5,656.0
685.25,34.676009092744,15038,655.5,715.0
750.25,34.677918575223,15039,714.5,786.0
833.0,34.680558174864,15040,785.5,880.5
384.25,34.686786558247,15042,379.5,389.0
394.25,34.688644589996,15043,388.5,400.0
406.25,34.690564459578,15044,399.5,413.0
419.25,34.692422256883,15045,412.5,426.0
433.75,34.696302324549,15046,425.5,442.0
450.75,34.698165990925,15047,441.5,460.0
471.75,34.700030408319,15048,459.5,484.0
496.25,34.701888277149,15049,483.5,509.0
523.25,34.703576443609,15050,508.5,538.0
554.75,34.705435258166,15051,537.5,572.0
590.75,34.709318608061,15052,571.5,610.0
632.75,34.711182107544,15053,609.5,656.0
685.25,34.713040326055,15054,655.5,715.0
750.25,34.71495074234,15055,714.5,786.0
833.0,34.717700841045,15056,785.5,880.5
384.25,34.722446674124,15058,379.5,389.0
394.25,34.724305540339,15059,388.5,400.0
406.25,34.726220693207,15060,399.5,413.0
419.25,34.728079026953,15061,412.5,426.0
433.75,34.731967991606,15062,425.5,442.0
450.75,34.733831908321,15063,441.5,460.0
471.75,34.735689824835,15064,459.5,484.0
496.25,34.737600757694,15065,483.5,509.0
523.25,34.739283273633,15066,508.5,538.0
554.75,34.741193610446,15067,537.5,572.0
590.75,34.745083675798,15068,571.5,610.0
632.75,34.746947290516,15069,609.5,656.0
685.25,34.748812391376,15070,655.5,715.0
750.25,34.750670693334,15071,714.5,786.0
833.0,34.753334607697,15072,785.5,880.5
384.25,34.758107390022,15074,379.5,389.0
394.25,34.75997172397,15075,388.5,400.0
406.25,34.761831225967,15076,399.5,413.0
419.25,34.763741542912,15077,412.5,426.0
433.75,34.767633110301,15078,425.5,442.0
450.75,34.769496593889,15079,441.5,460.0
471.75,34.771360657628,15080,459.5,484.0
496.25,34.773218943691,15081,483.5,509.0
523.25,34.774906593577,15082,508.5,538.0
554.75,34.776765324688,15083,537.5,572.0
590.75,34.780648690478,15084,571.5,610.0
632.75,34.782512408511,15085,609.5,656.0
685.25,34.784376440461,15086,655.5,715.0
750.25,34.786235143757,15087,714.5,786.0
833.0,34.788944993432,15088,785.5,880.5
384.25,34.793739523506,15090,379.5,389.0
394.25,34.79560334088,15091,388.5,400.0
406.25,34.797470559692,15092,399.5,413.0
419.25,34.799329060332,15093,412.5,426.0
433.75,34.803214826202,15094,425.5,442.0
450.75,34.805078409131,15095,441.5,460.0
471.75,34.806942941761,15096,459.5,484.0
496.25,34.808800941722,15097,483.5,509.0
523.25,34.810488257821,15098,508.5,538.0
554.75,34.812347525374,15099,537.5,572.0
590.75,34.816229941463,15100,571.5,610.0
632.75,34.818094108518,15101,609.5,656.0
685.25,34.819957492765,15102,655.5,715.0
750.25,34.821815540409,15103,714.5,786.0
833.0,34.824491641935,15104,785.5,880.5
384.25,34.829289458211,15106,379.5,389.0
394.25,34.831153343137,15107,388.5,400.0
406.25,34.833011740462,15108,399.5,413.0
419.25,34.83492219251,15109,412.5,426.0
433.75,34.83881385924,15110,425.5,442.0
450.75,34.840676973279,15111,441.5,460.0
471.75,34.842541374779,15112,459.5,484.0
496.25,34.844399223741,15113,483.5,509.0
523.25,34.846081493314,15114,508.5,538.0
554.75,34.847993626213,15115,537.5,572.0
590.75,34.851878891404,15116,571.5,610.0
632.75,34.853741874313,15117,609.5,656.0
685.25,34.855599973615,15118,655.5,715.0
750.25,34.857511359469,15119,714.5,786.0
833.0,34.860160376644,15120,785.5,880.5
384.25,34.866447025553,15122,379.5,389.0
394.25,34.868311192608,15123,388.5,400.0
406.25,34.870169609801,15124,399.5,413.0
419.25,34.87208152415,15125,412.5,426.0
433.75,34.875961826261,15126,425.5,442.0
450.75,34.877826275444,15127,441.5,460.0
471.75,34.879684291299,15128,459.5,484.0
496.25,34.881596209621,15129,483.5,509.0
523.25,34.883278542773,15130,508.5,538.0
554.75,34.885191526031,15131,537.5,572.0
590.75,34.889077343559,15132,571.5,610.0
632.75,34.890940759595,15133,609.5,656.0
685.25,34.89280000728,15134,655.5,715.0
750.25,34.894709493732,15135,714.5,786.0
833.0,34.897390375551,15136,785.5,880.5
384.25,34.90216692489,15138,379.5,389.0
394.25,34.904025342083,15139,388.5,400.0
406.25,34.905943542735,15140,399.5,413.0
419.25,34.907801991717,15141,412.5,426.0
433.75,34.911693626658,15142,425.5,442.0
450.75,34.913556625462,15143,441.5,460.0
471.75,34.915420923646,15144,459.5,484.0
496.25,34.917279058711,15145,483.5,509.0
523.25,34.918967558956,15146,508.5,538.0
554.75,34.920826258278,15147,537.5,572.0
590.75,34.924709508832,15148,571.5,610.0
632.75,34.926573226865,15149,609.5,656.0
685.25,34.928437389946,15150,655.5,715.0
750.25,34.930295743561,15151,714.5,786.0
833.0,34.932911692079,15152,785.5,880.5
384.25,34.937796109931,15154,379.5,389.0
394.25,34.939660324669,15155,388.5,400.0
406.25,34.941524757957,15156,399.5,413.0
419.25,34.943382924811,15157,412.5,426.0
433.75,34.947275275008,15158,425.5,442.0
450.75,34.949138726807,15159,441.5,460.0
471.75,34.951003056781,15160,459.5,484.0
496.25,34.952861307081,15161,483.5,509.0
523.25,34.954543640232,15162,508.5,538.0
554.75,34.956454060491,15163,537.5,572.0
590.75,34.960341058191,15164,571.5,610.0
632.75,34.962204573568,15165,609.5,656.0
685.25,34.964063876883,15166,655.5,715.0
750.25,34.965974209722,15167,714.5,786.0
833.0,34.968617039935,15168,785.5,880.5
384.25,34.973447142061,15170,379.5,389.0
394.25,34.975311356799,15171,388.5,400.0
406.25,34.977170509116,15172,399.5,413.0
419.25,34.979080643272,15173,412.5,426.0
433.75,34.982974209404,15174,425.5,442.0
450.75,34.984837307549,15175,441.5,460.0
471.75,34.986695808188,15176,459.5,484.0
496.25,34.988605525112,15177,483.5,509.0
523.25,34.990288374837,15178,508.5,538.0
554.75,34.992206058915,15179,537.5,572.0
590.75,34.996089492257,15180,571.5,610.0
632.75,34.997953023529,15181,609.5,656.0
685.25,34.999817210452,15182,655.5,715.0
750.25,35.001675492541,15183,714.5,786.0
833.0,35.004337773736,15184,785.5,880.5
384.25,35.010739491399,15186,379.5,389.0
394.25,35.012603857136,15187,388.5,400.0
406.25,35.014461892859,15188,399.5,413.0
419.25,35.016383240636,15189,412.5,426.0
433.75,35.020272308604,15190,425.5,442.0
450.75,35.022136741893,15191,441.5,460.0
471.75,35.024000026798,15192,459.5,484.0
496.25,35.025858157889,15193,483.5,509.0
523.25,35.027545740223,15194,508.5,538.0
554.75,35.029404975986,15195,537.5,572.0
590.75,35.033303290621,15196,571.5,610.0
632.75,35.035167076206,15197,609.5,656.0
685.25,35.037025556978,15198,655.5,715.0
750.25,35.038935341454,15199,714.5,786.0
833.0,35.041633258279,15200,785.5,880.5
384.25,35.046513309097,15202,379.5,389.0
394.25,35.048377825832,15203,388.5,400.0
406.25,35.050236592706,15204,399.5,413.0
419.25,35.052146257973,15205,412.5,426.0
433.75,35.056037424024,15206,425.5,442.0
450.75,35.057900859928,15207,441.5,460.0
471.75,35.059759142017,15208,459.5,484.0
496.25,35.061670058982,15209,483.5,509.0
523.25,35.063352392133,15210,508.5,538.0
554.75,35.065263408438,15211,537.5,572.0
590.75,35.069153390344,15212,571.5,610.0
632.75,35.071017092482,15213,609.5,656.0
685.25,35.072874826209,15214,655.5,715.0
750.25,35.074786243852,15215,714.5,786.0
833.0,35.077579993025,15216,785.5,880.5
384.25,35.082515408611,15218,379.5,389.0
394.25,35.08437334102,15219,388.5,400.0
406.25,35.086289507167,15220,399.5,413.0
419.25,35.088147840913,15221,412.5,426.0
433.75,35.092036642647,15222,425.5,442.0
450.75,35.093899975236,15223,441.5,460.0
471.75,35.095763725058,15224,459.5,484.0
496.25,35.097621776676,15225,483.5,509.0
523.25,35.099304089959,15226,508.5,538.0
554.75,35.101216608302,15227,537.5,572.0
590.75,35.105102008597,15228,571.5,610.0
632.75,35.106965440528,15229,609.5,656.0
685.25,35.10883000892,15230,655.5,715.0
750.25,35.11068804067,15231,714.5,786.0
833.0,35.113634143289,15232,785.5,880.5
384.25,35.118629091994,15234,379.5,389.0
394.25,35.120492909368,15235,388.5,400.0
406.25,35.122359293715,15236,399.5,413.0
419.25,35.124217210229,15237,412.5,426.0
433.75,35.12810152572,15238,425.5,442.0
450.75,35.129965009308,15239,441.5,460.0
471.75,35.131823259608,15240,459.5,484.0
496.25,35.133733274555,15241,483.5,509.0
523.25,35.135415409025,15242,508.5,538.0
554.75,35.137325841204,15243,537.5,572.0
590.75,35.14121749204,15244,571.5,610.0
632.75,35.143081210073,15245,609.5,656.0
685.25,35.144944590346,15246,655.5,715.0
750.25,35.14680250686,15247,714.5,786.0
833.0,35.14995509189,15248,785.5,880.5
384.25,35.155023556964,15250,379.5,389.0
394.25,35.156887859122,15251,388.5,400.0
406.25,35.158752590434,15252,399.5,413.0
419.25,35.160610375818,15253,412.5,426.0
433.75,35.164499360339,15254,425.5,442.0
450.75,35.166362907505,15255,441.5,460.0
471.75,35.168226542091,15256,459.5,484.0
496.25,35.170084740734,15257,483.5,509.0
523.25,35.171767073886,15258,508.5,538.0
554.75,35.173678026613,15259,537.5,572.0
590.75,35.177565926329,15260,571.5,610.0
632.75,35.179429525153,15261,609.5,656.0
685.25,35.181293191528,15262,655.5,715.0
750.25,35.183151525275,15263,714.5,786.0
833.0,35.1866728604,15264,785.5,880.5
384.25,35.193450425084,15266,379.5,389.0
394.25,35.195314492798,15267,388.5,400.0
406.25,35.197179124769,15268,399.5,413.0
419.25,35.19903747441,15269,412.5,426.0
433.75,35.202933758513,15270,425.5,442.0
450.75,35.204797174549,15271,441.5,460.0
471.75,35.206667206701,15272,459.5,484.0
496.25,35.208525524553,15273,483.5,509.0
523.25,35.210213341331,15274,508.5,538.0
554.75,35.212071690973,15275,537.5,572.0
590.75,35.215964541848,15276,571.5,610.0
632.75,35.217827624098,15277,609.5,656.0
685.25,35.219692009703,15278,655.5,715.0
750.25,35.221550442791,15279,714.5,786.0
833.0,35.22522287569,15280,785.5,880.5
384.25,35.230371775246,15282,379.5,389.0
394.25,35.232235827065,15283,388.5,400.0
406.25,35.234094510492,15284,399.5,413.0
419.25,35.236004124101,15285,412.5,426.0
433.75,35.239896708743,15286,425.5,442.0
450.75,35.241760406907,15287,441.5,460.0
471.75,35.243618708865,15288,459.5,484.0
496.25,35.24552912515,15289,483.5,509.0
523.25,35.247210941728,15290,508.5,538.0
554.75,35.249122073269,15291,537.5,572.0
590.75,35.253012460486,15292,571.5,610.0
632.75,35.254876325544,15293,609.5,656.0
685.25,35.256740456835,15294,655.5,715.0
750.25,35.258598889923,15295,714.5,786.0
833.0,35.26247289381,15296,785.5,880.5
384.25,35.267731775856,15298,379.5,389.0
394.25,35.269590574519,15299,388.5,400.0
406.25,35.271506224092,15300,399.5,413.0
419.25,35.27336462539,15301,412.5,426.0
433.75,35.277245277182,15302,425.5,442.0
450.75,35.279108907795,15303,441.5,460.0
471.75,35.280973909314,15304,459.5,484.0
496.25,35.282832258956,15305,483.5,509.0
523.25,35.284519308821,15306,508.5,538.0
554.75,35.286378107484,15307,537.5,572.0
590.75,35.290260758018,15308,571.5,610.0
632.75,35.292125024414,15309,609.5,656.0
685.25,35.293983310477,15310,655.5,715.0
750.25,35.29589425923,15311,714.5,786.0
833.0,35.299771175798,15312,785.5,880.5
384.25,35.305080423768,15314,379.5,389.0
394.25,35.306944225248,15315,388.5,400.0
406.25,35.308802857018,15316,399.5,413.0
419.25,35.310713857428,15317,412.5,426.0
433.75,35.314609207726,15318,425.5,442.0
450.75,35.316473259544,15319,441.5,460.0
471.75,35.318337959067,15320,459.5,484.0
496.25,35.320196292814,15321,483.5,509.0
523.25,35.321883676465,15322,508.5,538.0
554.75,35.323742093658,15323,537.5,572.0
590.75,35.327625276661,15324,571.5,610.0
632.75,35.329489574846,15325,609.5,656.0
685.25,35.331347876803,15326,655.5,715.0
750.25,35.333257510281,15327,714.5,786.0
833.0,35.33713667593,15328,785.5,880.5
384.25,35.344126409308,15330,379.5,389.0
394.25,35.345984325822,15331,388.5,400.0
406.25,35.347902458922,15332,399.5,413.0
419.25,35.349760792669,15333,412.5,426.0
433.75,35.353642024612,15334,425.5,442.0
450.75,35.355506223456,15335,441.5,460.0
471.75,35.357364577071,15336,459.5,484.0
496.25,35.35927419068,15337,483.5,509.0
523.25,35.360956507937,15338,508.5,538.0
554.75,35.36286710701,15339,537.5,572.0
590.75,35.366758324718,15340,571.5,610.0
632.75,35.368622277196,15341,609.5,656.0
685.25,35.370486325041,15342,655.5,715.0
750.25,35.372344340897,15343,714.5,786.0
833.0,35.376218726254,15344,785.5,880.5
384.25,35.381800975418,15346,379.5,389.0
394.25,35.38366494379,15347,388.5,400.0
406.25,35.38552335701,15348,399.5,413.0
419.25,35.38743302625,15349,412.5,426.0
433.75,35.391324291643,15350,425.5,442.0
450.75,35.393187874571,15351,441.5,460.0
471.75,35.39505192639,15352,459.5,484.0
496.25,35.396915457662,15353,483.5,509.0
523.25,35.398597910023,15354,508.5,538.0
554.75,35.400508807119,15355,537.5,572.0
590.75,35.404389574146,15356,571.5,610.0
632.75,35.406252974288,15357,609.5,656.0
685.25,35.408117224789,15358,655.5,715.0
750.25,35.409975010173,15359,714.5,786.0
833.0,35.41385000747,15360,785.5,880.5
384.25,35.419699158287,15362,379.5,389.0
394.25,35.421558791415,15363,388.5,400.0
406.25,35.423474210517,15364,399.5,413.0
419.25,35.425332607841,15365,412.5,426.0
433.75,35.429222307618,15366,425.5,442.0
450.75,35.431085858758,15367,441.5,460.0
471.75,35.432950125154,15368,459.5,484.0
496.25,35.434808359559,15369,483.5,509.0
523.25,35.436589076138,15370,508.5,538.0
554.75,35.438447843011,15371,537.5,572.0
590.75,35.442337407684,15372,571.5,610.0
632.75,35.444200907167,15373,609.5,656.0
685.25,35.446065125879,15374,655.5,715.0
750.25,35.447923407968,15375,714.5,786.0
833.0,35.451800908661,15376,785.5,880.5
384.25,35.458158709621,15378,379.5,389.0
394.25,35.460023023701,15379,388.5,400.0
406.25,35.461881242212,15380,399.5,413.0
419.25,35.463791674391,15381,412.5,426.0
433.75,35.467670708911,15382,425.5,442.0
450.75,35.469534343497,15383,441.5,460.0
471.75,35.471398041662,15384,459.5,484.0
496.25,35.473256291962,15385,483.5,509.0
523.25,35.47517290713,15386,508.5,538.0
554.75,35.477031256771,15387,537.5,572.0
590.75,35.48092004261,15388,571.5,610.0
632.75,35.482783792432,15389,609.5,656.0
685.25,35.484642042732,15390,655.5,715.0
750.25,35.486552093442,15391,714.5,786.0
833.0,35.490430174287,15392,785.5,880.5
384.25,35.49769167703,15394,379.5,389.0
394.25,35.499556173897,15395,388.5,400.0
406.25,35.501414356645,15396,399.5,413.0
419.25,35.503324224567,15397,412.5,426.0
433.75,35.507203108088,15398,425.5,442.0
450.75,35.50906757714,15399,441.5,460.0
471.75,35.510931974665,15400,459.5,484.0
496.25,35.512790125624,15401,483.5,509.0
523.25,35.514705743408,15402,508.5,538.0
554.75,35.516563890394,15403,537.5,572.0
590.75,35.520451424535,15404,571.5,610.0
632.75,35.522315492249,15405,609.5,656.0
685.25,35.524179643408,15406,655.5,715.0
750.25,35.526038191732,15407,714.5,786.0
833.0,35.529911810176,15408,785.5,880.5
384.25,35.53921877346,15410,379.5,389.0
394.25,35.541082507388,15411,388.5,400.0
406.25,35.54294732612,15412,399.5,413.0
419.25,35.544805524762,15413,412.5,426.0
433.75,35.548683824158,15414,425.5,442.0
450.75,35.550547124958,15415,441.5,460.0
471.75,35.552410926437,15416,459.5,484.0
496.25,35.554279575761,15417,483.5,509.0
523.25,35.556143842157,15418,508.5,538.0
554.75,35.558002108351,15419,537.5,572.0
590.75,35.561884023762,15420,571.5,610.0
632.75,35.563747141774,15421,609.5,656.0
685.25,35.565611340618,15422,655.5,715.0
750.25,35.567469773706,15423,714.5,786.0
833.0,35.571343773619,15424,785.5,880.5
384.25,35.579163906988,15426,379.5,389.0
394.25,35.581028125699,15427,388.5,400.0
406.25,35.582895423985,15428,399.5,413.0
419.25,35.584753940519,15429,412.5,426.0
433.75,35.588648941135,15430,425.5,442.0
450.75,35.590512524064,15431,441.5,460.0
471.75,35.592376607672,15432,459.5,484.0
496.25,35.594235442098,15433,483.5,509.0
523.25,35.596152510262,15434,508.5,538.0
554.75,35.598010907586,15435,537.5,572.0
590.75,35.601897941049,15436,571.5,610.0
632.75,35.603761440531,15437,609.5,656.0
685.25,35.605626410262,15438,655.5,715.0
750.25,35.607484259224,15439,714.5,786.0
833.0,35.611358942604,15440,785.5,880.5
384.25,35.620681291835,15442,379.5,389.0
394.25,35.622550040499,15443,388.5,400.0
406.25,35.624414008872,15444,399.5,413.0
419.25,35.626271873728,15445,412.5,426.0
433.75,35.630164625263,15446,425.5,442.0
450.75,35.632027993615,15447,441.5,460.0
471.75,35.633892093118,15448,459.5,484.0
496.25,35.635756291962,15449,483.5,509.0
523.25,35.637620641804,15450,508.5,538.0
554.75,35.639478693422,15451,537.5,572.0
590.75,35.643364026165,15452,571.5,610.0
632.75,35.645227656778,15453,609.5,656.0
685.25,35.647085843499,15454,655.5,715.0
750.25,35.649007290618,15455,714.5,786.0
833.0,35.652890191491,15456,785.5,880.5
384.25,35.660693790531,15458,379.5,389.0
394.25,35.662557743009,15459,388.5,400.0
406.25,35.664421941853,15460,399.5,413.0
419.25,35.666280593491,15461,412.5,426.0
433.75,35.670162059879,15462,425.5,442.0
450.75,35.672025424258,15463,441.5,460.0
471.75,35.673889627075,15464,459.5,484.0
496.25,35.67575354379,15465,483.5,509.0
523.25,35.677611523883,15466,508.5,538.0
554.75,35.67952295742,15467,537.5,572.0
590.75,35.683426608658,15468,571.5,610.0
632.75,35.685290139929,15469,609.5,656.0
685.25,35.687154223537,15470,655.5,715.0
750.25,35.689012557284,15471,714.5,786.0
833.0,35.692888559914,15472,785.5,880.5
384.25,35.70221184295,15474,379.5,389.0
394.25,35.704075557009,15475,388.5,400.0
406.25,35.705940109507,15476,399.5,413.0
419.25,35.707798359807,15477,412.5,426.0
433.75,35.711677124119,15478,425.5,442.0
450.75,35.7135417243,15479,441.5,460.0
471.75,35.71540565691,15480,459.5,484.0
496.25,35.71726980807,15481,483.5,509.0
523.25,35.719128042475,15482,508.5,538.0
554.75,35.721038458761,15483,537.5,572.0
590.75,35.724926342583,15484,571.5,610.0
632.75,35.726790223535,15485,609.5,656.0
685.25,35.728648740069,15486,655.5,715.0
750.25,35.730558393415,15487,714.5,786.0
833.0,35.734436760362,15488,785.5,880.5
384.25,35.742240625636,15490,379.5,389.0
394.25,35.744098991172,15491,388.5,400.0
406.25,35.746014640745,15492,399.5,413.0
419.25,35.747872990386,15493,412.5,426.0
433.75,35.751758776124,15494,425.5,442.0
450.75,35.75362219216,15495,441.5,460.0
471.75,35.75548647445,15496,459.5,484.0
496.25,35.757344724751,15497,483.5,509.0
523.25,35.759260374324,15498,508.5,538.0
554.75,35.761118807411,15499,537.5,572.0
590.75,35.765007692591,15500,571.5,610.0
632.75,35.766871192074,15501,609.5,656.0
685.25,35.76873482666,15502,655.5,715.0
750.25,35.770593124644,15503,714.5,786.0
833.0,35.77446874183,15504,785.5,880.5
384.25,35.783792124208,15506,379.5,389.0
394.25,35.785657225068,15507,388.5,400.0
406.25,35.787515109793,15508,399.5,413.0
419.25,35.789426475779,15509,412.5,426.0
433.75,35.793307226912,15510,425.5,442.0
450.75,35.795170909182,15511,441.5,460.0
471.75,35.797035493469,15512,459.5,484.0
496.25,35.798899759865,15513,483.5,509.0
523.25,35.800757759825,15514,508.5,538.0
554.75,35.802699559943,15515,537.5,572.0
590.75,35.806589160379,15516,571.5,610.0
632.75,35.80845354201,15517,609.5,656.0
685.25,35.810317641513,15518,655.5,715.0
750.25,35.812175673262,15519,714.5,786.0
833.0,35.816049824174,15520,785.5,880.5
384.25,35.823853427188,15522,379.5,389.0
394.25,35.825711923854,15523,388.5,400.0
406.25,35.827629242357,15524,399.5,413.0
419.25,35.82948754034,15525,412.5,426.0
433.75,35.833373393631,15526,425.5,442.0
450.75,35.835236877219,15527,441.5,460.0
471.75,35.837095326201,15528,459.5,484.0
496.25,35.839010542647,15529,483.5,509.0
523.25,35.840868824736,15530,508.5,538.0
554.75,35.842778724448,15531,537.5,572.0
590.75,35.846670307732,15532,571.5,610.0
632.75,35.848534923808,15533,609.5,656.0
685.25,35.85039311053,15534,655.5,715.0
750.25,35.852303073819,15535,714.5,786.0
833.0,35.856181941446,15536,785.5,880.5
384.25,35.864002174155,15538,379.5,389.0
394.25,35.865867259121,15539,388.5,400.0
406.25,35.867725660419,15540,399.5,413.0
419.25,35.869635889943,15541,412.5,426.0
433.75,35.873535790062,15542,425.5,442.0
450.75,35.875399774329,15543,441.5,460.0
471.75,35.877263873831,15544,459.5,484.0
496.25,35.879123010254,15545,483.5,509.0
523.25,35.881038560486,15546,508.5,538.0
554.75,35.882896842575,15547,537.5,572.0
590.75,35.886785890675,15548,571.5,610.0
632.75,35.888649791495,15549,609.5,656.0
685.25,35.890513875103,15550,655.5,715.0
750.25,35.892372324085,15551,714.5,786.0
833.0,35.89624629221,15552,785.5,880.5
384.25,35.904052958902,15554,379.5,389.0
394.25,35.90591089131,15555,388.5,400.0
406.25,35.907826123651,15556,399.5,413.0
419.25,35.909684441503,15557,412.5,426.0
433.75,35.913569225883,15558,425.5,442.0
450.75,35.915433377043,15559,441.5,460.0
471.75,35.917291257795,15560,459.5,484.0
496.25,35.919207626597,15561,483.5,509.0
523.25,35.9210655749,15562,508.5,538.0
554.75,35.922981725152,15563,537.5,572.0
590.75,35.926868325488,15564,571.5,610.0
632.75,35.928732242203,15565,609.5,656.0
685.25,35.930595674133,15566,655.5,715.0
750.25,35.932454258219,15567,714.5,786.0
833.0,35.936328210449,15568,785.5,880.5
384.25,35.945651008701,15570,379.5,389.0
394.25,35.947514826075,15571,388.5,400.0
406.25,35.949373024718,15572,399.5,413.0
419.25,35.951283441003,15573,412.5,426.0
433.75,35.955166775004,15574,425.5,442.0
450.75,35.957030274487,15575,441.5,460.0
471.75,35.958894858774,15576,459.5,484.0
496.25,35.960759860293,15577,483.5,509.0
523.25,35.96261854372,15578,508.5,538.0
554.75,35.964528491116,15579,537.5,572.0
590.75,35.968415941811,15580,571.5,610.0
632.75,35.970279639975,15581,609.5,656.0
685.25,35.97213799359,15582,655.5,715.0
750.25,35.974047476069,15583,714.5,786.0
833.0,35.977926391379,15584,785.5,880.5
384.25,35.98573017718,15586,379.5,389.0
394.25,35.987589691099,15587,388.5,400.0
406.25,35.989505090332,15588,399.5,413.0
419.25,35.991363006846,15589,412.5,426.0
433.75,35.995248025672,15590,425.5,442.0
450.75,35.997111525154,15591,441.5,460.0
471.75,35.998976443227,15592,459.5,484.0
496.25,36.000842593129,15593,483.5,509.0
523.25,36.002701626237,15594,508.5,538.0
554.75,36.004610925929,15595,537.5,572.0
590.75,36.00849799118,15596,571.5,610.0
632.75,36.010361824449,15597,609.5,656.0
685.25,36.012220925109,15598,655.5,715.0
750.25,36.014141009267,15599,714.5,786.0
833.0,36.018024510161,15600,785.5,880.5
384.25,36.025828756905,15602,379.5,389.0
394.25,36.027693059063,15603,388.5,400.0
406.25,36.029551007366,15604,399.5,413.0
419.25,36.03147432607,15605,412.5,426.0
433.75,36.035364741103,15606,425.5,442.0
450.75,36.037228109455,15607,441.5,460.0
471.75,36.039091275152,15608,459.5,484.0
496.25,36.040950125472,15609,483.5,509.0
523.25,36.042864710108,15610,508.5,538.0
554.75,36.04472294054,15611,537.5,572.0
590.75,36.048613009866,15612,571.5,610.0
632.75,36.050476509349,15613,609.5,656.0
685.25,36.052334890779,15614,655.5,715.0
750.25,36.054244758701,15615,714.5,786.0
833.0,36.058123526986,15616,785.5,880.5
384.25,36.06594377559,15618,379.5,389.0
394.25,36.067802192783,15619,388.5,400.0
406.25,36.0697196901,15620,399.5,413.0
419.25,36.07157819074,15621,412.5,426.0
433.75,36.075462343311,15622,425.5,442.0
450.75,36.07732570769,15623,441.5,460.0
471.75,36.079189707851,15624,459.5,484.0
496.25,36.081054292138,15625,483.5,509.0
523.25,36.082912693437,15626,508.5,538.0
554.75,36.084822525597,15627,537.5,572.0
590.75,36.088710925992,15628,571.5,610.0
632.75,36.090575124836,15629,609.5,656.0
685.25,36.092439709123,15630,655.5,715.0
750.25,36.094297959423,15631,714.5,786.0
833.0,36.098186924076,15632,785.5,880.5
384.25,36.10749485693,15634,379.5,389.0
394.25,36.10935837628,15635,388.5,400.0
406.25,36.111230224387,15636,399.5,413.0
419.25,36.113088407135,15637,412.5,426.0
433.75,36.11697670819,15638,425.5,442.0
450.75,36.118841109689,15639,441.5,460.0
471.75,36.120704875406,15640,459.5,484.0
496.25,36.122568891462,15641,483.5,509.0
523.25,36.124427225208,15642,508.5,538.0
554.75,36.126336457348,15643,537.5,572.0
590.75,36.130241809305,15644,571.5,610.0
632.75,36.132105741914,15645,609.5,656.0
685.25,36.133969793733,15646,655.5,715.0
750.25,36.135827809588,15647,714.5,786.0
833.0,36.139702806886,15648,785.5,880.5
384.25,36.147507375495,15650,379.5,389.0
394.25,36.149371359762,15651,388.5,400.0
406.25,36.151235558605,15652,399.5,413.0
419.25,36.153093908246,15653,412.5,426.0
433.75,36.15697514019,15654,425.5,442.0
450.75,36.158838540332,15655,441.5,460.0
471.75,36.160696858184,15656,459.5,484.0
496.25,36.162612126287,15657,483.5,509.0
523.25,36.16447029314,15658,508.5,538.0
554.75,36.166381774362,15659,537.5,572.0
590.75,36.170274343109,15660,571.5,610.0
632.75,36.172138057168,15661,609.5,656.0
685.25,36.174001608308,15662,655.5,715.0
750.25,36.175859874503,15663,714.5,786.0
833.0,36.179735491689,15664,785.5,880.5
384.25,36.189057674026,15666,379.5,389.0
394.25,36.1909225921,15667,388.5,400.0
406.25,36.192781140423,15668,399.5,413.0
419.25,36.194690758006,15669,412.5,426.0
433.75,36.198573460197,15670,425.5,442.0
450.75,36.200436860339,15671,441.5,460.0
471.75,36.202301210181,15672,459.5,484.0
496.25,36.204165309683,15673,483.5,509.0
523.25,36.206023977216,15674,508.5,538.0
554.75,36.207933507379,15675,537.5,572.0
590.75,36.211823076026,15676,571.5,610.0
632.75,36.213686476167,15677,609.5,656.0
685.25,36.215544976807,15678,655.5,715.0
750.25,36.217454709625,15679,714.5,786.0
833.0,36.221333191808,15680,785.5,880.5
384.25,36.22916094265,15682,379.5,389.0
394.25,36.23102522494,15683,388.5,400.0
406.25,36.232889773464,15684,399.5,413.0
419.25,36.234747391955,15685,412.5,426.0
433.75,36.23863907458,15686,425.5,442.0
450.75,36.240502526379,15687,441.5,460.0
471.75,36.242366876221,15688,459.5,484.0
496.25,36.24423649114,15689,483.5,509.0
523.25,36.24609495999,15690,508.5,538.0
554.75,36.248004724598,15691,537.5,572.0
590.75,36.251886993663,15692,571.5,610.0
632.75,36.25375064017,15693,609.5,656.0
685.25,36.255614858882,15694,655.5,715.0
750.25,36.257473073419,15695,714.5,786.0
833.0,36.261348090585,15696,785.5,880.5
384.25,36.269152623431,15698,379.5,389.0
394.25,36.2710168938,15699,388.5,400.0
406.25,36.27288117609,15700,399.5,413.0
419.25,36.274739656862,15701,412.5,426.0
433.75,36.278635591284,15702,425.5,442.0
450.75,36.280500159677,15703,441.5,460.0
471.75,36.282363742606,15704,459.5,484.0
496.25,36.284228243446,15705,483.5,509.0
523.25,36.286087058004,15706,508.5,538.0
554.75,36.288013174152,15707,537.5,572.0
590.75,36.29190262359,15708,571.5,610.0
632.75,36.293766190624,15709,609.5,656.0
685.25,36.295624524371,15710,655.5,715.0
750.25,36.297535592333,15711,714.5,786.0
833.0,36.301413057264,15712,785.5,880.5
384.25,36.309233524418,15714,379.5,389.0
394.25,36.311091925716,15715,388.5,400.0
406.25,36.31300852499,15716,399.5,413.0
419.25,36.314866858737,15717,412.5,426.0
433.75,36.318751774247,15718,425.5,442.0
450.75,36.320616108195,15719,441.5,460.0
471.75,36.322480410353,15720,459.5,484.0
496.25,36.324344410515,15721,483.5,509.0
523.25,36.326203058179,15722,508.5,538.0
554.75,36.328112675762,15723,537.5,572.0
590.75,36.332016760127,15724,571.5,610.0
632.75,36.333880327161,15725,609.5,656.0
685.25,36.335738041019,15726,655.5,715.0
750.25,36.337649108982,15727,714.5,786.0
833.0,36.341528274632,15728,785.5,880.5
384.25,36.350851223882,15730,379.5,389.0
394.25,36.352715140597,15731,388.5,400.0
406.25,36.354573490238,15732,399.5,413.0
419.25,36.356483775393,15733,412.5,426.0
433.75,36.36036684316,15734,425.5,442.0
450.75,36.362230410194,15735,441.5,460.0
471.75,36.36409442625,15736,459.5,484.0
496.25,36.36596199077,15737,483.5,509.0
523.25,36.367820256964,15738,508.5,538.0
554.75,36.369730426884,15739,537.5,572.0
590.75,36.373616125202,15740,571.5,610.0
632.75,36.375480026023,15741,609.5,656.0
685.25,36.377343124167,15742,655.5,715.0
750.25,36.379201640701,15743,714.5,786.0
833.0,36.383076177057,15744,785.5,880.5
384.25,36.390896723684,15746,379.5,389.0
394.25,36.392761025842,15747,388.5,400.0
406.25,36.394618942356,15748,399.5,413.0
419.25,36.396543707466,15749,412.5,426.0
433.75,36.400431825733,15750,425.5,442.0
450.75,36.402295376873,15751,441.5,460.0
471.75,36.404153575516,15752,459.5,484.0
496.25,36.406069340324,15753,483.5,509.0
523.25,36.407927658176,15754,508.5,538.0
554.75,36.409838757928,15755,537.5,572.0
590.75,36.413730841891,15756,571.5,610.0
632.75,36.415594377136,15757,609.5,656.0
685.25,36.417458893871,15758,655.5,715.0
750.25,36.419317907111,15759,714.5,786.0
833.0,36.423191708342,15760,785.5,880.5
384.25,36.431011507924,15762,379.5,389.0
394.25,36.432869857566,15763,388.5,400.0
406.25,36.434786889966,15764,399.5,413.0
419.25,36.43664492569,15765,412.5,426.0
433.75,36.440530759112,15766,425.5,442.0
450.75,36.442394326146,15767,441.5,460.0
471.75,36.444258540885,15768,459.5,484.0
496.25,36.446122624493,15769,483.5,509.0
523.25,36.447980942345,15770,508.5,538.0
554.75,36.449890675163,15771,537.5,572.0
590.75,36.453779373582,15772,571.5,610.0
632.75,36.455643290297,15773,609.5,656.0
685.25,36.457506857332,15774,655.5,715.0
750.25,36.459364793714,15775,714.5,786.0
833.0,36.463239791012,15776,785.5,880.5
384.25,36.47104315958,15778,379.5,389.0
394.25,36.47290747366,15779,388.5,400.0
406.25,36.474765807406,15780,399.5,413.0
419.25,36.476689277109,15781,412.5,426.0
433.75,36.480593858178,15782,425.5,442.0
450.75,36.482457373555,15783,441.5,460.0
471.75,36.484315373516,15784,459.5,484.0
496.25,36.486247426287,15785,483.5,509.0
523.25,36.488111927128,15786,508.5,538.0
554.75,36.48997002643,15787,537.5,572.0
590.75,36.493860107676,15788,571.5,610.0
632.75,36.495724040286,15789,609.5,656.0
685.25,36.497581841564,15790,655.5,715.0
750.25,36.499504874166,15791,714.5,786.0
833.0,36.503388092931,15792,785.5,880.5
384.25,36.512712707138,15794,379.5,389.0
394.25,36.514580724653,15795,388.5,400.0
406.25,36.516444609578,15796,399.5,413.0
419.25,36.518302692986,15797,412.5,426.0
433.75,36.522193274911,15798,425.5,442.0
450.75,36.52405685784,15799,441.5,460.0
471.75,36.525915191587,15800,459.5,484.0
496.25,36.527830392138,15801,483.5,509.0
523.25,36.529688908672,15802,508.5,538.0
554.75,36.531599909083,15803,537.5,572.0
590.75,36.535493157323,15804,571.5,610.0
632.75,36.537357376035,15805,609.5,656.0
685.25,36.539221940454,15806,655.5,715.0
750.25,36.541079773521,15807,714.5,786.0
833.0,36.544952708499,15808,785.5,880.5
384.25,36.552773143864,15810,379.5,389.0
394.25,36.554637807624,15811,388.5,400.0
406.25,36.556495823479,15812,399.5,413.0
419.25,36.558405774848,15813,412.5,426.0
433.75,36.562291890399,15814,425.5,442.0
450.75,36.564155274645,15815,441.5,460.0
471.75,36.566019358253,15816,459.5,484.0
496.25,36.567883576965,15817,483.5,509.0
523.25,36.569746957239,15818,508.5,538.0
554.75,36.571605290985,15819,537.5,572.0
590.75,36.57549081049,15820,571.5,610.0
632.75,36.577354707336,15821,609.5,656.0
685.25,36.579218477027,15822,655.5,715.0
750.25,36.581077275689,15823,714.5,786.0
833.0,36.584952225304,15824,785.5,880.5
384.25,36.592771341419,15826,379.5,389.0
394.25,36.594636927064,15827,388.5,400.0
406.25,36.596495741622,15828,399.5,413.0
419.25,36.598405442651,15829,412.5,426.0
433.75,36.602289809799,15830,425.5,442.0
450.75,36.604153209941,15831,441.5,460.0
471.75,36.606011643028,15832,459.5,484.0
496.25,36.607923160013,15833,483.5,509.0
523.25,36.609838324801,15834,508.5,538.0
554.75,36.611696575101,15835,537.5,572.0
590.75,36.615588309383,15836,571.5,610.0
632.75,36.617452309545,15837,609.5,656.0
685.25,36.619316174603,15838,655.5,715.0
750.25,36.621174059327,15839,714.5,786.0
833.0,36.625049426174,15840,785.5,880.5
384.25,36.63285370868,15842,379.5,389.0
394.25,36.634717359161,15843,388.5,400.0
406.25,36.636575259781,15844,399.5,413.0
419.25,36.638499524212,15845,412.5,426.0
433.75,36.64238774182,15846,425.5,442.0
450.75,36.644251710192,15847,441.5,460.0
471.75,36.646116910394,15848,459.5,484.0
496.25,36.647981876151,15849,483.5,509.0
523.25,36.649839808559,15850,508.5,538.0
554.75,36.651764243857,15851,537.5,572.0
590.75,36.655654809888,15852,571.5,610.0
632.75,36.657518273608,15853,609.5,656.0
685.25,36.659376627223,15854,655.5,715.0
750.25,36.661286558723,15855,714.5,786.0
833.0,36.665164210415,15856,785.5,880.5
384.25,36.672985043144,15858,379.5,389.0
394.25,36.674843293444,15859,388.5,400.0
406.25,36.676760158952,15860,399.5,413.0
419.25,36.678618290043,15861,412.5,426.0
433.75,36.682503340658,15862,425.5,442.0
450.75,36.684366808351,15863,441.5,460.0
471.75,36.686230792618,15864,459.5,484.0
496.25,36.688094908015,15865,483.5,509.0
523.25,36.689953309313,15866,508.5,538.0
554.75,36.691863340155,15867,537.5,572.0
590.75,36.695751708762,15868,571.5,610.0
632.75,36.697615124798,15869,609.5,656.0
685.25,36.699474110222,15870,655.5,715.0
750.25,36.701383576806,15871,714.5,786.0
833.0,36.70526275835,15872,785.5,880.5
384.25,36.714569010353,15874,379.5,389.0
394.25,36.716432489967,15875,388.5,400.0
406.25,36.718296593444,15876,399.5,413.0
419.25,36.720154907322,15877,412.5,426.0
433.75,36.72403517367,15878,425.5,442.0
450.75,36.725898740705,15879,441.5,460.0
471.75,36.727763658778,15880,459.5,484.0
496.25,36.729621658738,15881,483.5,509.0
523.25,36.731538341459,15882,508.5,538.0
554.75,36.733396623548,15883,537.5,572.0
590.75,36.737284058348,15884,571.5,610.0
632.75,36.739147573725,15885,609.5,656.0
685.25,36.741012058671,15886,655.5,715.0
750.25,36.742873758094,15887,714.5,786.0
833.0,36.746760958449,15888,785.5,880.5
384.25,36.754582808431,15890,379.5,389.0
394.25,36.756440860049,15891,388.5,400.0
406.25,36.758356008943,15892,399.5,413.0
419.25,36.76021469237,15893,412.5,426.0
433.75,36.764100259558,15894,425.5,442.0
450.75,36.76596379083,15895,441.5,460.0
471.75,36.767821993446,15896,459.5,484.0
496.25,36.769737476126,15897,483.5,509.0
523.25,36.771595273431,15898,508.5,538.0
554.75,36.773506508287,15899,537.5,572.0
590.75,36.777415142473,15900,571.5,610.0
632.75,36.779279341316,15901,609.5,656.0
685.25,36.781137758509,15902,655.5,715.0
750.25,36.783047407881,15903,714.5,786.0
833.0,36.786926656977,15904,785.5,880.5
384.25,36.79624907376,15906,379.5,389.0
394.25,36.798106906827,15907,388.5,400.0
406.25,36.800026557859,15908,399.5,413.0
419.25,36.801885074393,15909,412.5,426.0
433.75,36.8057652414,15910,425.5,442.0
450.75,36.807628740883,15911,441.5,460.0
471.75,36.80949332517,15912,459.5,484.0
496.25,36.811357106781,15913,483.5,509.0
523.25,36.813215440528,15914,508.5,538.0
554.75,36.815125276661,15915,537.5,572.0
590.75,36.819014173762,15916,571.5,610.0
632.75,36.820877740796,15917,609.5,656.0
685.25,36.822741943614,15918,655.5,715.0
750.25,36.824600273387,15919,714.5,786.0
833.0,36.828474591192,15920,785.5,880.5
384.25,36.83627774121,15922,379.5,389.0
394.25,36.838141407585,15923,388.5,400.0
406.25,36.839999443309,15924,399.5,413.0
419.25,36.841909641043,15925,412.5,426.0
433.75,36.845796491718,15926,425.5,442.0
450.75,36.847659907754,15927,441.5,460.0
471.75,36.849518460051,15928,459.5,484.0
496.25,36.851435023562,15929,483.5,509.0
523.25,36.85329285663,15930,508.5,538.0
554.75,36.855202657,15931,537.5,572.0
590.75,36.859096107896,15932,571.5,610.0
632.75,36.860960207399,15933,609.5,656.0
685.25,36.862818410015,15934,655.5,715.0
750.25,36.864740258471,15935,714.5,786.0
833.0,36.868622408326,15936,785.5,880.5
384.25,36.877946490065,15938,379.5,389.0
394.25,36.879810724672,15939,388.5,400.0
406.25,36.881674526151,15940,399.5,413.0
419.25,36.883533324814,15941,412.5,426.0
433.75,36.887411091741,15942,425.5,442.0
450.75,36.889274491882,15943,441.5,460.0
471.75,36.891138158258,15944,459.5,484.0
496.25,36.89300237697,15945,483.5,509.0
523.25,36.894860726611,15946,508.5,538.0
554.75,36.896772124386,15947,537.5,572.0
590.75,36.900660008208,15948,571.5,610.0
632.75,36.9025236269,15949,609.5,656.0
685.25,36.904381523546,15950,655.5,715.0
750.25,36.906291343784,15951,714.5,786.0
833.0,36.91017157437,15952,785.5,880.5
384.25,36.917991258717,15954,379.5,389.0
394.25,36.919855509218,15955,388.5,400.0
406.25,36.921719743824,15956,399.5,413.0
419.25,36.923578308042,15957,412.5,426.0
433.75,36.927475692844,15958,425.5,442.0
450.75,36.929339192327,15959,441.5,460.0
471.75,36.931197442627,15960,459.5,484.0
496.25,36.933113175646,15961,483.5,509.0
523.25,36.93497159284,15962,508.5,538.0
554.75,36.936881540235,15963,537.5,572.0
590.75,36.940776123619,15964,571.5,610.0
632.75,36.942639873441,15965,609.5,656.0
685.25,36.944503825919,15966,655.5,715.0
750.25,36.946361726538,15967,714.5,786.0
833.0,36.950235726452,15968,785.5,880.5
384.25,36.959542340056,15970,379.5,389.0
394.25,36.961412193394,15971,388.5,400.0
406.25,36.963270042356,15972,399.5,413.0
419.25,36.965181042767,15973,412.5,426.0
433.75,36.969075308259,15974,425.5,442.0
450.75,36.970939892546,15975,441.5,460.0
471.75,36.97280384105,15976,459.5,484.0
496.25,36.974667857107,15977,483.5,509.0
523.25,36.97652589283,15978,508.5,538.0
554.75,36.978435709095,15979,537.5,572.0
590.75,36.982324125385,15980,571.5,610.0
632.75,36.984187807655,15981,609.5,656.0
685.25,36.986046224848,15982,655.5,715.0
750.25,36.987957940515,15983,714.5,786.0
833.0,36.991834110037,15984,785.5,880.5
384.25,36.999654843426,15986,379.5,389.0
394.25,37.001518823719,15987,388.5,400.0
406.25,37.003383642451,15988,399.5,413.0
419.25,37.005242357667,15989,412.5,426.0
433.75,37.009123224036,15990,425.5,442.0
450.75,37.010986624177,15991,441.5,460.0
471.75,37.012850858784,15992,459.5,484.0
496.25,37.014714791393,15993,483.5,509.0
523.25,37.016573609924,15994,508.5,538.0
554.75,37.018484558678,15995,537.5,572.0
590.75,37.022371540483,15996,571.5,610.0
632.75,37.024235576407,15997,609.5,656.0
685.25,37.026093357817,15998,655.5,715.0
750.25,37.0280029754,15999,714.5,786.0
833.0,37.031882590071,16000,785.5,880.5
384.25,37.041206425444,16002,379.5,389.0
394.25,37.04306971035,16003,388.5,400.0
406.25,37.044941292222,16004,399.5,413.0
419.25,37.046799176947,16005,412.5,426.0
433.75,37.050688709831,16006,425.5,442.0
450.75,37.052553043779,16007,441.5,460.0
471.75,37.054416992283,16008,459.5,484.0
496.25,37.056281075891,16009,483.5,509.0
523.25,37.058139926211,16010,508.5,538.0
554.75,37.060049293454,16011,537.5,572.0
590.75,37.063937125619,16012,571.5,610.0
632.75,37.065802258269,16013,609.5,656.0
685.25,37.067665793514,16014,655.5,715.0
750.25,37.069524143155,16015,714.5,786.0
833.0,37.0733971735,16016,785.5,880.5
384.25,37.081201376534,16018,379.5,389.0
394.25,37.083065309143,16019,388.5,400.0
406.25,37.084929507987,16020,399.5,413.0
419.25,37.08678887488,16021,412.5,426.0
433.75,37.090670059141,16022,425.5,442.0
450.75,37.092533757305,16023,441.5,460.0
471.75,37.094397626336,16024,459.5,484.0
496.25,37.096262158966,16025,483.5,509.0
523.25,37.098120127138,16026,508.5,538.0
554.75,37.100030940787,16027,537.5,572.0
590.75,37.103918558375,16028,571.5,610.0
632.75,37.105782558537,16029,609.5,656.0
685.25,37.107640324052,16030,655.5,715.0
750.25,37.109562724845,16031,714.5,786.0
833.0,37.11344607474,16032,785.5,880.5
384.25,37.122769707457,16034,379.5,389.0
394.25,37.124634041405,16035,388.5,400.0
406.25,37.126505893485,16036,399.5,413.0
419.25,37.128363774236,16037,412.5,426.0
433.75,37.132250807699,16038,425.5,442.0
450.75,37.134114108499,16039,441.5,460.0
471.75,37.135973026371,16040,459.5,484.0
496.25,37.137888226922,16041,483.5,509.0
523.25,37.139746556695,16042,508.5,538.0
554.75,37.141657493528,16043,537.5,572.0
590.75,37.14555034043,16044,571.5,610.0
632.75,37.147414257145,16045,609.5,656.0
685.25,37.149279576556,16046,655.5,715.0
750.25,37.151137357966,16047,714.5,786.0
833.0,37.155010658518,16048,785.5,880.5
384.25,37.162815290705,16050,379.5,389.0
394.25,37.164679592864,16051,388.5,400.0
406.25,37.166543593025,16052,399.5,413.0
419.25,37.168401724116,16053,412.5,426.0
433.75,37.172282840824,16054,425.5,442.0
450.75,37.174146558857,16055,441.5,460.0
471.75,37.176010606702,16056,459.5,484.0
496.25,37.177874642626,16057,483.5,509.0
523.25,37.179732857164,16058,508.5,538.0
554.75,37.181642490641,16059,537.5,572.0
590.75,37.185532591756,16060,571.5,610.0
632.75,37.18739619058,16061,609.5,656.0
685.25,37.189260858313,16062,655.5,715.0
750.25,37.191118492699,16063,714.5,786.0
833.0,37.194992790635,16064,785.5,880.5
384.25,37.204315040525,16066,379.5,389.0
394.25,37.20618567667,16067,388.5,400.0
406.25,37.208044109758,16068,399.5,413.0
419.25,37.209954426702,16069,412.5,426.0
433.75,37.213847774283,16070,425.5,442.0
450.75,37.215711492316,16071,441.5,460.0
471.75,37.217575742817,16072,459.5,484.0
496.25,37.219439941661,16073,483.5,509.0
523.25,37.221298656877,16074,508.5,538.0
554.75,37.223208759244,16075,537.5,572.0
590.75,37.227112859503,16076,571.5,610.0
632.75,37.228976458327,16077,609.5,656.0
685.25,37.230840490278,16078,655.5,715.0
750.25,37.232699257151,16079,714.5,786.0
833.0,37.236574290212,16080,785.5,880.5
384.25,37.244385892169,16082,379.5,389.0
394.25,37.246250357246,16083,388.5,400.0
406.25,37.248107991632,16084,399.5,413.0
419.25,37.250030042744,16085,412.5,426.0
433.75,37.253912860171,16086,425.5,442.0
450.75,37.255776427205,16087,441.5,460.0
471.75,37.257639942582,16088,459.5,484.0
496.25,37.25950440766,16089,483.5,509.0
523.25,37.26136205794,16090,508.5,538.0
554.75,37.263273408031,16091,537.5,572.0
590.75,37.267162058767,16092,571.5,610.0
632.75,37.269026424503,16093,609.5,656.0
685.25,37.270891207472,16094,655.5,715.0
750.25,37.272749191538,16095,714.5,786.0
833.0,37.276637858168,16096,785.5,880.5
384.25,37.285945540682,16098,379.5,389.0
394.25,37.287809608396,16099,388.5,400.0
406.25,37.289672690646,16100,399.5,413.0
419.25,37.291530925051,16101,412.5,426.0
433.75,37.295412876225,16102,425.5,442.0
450.75,37.297276375707,16103,441.5,460.0
471.75,37.299134641902,16104,459.5,484.0
496.25,37.301051841195,16105,483.5,509.0
523.25,37.302910143153,16106,508.5,538.0
554.75,37.304821191247,16107,537.5,572.0
590.75,37.308709591643,16108,571.5,610.0
632.75,37.31057332557,16109,609.5,656.0
685.25,37.31243160766,16110,655.5,715.0
750.25,37.314341241137,16111,714.5,786.0
833.0,37.318220724678,16112,785.5,880.5
384.25,37.326040858046,16114,379.5,389.0
394.25,37.327905541674,16115,388.5,400.0
406.25,37.329769724623,16116,399.5,413.0
419.25,37.331627875582,16117,412.5,426.0
433.75,37.3355096241,16118,425.5,442.0
450.75,37.337373290475,16119,441.5,460.0
471.75,37.339231008307,16120,459.5,484.0
496.25,37.341148207601,16121,483.5,509.0
523.25,37.343006326771,16122,508.5,538.0
554.75,37.34491594038,16123,537.5,572.0
590.75,37.348824193096,16124,571.5,610.0
632.75,37.350687875366,16125,609.5,656.0
685.25,37.352547540283,16126,655.5,715.0
750.25,37.354457523441,16127,714.5,786.0
833.0,37.358335806942,16128,785.5,880.5
384.25,37.36765927674,16130,379.5,389.0
394.25,37.369527941958,16131,388.5,400.0
406.25,37.371386307494,16132,399.5,413.0
419.25,37.373298690732,16133,412.5,426.0
433.75,37.377207026895,16134,425.5,442.0
450.75,37.379070510483,16135,441.5,460.0
471.75,37.380934176858,16136,459.5,484.0
496.25,37.382792526499,16137,483.5,509.0
523.25,37.38470920922,16138,508.5,538.0
554.75,37.386567542966,16139,537.5,572.0
590.75,37.390472290929,16140,571.5,610.0
632.75,37.392335842069,16141,609.5,656.0
685.25,37.394194140053,16142,655.5,715.0
750.25,37.396103757636,16143,714.5,786.0
833.0,37.399983725961,16144,785.5,880.5
384.25,37.407804542796,16146,379.5,389.0
394.25,37.409663691139,16147,388.5,400.0
406.25,37.411580540752,16148,399.5,413.0
419.25,37.413439240074,16149,412.5,426.0
433.75,37.417322709179,16150,425.5,442.0
450.75,37.419186625894,16151,441.5,460.0
471.75,37.421050292269,16152,459.5,484.0
496.25,37.422914991792,16153,483.5,509.0
523.25,37.424773309644,16154,508.5,538.0
554.75,37.426683725929,16155,537.5,572.0
590.75,37.430571609751,16156,571.5,610.0
632.75,37.432435359573,16157,609.5,656.0
685.25,37.434299224631,16158,655.5,715.0
750.25,37.436157109356,16159,714.5,786.0
833.0,37.440032043076,16160,785.5,880.5
384.25,37.449339276568,16162,379.5,389.0
394.25,37.451202875392,16163,388.5,400.0
406.25,37.453060891247,16164,399.5,413.0
419.25,37.454971224085,16165,412.5,426.0
433.75,37.458854573981,16166,425.5,442.0
450.75,37.460718057569,16167,441.5,460.0
471.75,37.462576792653,16168,459.5,484.0
496.25,37.464493475374,16169,483.5,509.0
523.25,37.46635145944,16170,508.5,538.0
554.75,37.468261275705,16171,537.5,572.0
590.75,37.472152759647,16172,571.5,610.0
632.75,37.474017073727,16173,609.5,656.0
685.25,37.475875391579,16174,655.5,715.0
750.25,37.477786626434,16175,714.5,786.0
833.0,37.481663924472,16176,785.5,880.5
384.25,37.489484741306,16178,379.5,389.0
394.25,37.491348359998,16179,388.5,400.0
406.25,37.493212991969,16180,399.5,413.0
419.25,37.495070924377,16181,412.5,426.0
433.75,37.498952875551,16182,425.5,442.0
450.75,37.500816239929,16183,441.5,460.0
471.75,37.502680156644,16184,459.5,484.0
496.25,37.504539690431,16185,483.5,509.0
523.25,37.506455224768,16186,508.5,538.0
554.75,37.508313908195,16187,537.5,572.0
590.75,37.512201875464,16188,571.5,610.0
632.75,37.51406589152,16189,609.5,656.0
685.25,37.515929593658,16190,655.5,715.0
750.25,37.517788026746,16191,714.5,786.0
833.0,37.521662924703,16192,785.5,880.5
384.25,37.530985842164,16194,379.5,389.0
394.25,37.53285049003,16195,388.5,400.0
406.25,37.534715042528,16196,399.5,413.0
419.25,37.536572724597,16197,412.5,426.0
433.75,37.540450793521,16198,425.5,442.0
450.75,37.542314209557,16199,441.5,460.0
471.75,37.544179326312,16200,459.5,484.0
496.25,37.546042992687,16201,483.5,509.0
523.25,37.547901326434,16202,508.5,538.0
554.75,37.549811226145,16203,537.5,572.0
590.75,37.553699690119,16204,571.5,610.0
632.75,37.555563308811,16205,609.5,656.0
685.25,37.557421960449,16206,655.5,715.0
750.25,37.5593316734,16207,714.5,786.0
833.0,37.563210326449,16208,785.5,880.5
384.25,37.571014990425,16210,379.5,389.0
394.25,37.572879340267,16211,388.5,400.0
406.25,37.574743407981,16212,399.5,413.0
419.25,37.576601360257,16213,412.5,426.0
433.75,37.580482675648,16214,425.5,442.0
450.75,37.582346691704,16215,441.5,460.0
471.75,37.58421092631,16216,459.5,484.0
496.25,37.58607580862,16217,483.5,509.0
523.25,37.587933776792,16218,508.5,538.0
554.75,37.589843593057,16219,537.5,572.0
590.75,37.593732259687,16220,571.5,610.0
632.75,37.595595790958,16221,609.5,656.0
685.25,37.597460208352,16222,655.5,715.0
750.25,37.599318156656,16223,714.5,786.0
833.0,37.603192108885,16224,785.5,880.5
384.25,37.61249880991,16226,379.5,389.0
394.25,37.614368158595,16227,388.5,400.0
406.25,37.616232126967,16228,399.5,413.0
419.25,37.618091024971,16229,412.5,426.0
433.75,37.621981042639,16230,425.5,442.0
450.75,37.623845241483,16231,441.5,460.0
471.75,37.625709074752,16232,459.5,484.0
496.25,37.627573357042,16233,483.5,509.0
523.25,37.629432060337,16234,508.5,538.0
554.75,37.631343160089,16235,537.5,572.0
590.75,37.635229975001,16236,571.5,610.0
632.75,37.637093542035,16237,609.5,656.0
685.25,37.638957959429,16238,655.5,715.0
750.25,37.64081655941,16239,714.5,786.0
833.0,37.644692490514,16240,785.5,880.5
384.25,37.652510943031,16242,379.5,389.0
394.25,37.65437490743,16243,388.5,400.0
406.25,37.65624004008,16244,399.5,413.0
419.25,37.658098373826,16245,412.5,426.0
433.75,37.661979109065,16246,425.5,442.0
450.75,37.663842576758,16247,441.5,460.0
471.75,37.665707474963,16248,459.5,484.0
496.25,37.667565407372,16249,483.5,509.0
523.25,37.669482626534,16250,508.5,538.0
554.75,37.671340423838,16251,537.5,572.0
590.75,37.675227910296,16252,571.5,610.0
632.75,37.677092208481,16253,609.5,656.0
685.25,37.678956192748,16254,655.5,715.0
750.25,37.680814343707,16255,714.5,786.0
833.0,37.68468897543,16256,785.5,880.5
384.25,37.694011459764,16258,379.5,389.0
394.25,37.695881710466,16259,388.5,400.0
406.25,37.697745591418,16260,399.5,413.0
419.25,37.699603523827,16261,412.5,426.0
433.75,37.703494574642,16262,425.5,442.0
450.75,37.705357974784,16263,441.5,460.0
471.75,37.707215974744,16264,459.5,484.0
496.25,37.70913466018,16265,483.5,509.0
523.25,37.710992759482,16266,508.5,538.0
554.75,37.712902826087,16267,537.5,572.0
590.75,37.716793392118,16268,571.5,610.0
632.75,37.718657606856,16269,609.5,656.0
685.25,37.720515559133,16270,655.5,715.0
750.25,37.722427541033,16271,714.5,786.0
833.0,37.726319509761,16272,785.5,880.5
384.25,37.734124658521,16274,379.5,389.0
394.25,37.735989024258,16275,388.5,400.0
406.25,37.737853457546,16276,399.5,413.0
419.25,37.739711660163,16277,412.5,426.0
433.75,37.74360761048,16278,425.5,442.0
450.75,37.74547129275,16279,441.5,460.0
471.75,37.747335606829,16280,459.5,484.0
496.25,37.749200509008,16281,483.5,509.0
523.25,37.751058707651,16282,508.5,538.0
554.75,37.752971174335,16283,537.5,572.0
590.75,37.756858291245,16284,571.5,610.0
632.75,37.758721774832,16285,609.5,656.0
685.25,37.760580692705,16286,655.5,715.0
750.25,37.762490524864,16287,714.5,786.0
833.0,37.766368510342,16288,785.5,880.5
384.25,37.775674774265,16290,379.5,389.0
394.25,37.777539024766,16291,388.5,400.0
406.25,37.779403040822,16292,399.5,413.0
419.25,37.781261442121,16293,412.5,426.0
433.75,37.785140643533,16294,425.5,442.0
450.75,37.787004643695,16295,441.5,460.0
471.75,37.788863056914,16296,459.5,484.0
496.25,37.790778392569,16297,483.5,509.0
523.25,37.792636257426,16298,508.5,538.0
554.75,37.794546308136,16299,537.5,572.0
590.75,37.798439508692,16300,571.5,610.0
632.75,37.800304041322,16301,609.5,656.0
685.25,37.802161890284,16302,655.5,715.0
750.25,37.804071690655,16303,714.5,786.0
833.0,37.807950156943,16304,785.5,880.5
384.25,37.815753990428,16306,379.5,389.0
394.25,37.817612256622,16307,388.5,400.0
406.25,37.819528323428,16308,399.5,413.0
419.25,37.821386907514,16309,412.5,426.0
433.75,37.825287876542,16310,425.5,442.0
450.75,37.827151674048,16311,441.5,460.0
471.75,37.829009725666,16312,459.5,484.0
496.25,37.830926626937,16313,483.5,509.0
523.25,37.832785290496,16314,508.5,538.0
554.75,37.834695293522,16315,537.5,572.0
590.75,37.838587957637,16316,571.5,610.0
632.75,37.840451941903,16317,609.5,656.0
685.25,37.842315957959,16318,655.5,715.0
750.25,37.844174156602,16319,714.5,786.0
833.0,37.848049324767,16320,785.5,880.5
384.25,37.857373474058,16322,379.5,389.0
394.25,37.859241090234,16323,388.5,400.0
406.25,37.861105392392,16324,399.5,413.0
419.25,37.862963277117,16325,412.5,426.0
433.75,37.866854359722,16326,425.5,442.0
450.75,37.868718208885,16327,441.5,460.0
471.75,37.870576375739,16328,459.5,484.0
496.25,37.872492160416,16329,483.5,509.0
523.25,37.874350490189,16330,508.5,538.0
554.75,37.876261776702,16331,537.5,572.0
590.75,37.88015315733,16332,571.5,610.0
632.75,37.882017042255,16333,609.5,656.0
685.25,37.883881042417,16334,655.5,715.0
750.25,37.885738891379,16335,714.5,786.0
833.0,37.889613376077,16336,785.5,880.5
384.25,37.897433926678,16338,379.5,389.0
394.25,37.899297708289,16339,388.5,400.0
406.25,37.90116640927,16340,399.5,413.0
419.25,37.903024806595,16341,412.5,426.0
433.75,37.906919242954,16342,425.5,442.0
450.75,37.908782643096,16343,441.5,460.0
471.75,37.910640992737,16344,459.5,484.0
496.25,37.912557174778,16345,483.5,509.0
523.25,37.914415456867,16346,508.5,538.0
554.75,37.916325877126,16347,537.5,572.0
590.75,37.920218640582,16348,571.5,610.0
632.75,37.922082140064,16349,609.5,656.0
685.25,37.923940076447,16350,655.5,715.0
750.25,37.925849940395,16351,714.5,786.0
833.0,37.929728859679,16352,785.5,880.5
384.25,37.939051975822,16354,379.5,389.0
394.25,37.940921725845,16355,388.5,400.0
406.25,37.942780091381,16356,399.5,413.0
419.25,37.94469017388,16357,412.5,426.0
433.75,37.948583875116,16358,425.5,442.0
450.75,37.950447541491,16359,441.5,460.0
471.75,37.952305974579,16360,459.5,484.0
496.25,37.954222740746,16361,483.5,509.0
523.25,37.956080677128,16362,508.5,538.0
554.75,37.957990723864,16363,537.5,572.0
590.75,37.961882990615,16364,571.5,610.0
632.75,37.963746891435,16365,609.5,656.0
685.25,37.965611209488,16366,655.5,715.0
750.25,37.967469642576,16367,714.5,786.0
833.0,37.971343559043,16368,785.5,880.5
384.25,37.979179026699,16370,379.5,389.0
394.25,37.981037308788,16371,388.5,400.0
406.25,37.982952974256,16372,399.5,413.0
419.25,37.984811009979,16373,412.5,426.0
433.75,37.988698810355,16374,425.5,442.0
450.75,37.99056307675,16375,441.5,460.0
471.75,37.992421410497,16376,459.5,484.0
496.25,37.994338009771,16377,483.5,509.0
523.25,37.996196208413,16378,508.5,538.0
554.75,37.998112859344,16379,537.5,572.0
590.75,38.001997925854,16380,571.5,610.0
632.75,38.003861592229,16381,609.5,656.0
685.25,38.00572019221,16382,655.5,715.0
750.25,38.007629690584,16383,714.5,786.0
833.0,38.011508542315,16384,785.5,880.5
384.25,38.02081439298,16386,379.5,389.0
394.25,38.022678659376,16387,388.5,400.0
406.25,38.024537891165,16388,399.5,413.0
419.25,38.026447373645,16389,412.5,426.0
433.75,38.030330691751,16390,425.5,442.0
450.75,38.032194342232,16391,441.5,460.0
471.75,38.034052608426,16392,459.5,484.0
496.25,38.035967657979,16393,483.5,509.0
523.25,38.037826524194,16394,508.5,538.0
554.75,38.039736408011,16395,537.5,572.0
590.75,38.043613924599,16396,571.5,610.0
632.75,38.045477710183,16397,609.5,656.0
685.25,38.047335924721,16398,655.5,715.0
750.25,38.049246356901,16399,714.5,786.0
833.0,38.053123440361,16400,785.5,880.5
384.25,38.060943625387,16402,379.5,389.0
394.25,38.06280782423,16403,388.5,400.0
406.25,38.064666142082,16404,399.5,413.0
419.25,38.066576157029,16405,412.5,426.0
433.75,38.070463091151,16406,425.5,442.0
450.75,38.072326109823,16407,441.5,460.0
471.75,38.074191008027,16408,459.5,484.0
496.25,38.076055143293,16409,483.5,509.0
523.25,38.077913024044,16410,508.5,538.0
554.75,38.079822907861,16411,537.5,572.0
590.75,38.083711590385,16412,571.5,610.0
632.75,38.085575542863,16413,609.5,656.0
685.25,38.087439026451,16414,655.5,715.0
750.25,38.089297360198,16415,714.5,786.0
833.0,38.093171741581,16416,785.5,880.5
384.25,38.100975793616,16418,379.5,389.0
394.25,38.102840107695,16419,388.5,400.0
406.25,38.104698441442,16420,399.5,413.0
419.25,38.106609457747,16421,412.5,426.0
433.75,38.110494273917,16422,425.5,442.0
450.75,38.112357173379,16423,441.5,460.0
471.75,38.114215542889,16424,459.5,484.0
496.25,38.116131275908,16425,483.5,509.0
523.25,38.117989573892,16426,508.5,538.0
554.75,38.119904023425,16427,537.5,572.0
590.75,38.123794275538,16428,571.5,610.0
632.75,38.125657274342,16429,609.5,656.0
685.25,38.127521659946,16430,655.5,715.0
750.25,38.129380093034,16431,714.5,786.0
833.0,38.133253639952,16432,785.5,880.5
384.25,38.141073459403,16434,379.5,389.0
394.25,38.142937741693,16435,388.5,400.0
406.25,38.14479642512,16436,399.5,413.0
419.25,38.146706277148,16437,412.5,426.0
433.75,38.150592209911,16438,425.5,442.0
450.75,38.152455610053,16439,441.5,460.0
471.75,38.154319673793,16440,459.5,484.0
496.25,38.156184341526,16441,483.5,509.0
523.25,38.158042790508,16442,508.5,538.0
554.75,38.159952642536,16443,537.5,572.0
590.75,38.163841042932,16444,571.5,610.0
632.75,38.165704756991,16445,609.5,656.0
685.25,38.167568792915,16446,655.5,715.0
750.25,38.169427643236,16447,714.5,786.0
833.0,38.173302008724,16448,785.5,880.5
384.25,38.182608876642,16450,379.5,389.0
394.25,38.184466892497,16451,388.5,400.0
406.25,38.18638494215,16452,399.5,413.0
419.25,38.188243490473,16453,412.5,426.0
433.75,38.192123474693,16454,425.5,442.0
450.75,38.193987542407,16455,441.5,460.0
471.75,38.195851975695,16456,459.5,484.0
496.25,38.197719190534,16457,483.5,509.0
523.25,38.199577325598,16458,508.5,538.0
554.75,38.201486875629,16459,537.5,572.0
590.75,38.205372959391,16460,571.5,610.0
632.75,38.207237356917,16461,609.5,656.0
685.25,38.209101126607,16462,655.5,715.0
750.25,38.210959293461,16463,714.5,786.0
833.0,38.214833575503,16464,785.5,880.5
384.25,38.222638342794,16466,379.5,389.0
394.25,38.224502541637,16467,388.5,400.0
406.25,38.226361074066,16468,399.5,413.0
419.25,38.228271756585,16469,412.5,426.0
433.75,38.232155742264,16470,425.5,442.0
450.75,38.234019293404,16471,441.5,460.0
471.75,38.23588270944,16472,459.5,484.0
496.25,38.237746876494,16473,483.5,509.0
523.25,38.239605393028,16474,508.5,538.0
554.75,38.241517208036,16475,537.5,572.0
590.75,38.245404225604,16476,571.5,610.0
632.75,38.247267725086,16477,609.5,656.0
685.25,38.249131808694,16478,655.5,715.0
750.25,38.250990225887,16479,714.5,786.0
833.0,38.254865541077,16480,785.5,880.5
384.25,38.262669326878,16482,379.5,389.0
394.25,38.264527724202,16483,388.5,400.0
406.25,38.266445324834,16484,399.5,413.0
419.25,38.268303241348,16485,412.5,426.0
433.75,38.272187974072,16486,425.5,442.0
450.75,38.274051143742,16487,441.5,460.0
471.75,38.275909707959,16488,459.5,484.0
496.25,38.277825576083,16489,483.5,509.0
523.25,38.279683889961,16490,508.5,538.0
554.75,38.281593141969,16491,537.5,572.0
590.75,38.285486374315,16492,571.5,610.0
632.75,38.287350473817,16493,609.5,656.0
685.25,38.289214640872,16494,655.5,715.0
750.25,38.291072676595,16495,714.5,786.0
833.0,38.29494677585,16496,785.5,880.5
384.25,38.302751225249,16498,379.5,389.0
394.25,38.304609292761,16499,388.5,400.0
406.25,38.306524990018,16500,399.5,413.0
419.25,38.308383625762,16501,412.5,426.0
433.75,38.312269240634,16502,425.5,442.0
450.75,38.314132473882,16503,441.5,460.0
471.75,38.315990577157,16504,459.5,484.0
496.25,38.317923492209,16505,483.5,509.0
523.25,38.319781825956,16506,508.5,538.0
554.75,38.321691610432,16507,537.5,572.0
590.75,38.32560057443,16508,571.5,610.0
632.75,38.32746412557,16509,609.5,656.0
685.25,38.329322292423,16510,655.5,715.0
750.25,38.331244891898,16511,714.5,786.0
833.0,38.33512867492,16512,785.5,880.5
384.25,38.344452510293,16514,379.5,389.0
394.25,38.346316041565,16515,388.5,400.0
406.25,38.348188024775,16516,399.5,413.0
419.25,38.350046426074,16517,412.5,426.0
433.75,38.353934560235,16518,425.5,442.0
450.75,38.355797475592,16519,441.5,460.0
471.75,38.357666943487,16520,459.5,484.0
496.25,38.35953127346,16521,483.5,509.0
523.25,38.361389559523,16522,508.5,538.0
554.75,38.363311109956,16523,537.5,572.0
590.75,38.367199740823,16524,571.5,610.0
632.75,38.369063542302,16525,609.5,656.0
685.25,38.370927176889,16526,655.5,715.0
750.25,38.372786007341,16527,714.5,786.0
833.0,38.376659943676,16528,785.5,880.5
384.25,38.384480239964,16530,379.5,389.0
394.25,38.38634434344,16531,388.5,400.0
406.25,38.388202677186,16532,399.5,413.0
419.25,38.390112390137,16533,412.5,426.0
433.75,38.393998907026,16534,425.5,442.0
450.75,38.39586307408,16535,441.5,460.0
471.75,38.397721360143,16536,459.5,484.0
496.25,38.399636393801,16537,483.5,509.0
523.25,38.401494723574,16538,508.5,538.0
554.75,38.40340475839,16539,537.5,572.0
590.75,38.407298507309,16540,571.5,610.0
632.75,38.409161593533,16541,609.5,656.0
685.25,38.411019843833,16542,655.5,715.0
750.25,38.412930375353,16543,714.5,786.0
833.0,38.416808909194,16544,785.5,880.5
384.25,38.426131143188,16546,379.5,389.0
394.25,38.427995123482,16547,388.5,400.0
406.25,38.429858924961,16548,399.5,413.0
419.25,38.431717274602,16549,412.5,426.0
433.75,38.435597076035,16550,425.5,442.0
450.75,38.437460726515,16551,441.5,460.0
471.75,38.439324810123,16552,459.5,484.0
496.25,38.441189159966,16553,483.5,509.0
523.25,38.443047740078,16554,508.5,538.0
554.75,38.444957743104,16555,537.5,572.0
590.75,38.448846493181,16556,571.5,610.0
632.75,38.450709790007,16557,609.5,656.0
685.25,38.45256772639,16558,655.5,715.0
750.25,38.454495424048,16559,714.5,786.0
833.0,38.458373357868,16560,785.5,880.5
384.25,38.466177660243,16562,379.5,389.0
394.25,38.468041191514,16563,388.5,400.0
406.25,38.469905891037,16564,399.5,413.0
419.25,38.47176370821,16565,412.5,426.0
433.75,38.475646275298,16566,425.5,442.0
450.75,38.477510223802,16567,441.5,460.0
471.75,38.479368640995,16568,459.5,484.0
496.25,38.481284473356,16569,483.5,509.0
523.25,38.483142660077,16570,508.5,538.0
554.75,38.485053592936,16571,537.5,572.0
590.75,38.488944043732,16572,571.5,610.0
632.75,38.490807340558,16573,609.5,656.0
685.25,38.492671440061,16574,655.5,715.0
750.25,38.494529793676,16575,714.5,786.0
833.0,38.498405160522,16576,785.5,880.5
384.25,38.506225607808,16578,379.5,389.0
394.25,38.508089675522,16579,388.5,400.0
406.25,38.50994772714,16580,399.5,413.0
419.25,38.51185815932,16581,412.5,426.0
433.75,38.515744358317,16582,425.5,442.0
450.75,38.5176078578,16583,441.5,460.0
471.75,38.51947235864,16584,459.5,484.0
496.25,38.521330843385,16585,483.5,509.0
523.25,38.523247442659,16586,508.5,538.0
554.75,38.5251057923,16587,537.5,572.0
590.75,38.528993274784,16588,571.5,610.0
632.75,38.530856873608,16589,609.5,656.0
685.25,38.532715207354,16590,655.5,715.0
750.25,38.534624908384,16591,714.5,786.0
833.0,38.538502973334,16592,785.5,880.5
384.25,38.547809940592,16594,379.5,389.0
394.25,38.549679273383,16595,388.5,400.0
406.25,38.551538227018,16596,399.5,413.0
419.25,38.553447757181,16597,412.5,426.0
433.75,38.557342292881,16598,425.5,442.0
450.75,38.559205776469,16599,441.5,460.0
471.75,38.561070173995,16600,459.5,484.0
496.25,38.562928591188,16601,483.5,509.0
523.25,38.564843875186,16602,508.5,538.0
554.75,38.566702093697,16603,537.5,572.0
590.75,38.570591491477,16604,571.5,610.0
632.75,38.57245569032,16605,609.5,656.0
685.25,38.574315057214,16606,655.5,715.0
750.25,38.576238960044,16607,714.5,786.0
833.0,38.580118308481,16608,785.5,880.5
384.25,38.587940043227,16610,379.5,389.0
394.25,38.589804126835,16611,388.5,400.0
406.25,38.591668758806,16612,399.5,413.0
419.25,38.593526973343,16613,412.5,426.0
433.75,38.59740725956,16614,425.5,442.0
450.75,38.599271625296,16615,441.5,460.0
471.75,38.601135542011,16616,459.5,484.0
496.25,38.602994392331,16617,483.5,509.0
523.25,38.604910339928,16618,508.5,538.0
554.75,38.606768359756,16619,537.5,572.0
590.75,38.610656056817,16620,571.5,610.0
632.75,38.612519842402,16621,609.5,656.0
685.25,38.614383957799,16622,655.5,715.0
750.25,38.616242208099,16623,714.5,786.0
833.0,38.620117225266,16624,785.5,880.5
384.25,38.629456192271,16626,379.5,389.0
394.25,38.631320407009,16627,388.5,400.0
406.25,38.633178291734,16628,399.5,413.0
419.25,38.635088906701,16629,412.5,426.0
433.75,38.638971859233,16630,425.5,442.0
450.75,38.640835426267,16631,441.5,460.0
471.75,38.642699541664,16632,459.5,484.0
496.25,38.644557410494,16633,483.5,509.0
523.25,38.646473942216,16634,508.5,538.0
554.75,38.648332176622,16635,537.5,572.0
590.75,38.652221475061,16636,571.5,610.0
632.75,38.654084990438,16637,609.5,656.0
685.25,38.655942875163,16638,655.5,715.0
750.25,38.657852643744,16639,714.5,786.0
833.0,38.66173129282,16640,785.5,880.5
384.25,38.669536076005,16642,379.5,389.0
394.25,38.671401109314,16643,388.5,400.0
406.25,38.673259276168,16644,399.5,413.0
419.25,38.675169390456,16645,412.5,426.0
433.75,38.679053725815,16646,425.5,442.0
450.75,38.680917308744,16647,441.5,460.0
471.75,38.68277567428,16648,459.5,484.0
496.25,38.684693191465,16649,483.5,509.0
523.25,38.686551227188,16650,508.5,538.0
554.75,38.688461075242,16651,537.5,572.0
590.75,38.692354307588,16652,571.5,610.0
632.75,38.694218756771,16653,609.5,656.0
685.25,38.696076657391,16654,655.5,715.0
750.25,38.697987693564,16655,714.5,786.0
833.0,38.701863525327,16656,785.5,880.5
384.25,38.711186959362,16658,379.5,389.0
394.25,38.713051142311,16659,388.5,400.0
406.25,38.714915293471,16660,399.5,413.0
419.25,38.716773309326,16661,412.5,426.0
433.75,38.720667773501,16662,425.5,442.0
450.75,38.722531193511,16663,441.5,460.0
471.75,38.724395392354,16664,459.5,484.0
496.25,38.726260759449,16665,483.5,509.0
523.25,38.728118775304,16666,508.5,538.0
554.75,38.730045292791,16667,537.5,572.0
590.75,38.73393399121,16668,571.5,610.0
632.75,38.735797427114,16669,609.5,656.0
685.25,38.737661073621,16670,655.5,715.0
750.25,38.739519407368,16671,714.5,786.0
833.0,38.743395306683,16672,785.5,880.5
384.25,38.751215126133,16674,379.5,389.0
394.25,38.753079126294,16675,388.5,400.0
406.25,38.754938159402,16676,399.5,413.0
419.25,38.756847423331,16677,412.5,426.0
433.75,38.760733459409,16678,425.5,442.0
450.75,38.762597392019,16679,441.5,460.0
471.75,38.764461459732,16680,459.5,484.0
496.25,38.766326477146,16681,483.5,509.0
523.25,38.768184457239,16682,508.5,538.0
554.75,38.770094424502,16683,537.5,572.0
590.75,38.773997992293,16684,571.5,610.0
632.75,38.775862091796,16685,609.5,656.0
685.25,38.777726175404,16686,655.5,715.0
750.25,38.779584441598,16687,714.5,786.0
833.0,38.783460026995,16688,785.5,880.5
384.25,38.792766243235,16690,379.5,389.0
394.25,38.794636009153,16691,388.5,400.0
406.25,38.796500041103,16692,399.5,413.0
419.25,38.798357941723,16693,412.5,426.0
433.75,38.802248591201,16694,425.5,442.0
450.75,38.804111991342,16695,441.5,460.0
471.75,38.805970356878,16696,459.5,484.0
496.25,38.807887075361,16697,483.5,509.0
523.25,38.809745059427,16698,508.5,538.0
554.75,38.811654839929,16699,537.5,572.0
590.75,38.815548092143,16700,571.5,610.0
632.75,38.817411575731,16701,609.5,656.0
685.25,38.819269706821,16702,655.5,715.0
750.25,38.821191173808,16703,714.5,786.0
833.0,38.825074627018,16704,785.5,880.5
384.25,38.832879342651,16706,379.5,389.0
394.25,38.834742941475,16707,388.5,400.0
406.25,38.836607541656,16708,399.5,413.0
419.25,38.838467357572,16709,412.5,426.0
433.75,38.842348974959,16710,425.5,442.0
450.75,38.844213559246,16711,441.5,460.0
471.75,38.846077841536,16712,459.5,484.0
496.25,38.84793600839,16713,483.5,509.0
523.25,38.849851693726,16714,508.5,538.0
554.75,38.851709908263,16715,537.5,572.0
590.75,38.855596425152,16716,571.5,610.0
632.75,38.857459924634,16717,609.5,656.0
685.25,38.8593179087,16718,655.5,715.0
750.25,38.861228042857,16719,714.5,786.0
833.0,38.865106910483,16720,785.5,880.5
384.25,38.874429859734,16722,379.5,389.0
394.25,38.876293824132,16723,388.5,400.0
406.25,38.878157323615,16724,399.5,413.0
419.25,38.880015657361,16725,412.5,426.0
433.75,38.883894707775,16726,425.5,442.0
450.75,38.885759025828,16727,441.5,460.0
471.75,38.887623693562,16728,459.5,484.0
496.25,38.889487491067,16729,483.5,509.0
523.25,38.891346524175,16730,508.5,538.0
554.75,38.893256141758,16731,537.5,572.0
590.75,38.897159908231,16732,571.5,610.0
632.75,38.899024424966,16733,609.5,656.0
685.25,38.900888075447,16734,655.5,715.0
750.25,38.902746524429,16735,714.5,786.0
833.0,38.906621275361,16736,785.5,880.5
384.25,38.914441559728,16738,379.5,389.0
394.25,38.916305925465,16739,388.5,400.0
406.25,38.918163774427,16740,399.5,413.0
419.25,38.920074643707,16741,412.5,426.0
433.75,38.923976176993,16742,425.5,442.0
450.75,38.92584067386,16743,441.5,460.0
471.75,38.927698526796,16744,459.5,484.0
496.25,38.929615292962,16745,483.5,509.0
523.25,38.931473606841,16746,508.5,538.0
554.75,38.933384042994,16747,537.5,572.0
590.75,38.93727569383,16748,571.5,610.0
632.75,38.939139141655,16749,609.5,656.0
685.25,38.940997507191,16750,655.5,715.0
750.25,38.94290904007,16751,714.5,786.0
833.0,38.94678612353,16752,785.5,880.5
384.25,38.954606940365,16754,379.5,389.0
394.25,38.956471425311,16755,388.5,400.0
406.25,38.958329059696,16756,399.5,413.0
419.25,38.960240676022,16757,412.5,426.0
433.75,38.964124943829,16758,425.5,442.0
450.75,38.965988260523,16759,441.5,460.0
471.75,38.96784710687,16760,459.5,484.0
496.25,38.969762124634,16761,483.5,509.0
523.25,38.971620657063,16762,508.5,538.0
554.75,38.97353234094,16763,537.5,572.0
590.75,38.9774236262,16764,571.5,610.0
632.75,38.979287407811,16765,609.5,656.0
685.25,38.981151757654,16766,655.5,715.0
750.25,38.983010043716,16767,714.5,786.0
833.0,38.986885056909,16768,785.5,880.5
384.25,38.994705341276,16770,379.5,389.0
394.25,38.996568959967,16771,388.5,400.0
406.25,38.998435674127,16772,399.5,413.0
419.25,39.000294441001,16773,412.5,426.0
433.75,39.004174007988,16774,425.5,442.0
450.75,39.006037559128,16775,441.5,460.0
471.75,39.007895892874,16776,459.5,484.0
496.25,39.009811025874,16777,483.5,509.0
523.25,39.011669474856,16778,508.5,538.0
554.75,39.013579275227,16779,537.5,572.0
590.75,39.017472924805,16780,571.5,610.0
632.75,39.01933659118,16781,609.5,656.0
685.25,39.021200710551,16782,655.5,715.0
750.25,39.023058956877,16783,714.5,786.0
833.0,39.026933290577,16784,785.5,880.5
384.25,39.036255476888,16786,379.5,389.0
394.25,39.038125723616,16787,388.5,400.0
406.25,39.039990307903,16788,399.5,413.0
419.25,39.041848740991,16789,412.5,426.0
433.75,39.045738226191,16790,425.5,442.0
450.75,39.047601773357,16791,441.5,460.0
471.75,39.049459991868,16792,459.5,484.0
496.25,39.051389207458,16793,483.5,509.0
523.25,39.0532475571,16794,508.5,538.0
554.75,39.055157425022,16795,537.5,572.0
590.75,39.059037576135,16796,571.5,610.0
632.75,39.060901174959,16797,609.5,656.0
685.25,39.062759858386,16798,655.5,715.0
750.25,39.064670942243,16799,714.5,786.0
833.0,39.068548009809,16800,785.5,880.5
384.25,39.076368842538,16802,379.5,389.0
394.25,39.078227792199,16803,388.5,400.0
406.25,39.080142809963,16804,399.5,413.0
419.25,39.082001207288,16805,412.5,426.0
433.75,39.085887140052,16806,425.5,442.0
450.75,39.087751624997,16807,441.5,460.0
471.75,39.089610157426,16808,459.5,484.0
496.25,39.091524940745,16809,483.5,509.0
523.25,39.093383310254,16810,508.5,538.0
554.75,39.095294493453,16811,537.5,572.0
590.75,39.099186140315,16812,571.5,610.0
632.75,39.101049691455,16813,609.5,656.0
685.25,39.102913143253,16814,655.5,715.0
750.25,39.104771592236,16815,714.5,786.0
833.0,39.108646041171,16816,785.5,880.5
384.25,39.11644989055,16818,379.5,389.0
394.25,39.118308959421,16819,388.5,400.0
406.25,39.120226107057,16820,399.5,413.0
419.25,39.122084091123,16821,412.5,426.0
433.75,39.125968390719,16822,425.5,442.0
450.75,39.127831993516,16823,441.5,460.0
471.75,39.129690323289,16824,459.5,484.0
496.25,39.131605273501,16825,483.5,509.0
523.25,39.13346364301,16826,508.5,538.0
554.75,39.135374559975,16827,537.5,572.0
590.75,39.139267406877,16828,571.5,610.0
632.75,39.141130890465,16829,609.5,656.0
685.25,39.142995391305,16830,655.5,715.0
750.25,39.14485340716,16831,714.5,786.0
833.0,39.14872820975,16832,785.5,880.5
384.25,39.156548641141,16834,379.5,389.0
394.25,39.158413241323,16835,388.5,400.0
406.25,39.160271575069,16836,399.5,413.0
419.25,39.162181693331,16837,412.5,426.0
433.75,39.166067109521,16838,425.5,442.0
450.75,39.167930291112,16839,441.5,460.0
471.75,39.169788541412,16840,459.5,484.0
496.25,39.171705824153,16841,483.5,509.0
523.25,39.173564142005,16842,508.5,538.0
554.75,39.175473942375,16843,537.5,572.0
590.75,39.179365708446,16844,571.5,610.0
632.75,39.181229124482,16845,609.5,656.0
685.25,39.183088725821,16846,655.5,715.0
750.25,39.184999142106,16847,714.5,786.0
833.0,39.188876126226,16848,785.5,880.5
384.25,39.198183776951,16850,379.5,389.0
394.25,39.200047590351,16851,388.5,400.0
406.25,39.201905808862,16852,399.5,413.0
419.25,39.203829226907,16853,412.5,426.0
433.75,39.207715342458,16854,425.5,442.0
450.75,39.209578742599,16855,441.5,460.0
471.75,39.211442893759,16856,459.5,484.0
496.25,39.213301223532,16857,483.5,509.0
523.25,39.215217441336,16858,508.5,538.0
554.75,39.217075759188,16859,537.5,572.0
590.75,39.220964159584,16860,571.5,610.0
632.75,39.222827925301,16861,609.5,656.0
685.25,39.224692342695,16862,655.5,715.0
750.25,39.226550207551,16863,714.5,786.0
833.0,39.230424724038,16864,785.5,880.5
384.25,39.238244873301,16866,379.5,389.0
394.25,39.240108956909,16867,388.5,400.0
406.25,39.241967358208,16868,399.5,413.0
419.25,39.24387722613,16869,412.5,426.0
433.75,39.247763890044,16870,425.5,442.0
450.75,39.249628259754,16871,441.5,460.0
471.75,39.251492426809,16872,459.5,484.0
496.25,39.253357090569,16873,483.5,509.0
523.25,39.255215742207,16874,508.5,538.0
554.75,39.257125777022,16875,537.5,572.0
590.75,39.261012226359,16876,571.5,610.0
632.75,39.26287625831,16877,609.5,656.0
685.25,39.264740723387,16878,655.5,715.0
750.25,39.266599057134,16879,714.5,786.0
833.0,39.270472973601,16880,785.5,880.5
384.25,39.278276759402,16882,379.5,389.0
394.25,39.280141625818,16883,388.5,400.0
406.25,39.282005943871,16884,399.5,413.0
419.25,39.283863876279,16885,412.5,426.0
433.75,39.287760009384,16886,425.5,442.0
450.75,39.289623691654,16887,441.5,460.0
471.75,39.291482406871,16888,459.5,484.0
496.25,39.293398692226,16889,483.5,509.0
523.25,39.295257025973,16890,508.5,538.0
554.75,39.297166707134,16891,537.5,572.0
590.75,39.301060591157,16892,571.5,610.0
632.75,39.302925076103,16893,609.5,656.0
685.25,39.30478294096,16894,655.5,715.0
750.25,39.306694541391,16895,714.5,786.0
833.0,39.310571473853,16896,785.5,880.5
384.25,39.318391925112,16898,379.5,389.0
394.25,39.320256223297,16899,388.5,400.0
406.25,39.322114159679,16900,399.5,413.0
419.25,39.324037124729,16901,412.5,426.0
433.75,39.327927043056,16902,425.5,442.0
450.75,39.329791257795,16903,441.5,460.0
471.75,39.331655357297,16904,459.5,484.0
496.25,39.333519524352,16905,483.5,509.0
523.25,39.335378259436,16906,508.5,538.0
554.75,39.337289160506,16907,537.5,572.0
590.75,39.341177874819,16908,571.5,610.0
632.75,39.343041759745,16909,609.5,656.0
685.25,39.344905859248,16910,655.5,715.0
750.25,39.346763890998,16911,714.5,786.0
833.0,39.350636575635,16912,785.5,880.5
384.25,39.359959175205,16914,379.5,389.0
394.25,39.361823425706,16915,388.5,400.0
406.25,39.363681989924,16916,399.5,413.0
419.25,39.365591424719,16917,412.5,426.0
433.75,39.369475624975,16918,425.5,442.0
450.75,39.371338925775,16919,441.5,460.0
471.75,39.373202874279,16920,459.5,484.0
496.25,39.375067557907,16921,483.5,509.0
523.25,39.376925792313,16922,508.5,538.0
554.75,39.378835890706,16923,537.5,572.0
590.75,39.382724342759,16924,571.5,610.0
632.75,39.384588009135,16925,609.5,656.0
685.25,39.386452358977,16926,655.5,715.0
750.25,39.388310573514,16927,714.5,786.0
833.0,39.392184676743,16928,785.5,880.5
384.25,39.399988573805,16930,379.5,389.0
394.25,39.401846609529,16931,388.5,400.0
406.25,39.403762493547,16932,399.5,413.0
419.25,39.405620557086,16933,412.5,426.0
433.75,39.409506056722,16934,425.5,442.0
450.75,39.411370458221,16935,441.5,460.0
471.75,39.41323451004,16936,459.5,484.0
496.25,39.415099825478,16937,483.5,509.0
523.25,39.416957924779,16938,508.5,538.0
554.75,39.418867923832,16939,537.5,572.0
590.75,39.42275601031,16940,571.5,610.0
632.75,39.424619958814,16941,609.5,656.0
685.25,39.426484125868,16942,655.5,715.0
750.25,39.428342459615,16943,714.5,786.0
833.0,39.432216376082,16944,785.5,880.5
384.25,39.440037208811,16946,379.5,389.0
394.25,39.441895459112,16947,388.5,400.0
406.25,39.443811708705,16948,399.5,413.0
419.25,39.445670443789,16949,412.5,426.0
433.75,39.449554957962,16950,425.5,442.0
450.75,39.451418473339,16951,441.5,460.0
471.75,39.453282425817,16952,459.5,484.0
496.25,39.455146108087,16953,483.5,509.0
523.25,39.45701055727,16954,508.5,538.0
554.75,39.458869292355,16955,537.5,572.0
590.75,39.462754291312,16956,571.5,610.0
632.75,39.464617941793,16957,609.5,656.0
685.25,39.466482077058,16958,655.5,715.0
750.25,39.468339890258,16959,714.5,786.0
833.0,39.472214692847,16960,785.5,880.5
384.25,39.480034492429,16962,379.5,389.0
394.25,39.48189972442,16963,388.5,400.0
406.25,39.483757640934,16964,399.5,413.0
419.25,39.485667457199,16965,412.5,426.0
433.75,39.489553274727,16966,425.5,442.0
450.75,39.49141674242,16967,441.5,460.0
471.75,39.493275692081,16968,459.5,484.0
496.25,39.495190773424,16969,483.5,509.0
523.25,39.49704910717,16970,508.5,538.0
554.75,39.498959173775,16971,537.5,572.0
590.75,39.502852890905,16972,571.5,610.0
632.75,39.504717475192,16973,609.5,656.0
685.25,39.5065815588,16974,655.5,715.0
750.25,39.508439590549,16975,714.5,786.0
833.0,39.512312708314,16976,785.5,880.5
384.25,39.521619560337,16978,379.5,389.0
394.25,39.523483357843,16979,388.5,400.0
406.25,39.525347556686,16980,399.5,413.0
419.25,39.527205775197,16981,412.5,426.0
433.75,39.531085207081,16982,425.5,442.0
450.75,39.532948742326,16983,441.5,460.0
471.75,39.534807060178,16984,459.5,484.0
496.25,39.536726290003,16985,483.5,509.0
523.25,39.538590409374,16986,508.5,538.0
554.75,39.540449124591,16987,537.5,572.0
590.75,39.544333825525,16988,571.5,610.0
632.75,39.546197241561,16989,609.5,656.0
685.25,39.548061607297,16990,655.5,715.0
750.25,39.549919956938,16991,714.5,786.0
833.0,39.55379495821,16992,785.5,880.5
384.25,39.561614892896,16994,379.5,389.0
394.25,39.563479191081,16995,388.5,400.0
406.25,39.56534384292,16996,399.5,413.0
419.25,39.567201858775,16997,412.5,426.0
433.75,39.571098742898,16998,425.5,442.0
450.75,39.572962226486,16999,441.5,460.0
471.75,39.574826393541,17000,459.5,484.0
496.25,39.5766850571,17001,483.5,509.0
523.25,39.578600273546,17002,508.5,538.0
554.75,39.580459159629,17003,537.5,572.0
590.75,39.584348740196,17004,571.5,610.0
632.75,39.586212275441,17005,609.5,656.0
685.25,39.588071674124,17006,655.5,715.0
750.25,39.589981275813,17007,714.5,786.0
833.0,39.593859559313,17008,785.5,880.5
384.25,39.601680006599,17010,379.5,389.0
394.25,39.603544574992,17011,388.5,400.0
406.25,39.605402908738,17012,399.5,413.0
419.25,39.607312275982,17013,412.5,426.0
433.75,39.611198757108,17014,425.5,442.0
450.75,39.613063341395,17015,441.5,460.0
471.75,39.614921575801,17016,459.5,484.0
496.25,39.616848208523,17017,483.5,509.0
523.25,39.618706375376,17018,508.5,538.0
554.75,39.620616426086,17019,537.5,572.0
590.75,39.62449765803,17020,571.5,610.0
632.75,39.626361141618,17021,609.5,656.0
685.25,39.628225324567,17022,655.5,715.0
750.25,39.630083908653,17023,714.5,786.0
833.0,39.633957674122,17024,785.5,880.5
384.25,39.641777890937,17026,379.5,389.0
394.25,39.643642193095,17027,388.5,400.0
406.25,39.645507142957,17028,399.5,413.0
419.25,39.64736581049,17029,412.5,426.0
433.75,39.651246676858,17030,425.5,442.0
450.75,39.653110160446,17031,441.5,460.0
471.75,39.654974693076,17032,459.5,484.0
496.25,39.656838824368,17033,483.5,509.0
523.25,39.658697042878,17034,508.5,538.0
554.75,39.660607991632,17035,537.5,572.0
590.75,39.664495593325,17036,571.5,610.0
632.75,39.666359192149,17037,609.5,656.0
685.25,39.668223239994,17038,655.5,715.0
750.25,39.670082908885,17039,714.5,786.0
833.0,39.673956308778,17040,785.5,880.5
384.25,39.683280390517,17042,379.5,389.0
394.25,39.685144593334,17043,388.5,400.0
406.25,39.687008406734,17044,399.5,413.0
419.25,39.688866692797,17045,412.5,426.0
433.75,39.692744976298,17046,425.5,442.0
450.75,39.694609175142,17047,441.5,460.0
471.75,39.696467540677,17048,459.5,484.0
496.25,39.698382474995,17049,483.5,509.0
523.25,39.700240808741,17050,508.5,538.0
554.75,39.702151443577,17051,537.5,572.0
590.75,39.706043793774,17052,571.5,610.0
632.75,39.707907476044,17053,609.5,656.0
685.25,39.709765825685,17054,655.5,715.0
750.25,39.7116758605,17055,714.5,786.0
833.0,39.715554326789,17056,785.5,880.5
384.25,39.723384175714,17058,379.5,389.0
394.25,39.725247842089,17059,388.5,400.0
406.25,39.727105909602,17060,399.5,413.0
419.25,39.72901722393,17061,412.5,426.0
433.75,39.73291020991,17062,425.5,442.0
450.75,39.734773776944,17063,441.5,460.0
471.75,39.736637177086,17064,459.5,484.0
496.25,39.738495610174,17065,483.5,509.0
523.25,39.740412857151,17066,508.5,538.0
554.75,39.742271675682,17067,537.5,572.0
590.75,39.746174691137,17068,571.5,610.0
632.75,39.748038373407,17069,609.5,656.0
685.25,39.749896675364,17070,655.5,715.0
750.25,39.751807107544,17071,714.5,786.0
833.0,39.755686193721,17072,785.5,880.5
384.25,39.76351425848,17074,379.5,389.0
394.25,39.765378993766,17075,388.5,400.0
406.25,39.767237343407,17076,399.5,413.0
419.25,39.76914709212,17077,412.5,426.0
433.75,39.773025776958,17078,425.5,442.0
450.75,39.774888843314,17079,441.5,460.0
471.75,39.776753542837,17080,459.5,484.0
496.25,39.778617542998,17081,483.5,509.0
523.25,39.780481590843,17082,508.5,538.0
554.75,39.782339658356,17083,537.5,572.0
590.75,39.786224057293,17084,571.5,610.0
632.75,39.788088824368,17085,609.5,656.0
685.25,39.789947174009,17086,655.5,715.0
750.25,39.791858508205,17087,714.5,786.0
833.0,39.795734574413,17088,785.5,880.5
384.25,39.803555025673,17090,379.5,389.0
394.25,39.805419458961,17091,388.5,400.0
406.25,39.807277156925,17092,399.5,413.0
419.25,39.809188741461,17093,412.5,426.0
433.75,39.813073792076,17094,425.5,442.0
450.75,39.814937243875,17095,441.5,460.0
471.75,39.816801426824,17096,459.5,484.0
496.25,39.818665458775,17097,483.5,509.0
523.25,39.820524273332,17098,508.5,538.0
554.75,39.822434792932,17099,537.5,572.0
590.75,39.826322092628,17100,571.5,610.0
632.75,39.828185691452,17101,609.5,656.0
685.25,39.830050176398,17102,655.5,715.0
750.25,39.831908124701,17103,714.5,786.0
833.0,39.835783392207,17104,785.5,880.5
384.25,39.845105423546,17106,379.5,389.0
394.25,39.84696970981,17107,388.5,400.0
406.25,39.848828341579,17108,399.5,413.0
419.25,39.850738376395,17109,412.5,426.0
433.75,39.85462210776,17110,425.5,442.0
450.75,39.856486143684,17111,441.5,460.0
471.75,39.858349790192,17112,459.5,484.0
496.25,39.860214374479,17113,483.5,509.0
523.25,39.862072175757,17114,508.5,538.0
554.75,39.863982206599,17115,537.5,572.0
590.75,39.867870026843,17116,571.5,610.0
632.75,39.869733959452,17117,609.5,656.0
685.25,39.871597609933,17118,655.5,715.0
750.25,39.873456424491,17119,714.5,786.0
833.0,39.877331076082,17120,785.5,880.5
384.25,39.885134857909,17122,379.5,389.0
394.25,39.886998540179,17123,388.5,400.0
406.25,39.888856341457,17124,399.5,413.0
419.25,39.890766543166,17125,412.5,426.0
433.75,39.894652460035,17126,425.5,442.0
450.75,39.896516909218,17127,441.5,460.0
471.75,39.898374742285,17128,459.5,484.0
496.25,39.90029105943,17129,483.5,509.0
523.25,39.902149373309,17130,508.5,538.0
554.75,39.904059292889,17131,537.5,572.0
590.75,39.907952342447,17132,571.5,610.0
632.75,39.909816159821,17133,609.5,656.0
685.25,39.911680024878,17134,655.5,715.0
750.25,39.913538291073,17135,714.5,786.0
833.0,39.917413491027,17136,785.5,880.5
384.25,39.926736309147,17138,379.5,389.0
394.25,39.928600591437,17139,388.5,400.0
406.25,39.930458507951,17140,399.5,413.0
419.25,39.932370024935,17141,412.5,426.0
433.75,39.93625144364,17142,425.5,442.0
450.75,39.938114792124,17143,441.5,460.0
471.75,39.939978990968,17144,459.5,484.0
496.25,39.9418468098,17145,483.5,509.0
523.25,39.943704940891,17146,508.5,538.0
554.75,39.945628374831,17147,537.5,572.0
590.75,39.949517641481,17148,571.5,610.0
632.75,39.95138109328,17149,609.5,656.0
685.25,39.953245407359,17150,655.5,715.0
750.25,39.95510337553,17151,714.5,786.0
833.0,39.958977991358,17152,785.5,880.5
384.25,39.966782142735,17154,379.5,389.0
394.25,39.968646742916,17155,388.5,400.0
406.25,39.970510675526,17156,399.5,413.0
419.25,39.972368607934,17157,412.5,426.0
433.75,39.976249208069,17158,425.5,442.0
450.75,39.978113275782,17159,441.5,460.0
471.75,39.979977991199,17160,459.5,484.0
496.25,39.981841756916,17161,483.5,509.0
523.25,39.983700090663,17162,508.5,538.0
554.75,39.98560972414,17163,537.5,572.0
590.75,39.989498843765,17164,571.5,610.0
632.75,39.991362593587,17165,609.5,656.0
685.25,39.993226808325,17166,655.5,715.0
750.25,39.995084824181,17167,714.5,786.0
833.0,39.998959257221,17168,785.5,880.5
